Date,PM10
2015-01-01,0.0
2015-01-02,0.0
2015-01-03,0.0
2015-01-04,0.0
2015-01-05,0.0
2015-01-06,0.0
2015-01-07,0.0
2015-01-08,0.0
2015-01-09,0.0
2015-01-10,0.0
2015-01-11,0.0
2015-01-12,0.0
2015-01-13,0.0
2015-01-14,0.0
2015-01-15,0.0
2015-01-16,0.0
2015-01-17,0.0
2015-01-18,0.0
2015-01-19,0.0
2015-01-20,0.0
2015-01-21,0.0
2015-01-22,0.0
2015-01-23,0.0
2015-01-24,0.0
2015-01-25,0.0
2015-01-26,0.0
2015-01-27,0.0
2015-01-28,0.0
2015-01-29,0.0
2015-01-30,0.0
2015-01-31,0.0
2015-02-01,0.0
2015-02-02,0.0
2015-02-03,0.0
2015-02-04,0.0
2015-02-05,0.0
2015-02-06,0.0
2015-02-07,0.0
2015-02-08,0.0
2015-02-09,0.0
2015-02-10,0.0
2015-02-11,0.0
2015-02-12,0.0
2015-02-13,0.0
2015-02-14,0.0
2015-02-15,0.0
2015-02-16,0.0
2015-02-17,0.0
2015-02-18,0.0
2015-02-19,0.0
2015-02-20,0.0
2015-02-21,0.0
2015-02-22,0.0
2015-02-23,0.0
2015-02-24,0.0
2015-02-25,0.0
2015-02-26,0.0
2015-02-27,0.0
2015-02-28,0.0
2015-03-01,0.0
2015-03-02,0.0
2015-03-03,0.0
2015-03-04,0.0
2015-03-05,0.0
2015-03-06,0.0
2015-03-07,0.0
2015-03-08,0.0
2015-03-09,0.0
2015-03-10,0.0
2015-03-11,0.0
2015-03-12,0.0
2015-03-13,0.0
2015-03-14,0.0
2015-03-15,0.0
2015-03-16,0.0
2015-03-17,0.0
2015-03-18,0.0
2015-03-19,0.0
2015-03-20,0.0
2015-03-21,0.0
2015-03-22,0.0
2015-03-23,0.0
2015-03-24,0.0
2015-03-25,0.0
2015-03-26,0.0
2015-03-27,0.0
2015-03-28,0.0
2015-03-29,0.0
2015-03-30,0.0
2015-03-31,0.0
2015-04-01,0.0
2015-04-02,0.0
2015-04-03,0.0
2015-04-04,0.0
2015-04-05,0.0
2015-04-06,0.0
2015-04-07,0.0
2015-04-08,0.0
2015-04-09,0.0
2015-04-10,0.0
2015-04-11,0.0
2015-04-12,0.0
2015-04-13,0.0
2015-04-14,0.0
2015-04-15,0.0
2015-04-16,0.0
2015-04-17,0.0
2015-04-18,0.0
2015-04-19,0.0
2015-04-20,0.0
2015-04-21,0.0
2015-04-22,0.0
2015-04-23,0.0
2015-04-24,0.0
2015-04-25,0.0
2015-04-26,0.0
2015-04-27,0.0
2015-04-28,0.0
2015-04-29,0.0
2015-04-30,0.0
2015-05-01,0.0
2015-05-02,0.0
2015-05-03,0.0
2015-05-04,0.0
2015-05-05,0.0
2015-05-06,0.0
2015-05-07,0.0
2015-05-08,0.0
2015-05-09,0.0
2015-05-10,0.0
2015-05-11,0.0
2015-05-12,0.0
2015-05-13,0.0
2015-05-14,0.0
2015-05-15,0.0
2015-05-16,0.0
2015-05-17,0.0
2015-05-18,0.0
2015-05-19,0.0
2015-05-20,0.0
2015-05-21,0.0
2015-05-22,0.0
2015-05-23,0.0
2015-05-24,0.0
2015-05-25,0.0
2015-05-26,0.0
2015-05-27,0.0
2015-05-28,0.0
2015-05-29,0.0
2015-05-30,0.0
2015-05-31,0.0
2015-06-01,0.0
2015-06-02,0.0
2015-06-03,0.0
2015-06-04,0.0
2015-06-05,0.0
2015-06-06,0.0
2015-06-07,0.0
2015-06-08,0.0
2015-06-09,0.0
2015-06-10,0.0
2015-06-11,0.0
2015-06-12,0.0
2015-06-13,0.0
2015-06-14,0.0
2015-06-15,0.0
2015-06-16,0.0
2015-06-17,0.0
2015-06-18,0.0
2015-06-19,0.0
2015-06-20,0.0
2015-06-21,0.0
2015-06-22,0.0
2015-06-23,0.0
2015-06-24,0.0
2015-06-25,0.0
2015-06-26,0.0
2015-06-27,0.0
2015-06-28,0.0
2015-06-29,0.0
2015-06-30,0.0
2015-07-01,0.0
2015-07-02,0.0
2015-07-03,0.0
2015-07-04,0.0
2015-07-05,0.0
2015-07-06,0.0
2015-07-07,0.0
2015-07-08,0.0
2015-07-09,0.0
2015-07-10,0.0
2015-07-11,0.0
2015-07-12,0.0
2015-07-13,0.0
2015-07-14,0.0
2015-07-15,0.0
2015-07-16,0.0
2015-07-17,0.0
2015-07-18,0.0
2015-07-19,0.0
2015-07-20,0.0
2015-07-21,0.0
2015-07-22,0.0
2015-07-23,0.0
2015-07-24,0.0
2015-07-25,0.0
2015-07-26,0.0
2015-07-27,0.0
2015-07-28,0.0
2015-07-29,0.0
2015-07-30,0.0
2015-07-31,0.0
2015-08-01,0.0
2015-08-02,0.0
2015-08-03,0.0
2015-08-04,0.0
2015-08-05,0.0
2015-08-06,0.0
2015-08-07,0.0
2015-08-08,0.0
2015-08-09,0.0
2015-08-10,0.0
2015-08-11,0.0
2015-08-12,0.0
2015-08-13,0.0
2015-08-14,0.0
2015-08-15,0.0
2015-08-16,0.0
2015-08-17,0.0
2015-08-18,0.0
2015-08-19,0.0
2015-08-20,0.0
2015-08-21,0.0
2015-08-22,0.0
2015-08-23,0.0
2015-08-24,0.0
2015-08-25,0.0
2015-08-26,0.0
2015-08-27,0.0
2015-08-28,0.0
2015-08-29,0.0
2015-08-30,0.0
2015-08-31,0.0
2015-09-01,0.0
2015-09-02,0.0
2015-09-03,0.0
2015-09-04,0.0
2015-09-05,0.0
2015-09-06,0.0
2015-09-07,0.0
2015-09-08,0.0
2015-09-09,0.0
2015-09-10,0.0
2015-09-11,0.0
2015-09-12,0.0
2015-09-13,0.0
2015-09-14,0.0
2015-09-15,0.0
2015-09-16,0.0
2015-09-17,0.0
2015-09-18,0.0
2015-09-19,0.0
2015-09-20,0.0
2015-09-21,0.0
2015-09-22,0.0
2015-09-23,0.0
2015-09-24,0.0
2015-09-25,0.0
2015-09-26,0.0
2015-09-27,0.0
2015-09-28,0.0
2015-09-29,0.0
2015-09-30,0.0
2015-10-01,0.0
2015-10-02,0.0
2015-10-03,0.0
2015-10-04,0.0
2015-10-05,0.0
2015-10-06,0.0
2015-10-07,0.0
2015-10-08,0.0
2015-10-09,0.0
2015-10-10,0.0
2015-10-11,0.0
2015-10-12,0.0
2015-10-13,0.0
2015-10-14,0.0
2015-10-15,0.0
2015-10-16,0.0
2015-10-17,0.0
2015-10-18,0.0
2015-10-19,0.0
2015-10-20,0.0
2015-10-21,0.0
2015-10-22,0.0
2015-10-23,0.0
2015-10-24,0.0
2015-10-25,0.0
2015-10-26,0.0
2015-10-27,0.0
2015-10-28,0.0
2015-10-29,0.0
2015-10-30,0.0
2015-10-31,0.0
2015-11-01,0.0
2015-11-02,0.0
2015-11-03,0.0
2015-11-04,0.0
2015-11-05,0.0
2015-11-06,0.0
2015-11-07,0.0
2015-11-08,0.0
2015-11-09,0.0
2015-11-10,0.0
2015-11-11,0.0
2015-11-12,0.0
2015-11-13,0.0
2015-11-14,0.0
2015-11-15,0.0
2015-11-16,0.0
2015-11-17,0.0
2015-11-18,0.0
2015-11-19,0.0
2015-11-20,0.0
2015-11-21,0.0
2015-11-22,0.0
2015-11-23,0.0
2015-11-24,0.0
2015-11-25,0.0
2015-11-26,0.0
2015-11-27,0.0
2015-11-28,0.0
2015-11-29,0.0
2015-11-30,0.0
2015-12-01,0.0
2015-12-02,0.0
2015-12-03,0.0
2015-12-04,0.0
2015-12-05,0.0
2015-12-06,0.0
2015-12-07,0.0
2015-12-08,0.0
2015-12-09,0.0
2015-12-10,0.0
2015-12-11,0.0
2015-12-12,0.0
2015-12-13,0.0
2015-12-14,0.0
2015-12-15,0.0
2015-12-16,0.0
2015-12-17,0.0
2015-12-18,0.0
2015-12-19,0.0
2015-12-20,0.0
2015-12-21,0.0
2015-12-22,0.0
2015-12-23,0.0
2015-12-24,0.0
2015-12-25,0.0
2015-12-26,0.0
2015-12-27,0.0
2015-12-28,0.0
2015-12-29,0.0
2015-12-30,0.0
2015-12-31,0.0
2016-01-01,0.0
2016-01-02,0.0
2016-01-03,0.0
2016-01-04,0.0
2016-01-05,0.0
2016-01-06,0.0
2016-01-07,0.0
2016-01-08,0.0
2016-01-09,0.0
2016-01-10,0.0
2016-01-11,0.0
2016-01-12,0.0
2016-01-13,0.0
2016-01-14,0.0
2016-01-15,0.0
2016-01-16,0.0
2016-01-17,0.0
2016-01-18,0.0
2016-01-19,0.0
2016-01-20,0.0
2016-01-21,0.0
2016-01-22,0.0
2016-01-23,0.0
2016-01-24,0.0
2016-01-25,0.0
2016-01-26,0.0
2016-01-27,0.0
2016-01-28,0.0
2016-01-29,0.0
2016-01-30,0.0
2016-01-31,0.0
2016-02-01,0.0
2016-02-02,0.0
2016-02-03,0.0
2016-02-04,0.0
2016-02-05,0.0
2016-02-06,0.0
2016-02-07,0.0
2016-02-08,0.0
2016-02-09,0.0
2016-02-10,0.0
2016-02-11,0.0
2016-02-12,0.0
2016-02-13,0.0
2016-02-14,0.0
2016-02-15,0.0
2016-02-16,0.0
2016-02-17,0.0
2016-02-18,0.0
2016-02-19,0.0
2016-02-20,0.0
2016-02-21,0.0
2016-02-22,0.0
2016-02-23,0.0
2016-02-24,0.0
2016-02-25,0.0
2016-02-26,0.0
2016-02-27,0.0
2016-02-28,0.0
2016-02-29,0.0
2016-03-01,0.0
2016-03-02,0.0
2016-03-03,0.0
2016-03-04,0.0
2016-03-05,0.0
2016-03-06,0.0
2016-03-07,0.0
2016-03-08,0.0
2016-03-09,0.0
2016-03-10,0.0
2016-03-11,0.0
2016-03-12,0.0
2016-03-13,0.0
2016-03-14,0.0
2016-03-15,0.0
2016-03-16,0.0
2016-03-17,0.0
2016-03-18,0.0
2016-03-19,0.0
2016-03-20,0.0
2016-03-21,0.0
2016-03-22,0.0
2016-03-23,0.0
2016-03-24,0.0
2016-03-25,0.0
2016-03-26,0.0
2016-03-27,0.0
2016-03-28,0.0
2016-03-29,0.0
2016-03-30,0.0
2016-03-31,0.0
2016-04-01,0.0
2016-04-02,0.0
2016-04-03,0.0
2016-04-04,0.0
2016-04-05,0.0
2016-04-06,0.0
2016-04-07,0.0
2016-04-08,0.0
2016-04-09,0.0
2016-04-10,0.0
2016-04-11,0.0
2016-04-12,0.0
2016-04-13,0.0
2016-04-14,0.0
2016-04-15,0.0
2016-04-16,0.0
2016-04-17,0.0
2016-04-18,0.0
2016-04-19,0.0
2016-04-20,0.0
2016-04-21,0.0
2016-04-22,0.0
2016-04-23,0.0
2016-04-24,0.0
2016-04-25,0.0
2016-04-26,0.0
2016-04-27,0.0
2016-04-28,0.0
2016-04-29,0.0
2016-04-30,0.0
2016-05-01,0.0
2016-05-02,0.0
2016-05-03,0.0
2016-05-04,0.0
2016-05-05,0.0
2016-05-06,0.0
2016-05-07,0.0
2016-05-08,0.0
2016-05-09,0.0
2016-05-10,0.0
2016-05-11,0.0
2016-05-12,0.0
2016-05-13,0.0
2016-05-14,0.0
2016-05-15,0.0
2016-05-16,0.0
2016-05-17,0.0
2016-05-18,0.0
2016-05-19,0.0
2016-05-20,0.0
2016-05-21,0.0
2016-05-22,0.0
2016-05-23,0.0
2016-05-24,0.0
2016-05-25,0.0
2016-05-26,0.0
2016-05-27,0.0
2016-05-28,0.0
2016-05-29,0.0
2016-05-30,0.0
2016-05-31,0.0
2016-06-01,0.0
2016-06-02,0.0
2016-06-03,0.0
2016-06-04,0.0
2016-06-05,0.0
2016-06-06,0.0
2016-06-07,0.0
2016-06-08,0.0
2016-06-09,0.0
2016-06-10,0.0
2016-06-11,0.0
2016-06-12,0.0
2016-06-13,0.0
2016-06-14,0.0
2016-06-15,0.0
2016-06-16,0.0
2016-06-17,0.0
2016-06-18,0.0
2016-06-19,0.0
2016-06-20,0.0
2016-06-21,0.0
2016-06-22,0.0
2016-06-23,0.0
2016-06-24,0.0
2016-06-25,0.0
2016-06-26,0.0
2016-06-27,0.0
2016-06-28,0.0
2016-06-29,0.0
2016-06-30,0.0
2016-07-01,0.0
2016-07-02,0.0
2016-07-03,0.0
2016-07-04,0.0
2016-07-05,0.0
2016-07-06,0.0
2016-07-07,0.0
2016-07-08,0.0
2016-07-09,0.0
2016-07-10,0.0
2016-07-11,0.0
2016-07-12,0.0
2016-07-13,0.0
2016-07-14,0.0
2016-07-15,0.0
2016-07-16,0.0
2016-07-17,0.0
2016-07-18,0.0
2016-07-19,0.0
2016-07-20,0.0
2016-07-21,0.0
2016-07-22,0.0
2016-07-23,0.0
2016-07-24,0.0
2016-07-25,0.0
2016-07-26,0.0
2016-07-27,0.0
2016-07-28,0.0
2016-07-29,0.0
2016-07-30,0.0
2016-07-31,0.0
2016-08-01,0.0
2016-08-02,0.0
2016-08-03,0.0
2016-08-04,0.0
2016-08-05,0.0
2016-08-06,0.0
2016-08-07,0.0
2016-08-08,0.0
2016-08-09,0.0
2016-08-10,0.0
2016-08-11,0.0
2016-08-12,0.0
2016-08-13,0.0
2016-08-14,0.0
2016-08-15,0.0
2016-08-16,0.0
2016-08-17,0.0
2016-08-18,0.0
2016-08-19,0.0
2016-08-20,0.0
2016-08-21,0.0
2016-08-22,0.0
2016-08-23,0.0
2016-08-24,0.0
2016-08-25,0.0
2016-08-26,0.0
2016-08-27,0.0
2016-08-28,0.0
2016-08-29,0.0
2016-08-30,0.0
2016-08-31,0.0
2016-09-01,0.0
2016-09-02,0.0
2016-09-03,0.0
2016-09-04,0.0
2016-09-05,0.0
2016-09-06,0.0
2016-09-07,0.0
2016-09-08,0.0
2016-09-09,0.0
2016-09-10,0.0
2016-09-11,0.0
2016-09-12,0.0
2016-09-13,0.0
2016-09-14,0.0
2016-09-15,0.0
2016-09-16,0.0
2016-09-17,0.0
2016-09-18,0.0
2016-09-19,0.0
2016-09-20,0.0
2016-09-21,0.0
2016-09-22,0.0
2016-09-23,0.0
2016-09-24,0.0
2016-09-25,0.0
2016-09-26,0.0
2016-09-27,0.0
2016-09-28,0.0
2016-09-29,0.0
2016-09-30,0.0
2016-10-01,0.0
2016-10-02,0.0
2016-10-03,0.0
2016-10-04,0.0
2016-10-05,0.0
2016-10-06,0.0
2016-10-07,0.0
2016-10-08,0.0
2016-10-09,0.0
2016-10-10,0.0
2016-10-11,0.0
2016-10-12,0.0
2016-10-13,0.0
2016-10-14,0.0
2016-10-15,0.0
2016-10-16,0.0
2016-10-17,0.0
2016-10-18,0.0
2016-10-19,0.0
2016-10-20,0.0
2016-10-21,0.0
2016-10-22,0.0
2016-10-23,0.0
2016-10-24,0.0
2016-10-25,0.0
2016-10-26,0.0
2016-10-27,0.0
2016-10-28,0.0
2016-10-29,0.0
2016-10-30,0.0
2016-10-31,0.0
2016-11-01,0.0
2016-11-02,0.0
2016-11-03,0.0
2016-11-04,0.0
2016-11-05,0.0
2016-11-06,0.0
2016-11-07,0.0
2016-11-08,0.0
2016-11-09,0.0
2016-11-10,0.0
2016-11-11,0.0
2016-11-12,0.0
2016-11-13,0.0
2016-11-14,0.0
2016-11-15,0.0
2016-11-16,0.0
2016-11-17,0.0
2016-11-18,0.0
2016-11-19,0.0
2016-11-20,0.0
2016-11-21,0.0
2016-11-22,0.0
2016-11-23,0.0
2016-11-24,0.0
2016-11-25,0.0
2016-11-26,0.0
2016-11-27,0.0
2016-11-28,0.0
2016-11-29,0.0
2016-11-30,0.0
2016-12-01,0.0
2016-12-02,0.0
2016-12-03,0.0
2016-12-04,0.0
2016-12-05,0.0
2016-12-06,0.0
2016-12-07,0.0
2016-12-08,0.0
2016-12-09,0.0
2016-12-10,0.0
2016-12-11,0.0
2016-12-12,0.0
2016-12-13,0.0
2016-12-14,0.0
2016-12-15,0.0
2016-12-16,0.0
2016-12-17,0.0
2016-12-18,0.0
2016-12-19,0.0
2016-12-20,0.0
2016-12-21,0.0
2016-12-22,0.0
2016-12-23,0.0
2016-12-24,0.0
2016-12-25,0.0
2016-12-26,0.0
2016-12-27,0.0
2016-12-28,0.0
2016-12-29,0.0
2016-12-30,0.0
2016-12-31,0.0
2017-01-01,0.0
2017-01-02,0.0
2017-01-03,0.0
2017-01-04,0.0
2017-01-05,0.0
2017-01-06,0.0
2017-01-07,0.0
2017-01-08,0.0
2017-01-09,0.0
2017-01-10,0.0
2017-01-11,0.0
2017-01-12,0.0
2017-01-13,0.0
2017-01-14,0.0
2017-01-15,0.0
2017-01-16,0.0
2017-01-17,0.0
2017-01-18,0.0
2017-01-19,0.0
2017-01-20,0.0
2017-01-21,0.0
2017-01-22,0.0
2017-01-23,0.0
2017-01-24,0.0
2017-01-25,0.0
2017-01-26,0.0
2017-01-27,0.0
2017-01-28,0.0
2017-01-29,0.0
2017-01-30,0.0
2017-01-31,0.0
2017-02-01,0.0
2017-02-02,0.0
2017-02-03,0.0
2017-02-04,0.0
2017-02-05,0.0
2017-02-06,0.0
2017-02-07,0.0
2017-02-08,0.0
2017-02-09,0.0
2017-02-10,0.0
2017-02-11,0.0
2017-02-12,0.0
2017-02-13,0.0
2017-02-14,0.0
2017-02-15,0.0
2017-02-16,0.0
2017-02-17,0.0
2017-02-18,0.0
2017-02-19,0.0
2017-02-20,0.0
2017-02-21,0.0
2017-02-22,0.0
2017-02-23,0.0
2017-02-24,0.0
2017-02-25,0.0
2017-02-26,0.0
2017-02-27,0.0
2017-02-28,0.0
2017-03-01,0.0
2017-03-02,0.0
2017-03-03,0.0
2017-03-04,0.0
2017-03-05,0.0
2017-03-06,0.0
2017-03-07,0.0
2017-03-08,0.0
2017-03-09,0.0
2017-03-10,0.0
2017-03-11,0.0
2017-03-12,0.0
2017-03-13,0.0
2017-03-14,0.0
2017-03-15,0.0
2017-03-16,0.0
2017-03-17,0.0
2017-03-18,0.0
2017-03-19,0.0
2017-03-20,0.0
2017-03-21,0.0
2017-03-22,0.0
2017-03-23,0.0
2017-03-24,0.0
2017-03-25,0.0
2017-03-26,0.0
2017-03-27,0.0
2017-03-28,0.0
2017-03-29,0.0
2017-03-30,0.0
2017-03-31,0.0
2017-04-01,0.0
2017-04-02,0.0
2017-04-03,0.0
2017-04-04,0.0
2017-04-05,0.0
2017-04-06,0.0
2017-04-07,0.0
2017-04-08,0.0
2017-04-09,0.0
2017-04-10,0.0
2017-04-11,0.0
2017-04-12,0.0
2017-04-13,0.0
2017-04-14,0.0
2017-04-15,0.0
2017-04-16,0.0
2017-04-17,0.0
2017-04-18,0.0
2017-04-19,0.0
2017-04-20,0.0
2017-04-21,0.0
2017-04-22,0.0
2017-04-23,0.0
2017-04-24,0.0
2017-04-25,0.0
2017-04-26,0.0
2017-04-27,0.0
2017-04-28,0.0
2017-04-29,0.0
2017-04-30,0.0
2017-05-01,0.0
2017-05-02,0.0
2017-05-03,0.0
2017-05-04,0.0
2017-05-05,0.0
2017-05-06,0.0
2017-05-07,0.0
2017-05-08,0.0
2017-05-09,0.0
2017-05-10,0.0
2017-05-11,0.0
2017-05-12,0.0
2017-05-13,0.0
2017-05-14,0.0
2017-05-15,0.0
2017-05-16,0.0
2017-05-17,0.0
2017-05-18,0.0
2017-05-19,0.0
2017-05-20,0.0
2017-05-21,0.0
2017-05-22,0.0
2017-05-23,0.0
2017-05-24,0.0
2017-05-25,0.0
2017-05-26,0.0
2017-05-27,0.0
2017-05-28,0.0
2017-05-29,0.0
2017-05-30,0.0
2017-05-31,0.0
2017-06-01,0.0
2017-06-02,0.0
2017-06-03,0.0
2017-06-04,0.0
2017-06-05,0.0
2017-06-06,0.0
2017-06-07,0.0
2017-06-08,0.0
2017-06-09,0.0
2017-06-10,0.0
2017-06-11,0.0
2017-06-12,0.0
2017-06-13,0.0
2017-06-14,0.0
2017-06-15,0.0
2017-06-16,0.0
2017-06-17,0.0
2017-06-18,0.0
2017-06-19,0.0
2017-06-20,0.0
2017-06-21,0.0
2017-06-22,0.0
2017-06-23,0.0
2017-06-24,0.0
2017-06-25,0.0
2017-06-26,0.0
2017-06-27,0.0
2017-06-28,0.0
2017-06-29,0.0
2017-06-30,0.0
2017-07-01,0.0
2017-07-02,0.0
2017-07-03,0.0
2017-07-04,0.0
2017-07-05,0.0
2017-07-06,0.0
2017-07-07,0.0
2017-07-08,0.0
2017-07-09,0.0
2017-07-10,0.0
2017-07-11,0.0
2017-07-12,0.0
2017-07-13,0.0
2017-07-14,0.0
2017-07-15,0.0
2017-07-16,0.0
2017-07-17,0.0
2017-07-18,0.0
2017-07-19,0.0
2017-07-20,0.0
2017-07-21,0.0
2017-07-22,0.0
2017-07-23,0.0
2017-07-24,0.0
2017-07-25,0.0
2017-07-26,0.0
2017-07-27,0.0
2017-07-28,0.0
2017-07-29,0.0
2017-07-30,0.0
2017-07-31,0.0
2017-08-01,0.0
2017-08-02,0.0
2017-08-03,0.0
2017-08-04,0.0
2017-08-05,0.0
2017-08-06,0.0
2017-08-07,0.0
2017-08-08,0.0
2017-08-09,0.0
2017-08-10,0.0
2017-08-11,0.0
2017-08-12,0.0
2017-08-13,0.0
2017-08-14,0.0
2017-08-15,0.0
2017-08-16,0.0
2017-08-17,0.0
2017-08-18,0.0
2017-08-19,0.0
2017-08-20,0.0
2017-08-21,0.0
2017-08-22,0.0
2017-08-23,0.0
2017-08-24,0.0
2017-08-25,0.0
2017-08-26,0.0
2017-08-27,0.0
2017-08-28,0.0
2017-08-29,0.0
2017-08-30,0.0
2017-08-31,0.0
2017-09-01,0.0
2017-09-02,0.0
2017-09-03,0.0
2017-09-04,0.0
2017-09-05,0.0
2017-09-06,0.0
2017-09-07,0.0
2017-09-08,0.0
2017-09-09,0.0
2017-09-10,0.0
2017-09-11,0.0
2017-09-12,0.0
2017-09-13,0.0
2017-09-14,0.0
2017-09-15,0.0
2017-09-16,0.0
2017-09-17,0.0
2017-09-18,0.0
2017-09-19,0.0
2017-09-20,0.0
2017-09-21,0.0
2017-09-22,0.0
2017-09-23,0.0
2017-09-24,0.0
2017-09-25,0.0
2017-09-26,0.0
2017-09-27,0.0
2017-09-28,0.0
2017-09-29,0.0
2017-09-30,0.0
2017-10-01,0.0
2017-10-02,0.0
2017-10-03,0.0
2017-10-04,0.0
2017-10-05,0.0
2017-10-06,0.0
2017-10-07,0.0
2017-10-08,0.0
2017-10-09,0.0
2017-10-10,0.0
2017-10-11,0.0
2017-10-12,0.0
2017-10-13,0.0
2017-10-14,0.0
2017-10-15,0.0
2017-10-16,0.0
2017-10-17,0.0
2017-10-18,0.0
2017-10-19,0.0
2017-10-20,0.0
2017-10-21,0.0
2017-10-22,0.0
2017-10-23,0.0
2017-10-24,0.0
2017-10-25,0.0
2017-10-26,0.0
2017-10-27,0.0
2017-10-28,0.0
2017-10-29,0.0
2017-10-30,0.0
2017-10-31,0.0
2017-11-01,0.0
2017-11-02,0.0
2017-11-03,0.0
2017-11-04,0.0
2017-11-05,0.0
2017-11-06,0.0
2017-11-07,0.0
2017-11-08,0.0
2017-11-09,0.0
2017-11-10,0.0
2017-11-11,0.0
2017-11-12,0.0
2017-11-13,0.0
2017-11-14,0.0
2017-11-15,0.0
2017-11-16,0.0
2017-11-17,0.0
2017-11-18,0.0
2017-11-19,0.0
2017-11-20,0.0
2017-11-21,0.0
2017-11-22,0.0
2017-11-23,0.0
2017-11-24,0.0
2017-11-25,0.0
2017-11-26,0.0
2017-11-27,0.0
2017-11-28,0.0
2017-11-29,0.0
2017-11-30,0.0
2017-12-01,0.0
2017-12-02,0.0
2017-12-03,0.0
2017-12-04,0.0
2017-12-05,0.0
2017-12-06,0.0
2017-12-07,0.0
2017-12-08,0.0
2017-12-09,0.0
2017-12-10,0.0
2017-12-11,0.0
2017-12-12,0.0
2017-12-13,0.0
2017-12-14,0.0
2017-12-15,0.0
2017-12-16,0.0
2017-12-17,0.0
2017-12-18,0.0
2017-12-19,0.0
2017-12-20,0.0
2017-12-21,0.0
2017-12-22,0.0
2017-12-23,0.0
2017-12-24,0.0
2017-12-25,0.0
2017-12-26,0.0
2017-12-27,0.0
2017-12-28,0.0
2017-12-29,0.0
2017-12-30,0.0
2017-12-31,0.0
2018-01-01,0.0
2018-01-02,0.0
2018-01-03,0.0
2018-01-04,0.0
2018-01-05,0.0
2018-01-06,0.0
2018-01-07,0.0
2018-01-08,0.0
2018-01-09,0.0
2018-01-10,0.0
2018-01-11,0.0
2018-01-12,0.0
2018-01-13,0.0
2018-01-14,0.0
2018-01-15,0.0
2018-01-16,0.0
2018-01-17,0.0
2018-01-18,0.0
2018-01-19,0.0
2018-01-20,0.0
2018-01-21,0.0
2018-01-22,0.0
2018-01-23,0.0
2018-01-24,0.0
2018-01-25,0.0
2018-01-26,0.0
2018-01-27,0.0
2018-01-28,0.0
2018-01-29,0.0
2018-01-30,0.0
2018-01-31,0.0
2018-02-01,0.0
2018-02-02,0.0
2018-02-03,0.0
2018-02-04,0.0
2018-02-05,0.0
2018-02-06,0.0
2018-02-07,0.0
2018-02-08,0.0
2018-02-09,0.0
2018-02-10,0.0
2018-02-11,0.0
2018-02-12,0.0
2018-02-13,0.0
2018-02-14,0.0
2018-02-15,0.0
2018-02-16,0.0
2018-02-17,0.0
2018-02-18,0.0
2018-02-19,0.0
2018-02-20,0.0
2018-02-21,0.0
2018-02-22,0.0
2018-02-23,0.0
2018-02-24,0.0
2018-02-25,0.0
2018-02-26,0.0
2018-02-27,0.0
2018-02-28,0.0
2018-03-01,0.0
2018-03-02,0.0
2018-03-03,0.0
2018-03-04,0.0
2018-03-05,0.0
2018-03-06,0.0
2018-03-07,0.0
2018-03-08,0.0
2018-03-09,0.0
2018-03-10,0.0
2018-03-11,0.0
2018-03-12,0.0
2018-03-13,0.0
2018-03-14,0.0
2018-03-15,0.0
2018-03-16,0.0
2018-03-17,0.0
2018-03-18,0.0
2018-03-19,0.0
2018-03-20,0.0
2018-03-21,0.0
2018-03-22,0.0
2018-03-23,0.0
2018-03-24,0.0
2018-03-25,0.0
2018-03-26,0.0
2018-03-27,0.0
2018-03-28,0.0
2018-03-29,0.0
2018-03-30,0.0
2018-03-31,0.0
2018-04-01,0.0
2018-04-02,0.0
2018-04-03,0.0
2018-04-04,0.0
2018-04-05,0.0
2018-04-06,0.0
2018-04-07,0.0
2018-04-08,0.0
2018-04-09,0.0
2018-04-10,0.0
2018-04-11,0.0
2018-04-12,0.0
2018-04-13,0.0
2018-04-14,0.0
2018-04-15,0.0
2018-04-16,0.0
2018-04-17,0.0
2018-04-18,0.0
2018-04-19,0.0
2018-04-20,0.0
2018-04-21,0.0
2018-04-22,0.0
2018-04-23,0.0
2018-04-24,0.0
2018-04-25,0.0
2018-04-26,0.0
2018-04-27,0.0
2018-04-28,0.0
2018-04-29,0.0
2018-04-30,0.0
2018-05-01,0.0
2018-05-02,0.0
2018-05-03,0.0
2018-05-04,0.0
2018-05-05,0.0
2018-05-06,0.0
2018-05-07,0.0
2018-05-08,0.0
2018-05-09,0.0
2018-05-10,0.0
2018-05-11,0.0
2018-05-12,0.0
2018-05-13,0.0
2018-05-14,0.0
2018-05-15,0.0
2018-05-16,0.0
2018-05-17,0.0
2018-05-18,0.0
2018-05-19,0.0
2018-05-20,0.0
2018-05-21,0.0
2018-05-22,0.0
2018-05-23,0.0
2018-05-24,0.0
2018-05-25,0.0
2018-05-26,0.0
2018-05-27,0.0
2018-05-28,0.0
2018-05-29,0.0
2018-05-30,0.0
2018-05-31,0.0
2018-06-01,0.0
2018-06-02,0.0
2018-06-03,0.0
2018-06-04,0.0
2018-06-05,0.0
2018-06-06,0.0
2018-06-07,0.0
2018-06-08,0.0
2018-06-09,0.0
2018-06-10,0.0
2018-06-11,0.0
2018-06-12,0.0
2018-06-13,0.0
2018-06-14,0.0
2018-06-15,0.0
2018-06-16,0.0
2018-06-17,0.0
2018-06-18,0.0
2018-06-19,0.0
2018-06-20,0.0
2018-06-21,0.0
2018-06-22,0.0
2018-06-23,0.0
2018-06-24,0.0
2018-06-25,0.0
2018-06-26,0.0
2018-06-27,0.0
2018-06-28,0.0
2018-06-29,0.0
2018-06-30,0.0
2018-07-01,0.0
2018-07-02,0.0
2018-07-03,0.0
2018-07-04,0.0
2018-07-05,0.0
2018-07-06,0.0
2018-07-07,0.0
2018-07-08,0.0
2018-07-09,0.0
2018-07-10,0.0
2018-07-11,0.0
2018-07-12,0.0
2018-07-13,0.0
2018-07-14,0.0
2018-07-15,0.0
2018-07-16,0.0
2018-07-17,0.0
2018-07-18,0.0
2018-07-19,0.0
2018-07-20,0.0
2018-07-21,0.0
2018-07-22,0.0
2018-07-23,0.0
2018-07-24,0.0
2018-07-25,0.0
2018-07-26,0.0
2018-07-27,0.0
2018-07-28,0.0
2018-07-29,0.0
2018-07-30,0.0
2018-07-31,0.0
2018-08-01,0.0
2018-08-02,0.0
2018-08-03,0.0
2018-08-04,0.0
2018-08-05,0.0
2018-08-06,0.0
2018-08-07,0.0
2018-08-08,0.0
2018-08-09,0.0
2018-08-10,0.0
2018-08-11,0.0
2018-08-12,0.0
2018-08-13,0.0
2018-08-14,0.0
2018-08-15,0.0
2018-08-16,0.0
2018-08-17,0.0
2018-08-18,0.0
2018-08-19,0.0
2018-08-20,0.0
2018-08-21,0.0
2018-08-22,0.0
2018-08-23,0.0
2018-08-24,0.0
2018-08-25,0.0
2018-08-26,0.0
2018-08-27,0.0
2018-08-28,0.0
2018-08-29,0.0
2018-08-30,0.0
2018-08-31,0.0
2018-09-01,0.0
2018-09-02,0.0
2018-09-03,0.0
2018-09-04,0.0
2018-09-05,0.0
2018-09-06,0.0
2018-09-07,0.0
2018-09-08,0.0
2018-09-09,0.0
2018-09-10,0.0
2018-09-11,0.0
2018-09-12,0.0
2018-09-13,0.0
2018-09-14,0.0
2018-09-15,0.0
2018-09-16,0.0
2018-09-17,0.0
2018-09-18,0.0
2018-09-19,0.0
2018-09-20,0.0
2018-09-21,0.0
2018-09-22,0.0
2018-09-23,0.0
2018-09-24,0.0
2018-09-25,0.0
2018-09-26,0.0
2018-09-27,0.0
2018-09-28,0.0
2018-09-29,0.0
2018-09-30,0.0
2018-10-01,0.0
2018-10-02,0.0
2018-10-03,0.0
2018-10-04,0.0
2018-10-05,0.0
2018-10-06,0.0
2018-10-07,0.0
2018-10-08,0.0
2018-10-09,0.0
2018-10-10,0.0
2018-10-11,0.0
2018-10-12,0.0
2018-10-13,0.0
2018-10-14,0.0
2018-10-15,0.0
2018-10-16,0.0
2018-10-17,0.0
2018-10-18,0.0
2018-10-19,0.0
2018-10-20,0.0
2018-10-21,0.0
2018-10-22,0.0
2018-10-23,0.0
2018-10-24,0.0
2018-10-25,0.0
2018-10-26,0.0
2018-10-27,0.0
2018-10-28,0.0
2018-10-29,0.0
2018-10-30,0.0
2018-10-31,0.0
2018-11-01,0.0
2018-11-02,0.0
2018-11-03,0.0
2018-11-04,0.0
2018-11-05,0.0
2018-11-06,0.0
2018-11-07,0.0
2018-11-08,0.0
2018-11-09,0.0
2018-11-10,0.0
2018-11-11,0.0
2018-11-12,0.0
2018-11-13,0.0
2018-11-14,0.0
2018-11-15,0.0
2018-11-16,0.0
2018-11-17,0.0
2018-11-18,0.0
2018-11-19,0.0
2018-11-20,0.0
2018-11-21,0.0
2018-11-22,0.0
2018-11-23,0.0
2018-11-24,0.0
2018-11-25,0.0
2018-11-26,0.0
2018-11-27,0.0
2018-11-28,0.0
2018-11-29,0.0
2018-11-30,0.0
2018-12-01,0.0
2018-12-02,0.0
2018-12-03,0.0
2018-12-04,0.0
2018-12-05,0.0
2018-12-06,0.0
2018-12-07,0.0
2018-12-08,0.0
2018-12-09,0.0
2018-12-10,0.0
2018-12-11,0.0
2018-12-12,0.0
2018-12-13,0.0
2018-12-14,0.0
2018-12-15,0.0
2018-12-16,0.0
2018-12-17,0.0
2018-12-18,0.0
2018-12-19,0.0
2018-12-20,0.0
2018-12-21,0.0
2018-12-22,0.0
2018-12-23,0.0
2018-12-24,0.0
2018-12-25,0.0
2018-12-26,0.0
2018-12-27,0.0
2018-12-28,0.0
2018-12-29,0.0
2018-12-30,0.0
2018-12-31,0.0
2019-01-01,0.0
2019-01-02,0.0
2019-01-03,0.0
2019-01-04,0.0
2019-01-05,0.0
2019-01-06,0.0
2019-01-07,0.0
2019-01-08,0.0
2019-01-09,0.0
2019-01-10,0.0
2019-01-11,0.0
2019-01-12,0.0
2019-01-13,0.0
2019-01-14,0.0
2019-01-15,0.0
2019-01-16,0.0
2019-01-17,0.0
2019-01-18,0.0
2019-01-19,0.0
2019-01-20,0.0
2019-01-21,0.0
2019-01-22,0.0
2019-01-23,0.0
2019-01-24,0.0
2019-01-25,0.0
2019-01-26,0.0
2019-01-27,0.0
2019-01-28,0.0
2019-01-29,0.0
2019-01-30,0.0
2019-01-31,0.0
2019-02-01,0.0
2019-02-02,0.0
2019-02-03,0.0
2019-02-04,0.0
2019-02-05,0.0
2019-02-06,0.0
2019-02-07,0.0
2019-02-08,0.0
2019-02-09,0.0
2019-02-10,0.0
2019-02-11,0.0
2019-02-12,0.0
2019-02-13,0.0
2019-02-14,0.0
2019-02-15,0.0
2019-02-16,0.0
2019-02-17,0.0
2019-02-18,0.0
2019-02-19,0.0
2019-02-20,0.0
2019-02-21,0.0
2019-02-22,0.0
2019-02-23,0.0
2019-02-24,0.0
2019-02-25,0.0
2019-02-26,0.0
2019-02-27,0.0
2019-02-28,0.0
2019-03-01,0.0
2019-03-02,0.0
2019-03-03,0.0
2019-03-04,0.0
2019-03-05,0.0
2019-03-06,0.0
2019-03-07,0.0
2019-03-08,0.0
2019-03-09,0.0
2019-03-10,0.0
2019-03-11,0.0
2019-03-12,0.0
2019-03-13,0.0
2019-03-14,0.0
2019-03-15,0.0
2019-03-16,0.0
2019-03-17,0.0
2019-03-18,0.0
2019-03-19,0.0
2019-03-20,0.0
2019-03-21,0.0
2019-03-22,0.0
2019-03-23,0.0
2019-03-24,0.0
2019-03-25,0.0
2019-03-26,0.0
2019-03-27,0.0
2019-03-28,0.0
2019-03-29,0.0
2019-03-30,0.0
2019-03-31,0.0
2019-04-01,0.0
2019-04-02,0.0
2019-04-03,0.0
2019-04-04,0.0
2019-04-05,0.0
2019-04-06,0.0
2019-04-07,0.0
2019-04-08,0.0
2019-04-09,0.0
2019-04-10,0.0
2019-04-11,0.0
2019-04-12,0.0
2019-04-13,0.0
2019-04-14,0.0
2019-04-15,0.0
2019-04-16,0.0
2019-04-17,0.0
2019-04-18,0.0
2019-04-19,0.0
2019-04-20,0.0
2019-04-21,0.0
2019-04-22,0.0
2019-04-23,0.0
2019-04-24,0.0
2019-04-25,0.0
2019-04-26,0.0
2019-04-27,0.0
2019-04-28,0.0
2019-04-29,0.0
2019-04-30,0.0
2019-05-01,0.0
2019-05-02,0.0
2019-05-03,0.0
2019-05-04,0.0
2019-05-05,0.0
2019-05-06,0.0
2019-05-07,0.0
2019-05-08,0.0
2019-05-09,0.0
2019-05-10,0.0
2019-05-11,0.0
2019-05-12,0.0
2019-05-13,0.0
2019-05-14,141.54
2019-05-15,122.41
2019-05-16,116.32
2019-05-17,130.07
2019-05-18,138.31
2019-05-19,111.73
2019-05-20,118.65
2019-05-21,103.88
2019-05-22,103.3
2019-05-23,135.65
2019-05-24,148.0
2019-05-25,156.97
2019-05-26,177.87
2019-05-27,163.36
2019-05-28,156.63
2019-05-29,140.66
2019-05-30,153.69
2019-05-31,136.34
2019-06-01,142.06
2019-06-02,119.91
2019-06-03,134.2
2019-06-04,117.51
2019-06-05,113.84
2019-06-06,127.56
2019-06-07,124.01
2019-06-08,135.9
2019-06-09,120.77
2019-06-10,115.46
2019-06-11,107.59
2019-06-12,156.33
2019-06-13,77.07
2019-06-14,103.12
2019-06-15,96.84
2019-06-16,107.15
2019-06-17,104.64
2019-06-18,72.7
2019-06-19,171.87
2019-06-20,125.62
2019-06-21,103.64
2019-06-22,152.67
2019-06-23,102.66
2019-06-24,115.42
2019-06-25,97.91
2019-06-26,136.54
2019-06-27,109.4
2019-06-28,102.77
2019-06-29,112.5
2019-06-30,117.3
2019-07-01,104.74
2019-07-02,114.84
2019-07-03,96.61
2019-07-04,102.68
2019-07-05,116.88
2019-07-06,100.89
2019-07-07,80.67
2019-07-08,113.3
2019-07-09,120.12
2019-07-10,128.97
2019-07-11,116.84
2019-07-12,109.2
2019-07-13,101.6
2019-07-14,109.85
2019-07-15,116.7
2019-07-16,114.94
2019-07-17,114.11
2019-07-18,105.78
2019-07-19,120.74
2019-07-20,130.55
2019-07-21,104.86
2019-07-22,82.63
2019-07-23,202.3
2019-07-24,172.36
2019-07-25,165.97
2019-07-26,98.91
2019-07-27,98.23
2019-07-28,100.1
2019-07-29,148.04
2019-07-30,0.0
2019-07-31,0.0
2019-08-01,110.65
2019-08-02,139.31
2019-08-03,118.95
2019-08-04,106.26
2019-08-05,153.39
2019-08-06,181.39
2019-08-07,199.34
2019-08-08,195.84
2019-08-09,99.59
2019-08-10,50.03
2019-08-11,95.65
2019-08-12,160.82
2019-08-13,175.24
2019-08-14,184.48
2019-08-15,117.04
2019-08-16,75.1
2019-08-17,143.82
2019-08-18,134.58
2019-08-19,184.17
2019-08-20,138.91
2019-08-21,151.31
2019-08-22,176.7
2019-08-23,182.75
2019-08-24,142.75
2019-08-25,119.98
2019-08-26,164.31
2019-08-27,142.29
2019-08-28,88.66
2019-08-29,93.7
2019-08-30,118.21
2019-08-31,111.11
2019-09-01,87.45
2019-09-02,69.07
2019-09-03,82.81
2019-09-04,86.22
2019-09-05,69.01
2019-09-06,80.39
2019-09-07,77.28
2019-09-08,59.41
2019-09-09,69.84
2019-09-10,69.26
2019-09-11,196.25
2019-09-12,0.0
2019-09-13,0.0
2019-09-14,0.0
2019-09-15,171.53
2019-09-16,107.96
2019-09-17,102.31
2019-09-18,126.48
2019-09-19,133.78
2019-09-20,55.41
2019-09-21,73.22
2019-09-22,85.77
2019-09-23,108.29
2019-09-24,89.47
2019-09-25,103.64
2019-09-26,59.29
2019-09-27,40.35
2019-09-28,48.65
2019-09-29,44.65
2019-09-30,34.95
2019-10-01,56.01
2019-10-02,106.2
2019-10-03,126.9
2019-10-04,127.47
2019-10-05,138.99
2019-10-06,117.69
2019-10-07,155.39
2019-10-08,153.75
2019-10-09,195.19
2019-10-10,188.14
2019-10-11,153.84
2019-10-12,212.8
2019-10-13,335.86
2019-10-14,231.88
2019-10-15,208.83
2019-10-16,188.75
2019-10-17,175.79
2019-10-18,174.56
2019-10-19,154.68
2019-10-20,129.36
2019-10-21,118.57
2019-10-22,128.62
2019-10-23,83.85
2019-10-24,106.77
2019-10-25,148.8
2019-10-26,108.91
2019-10-27,81.3
2019-10-28,158.06
2019-10-29,93.24
2019-10-30,52.97
2019-10-31,135.53
2019-11-01,145.88
2019-11-02,111.98
2019-11-03,69.15
2019-11-04,112.61
2019-11-05,131.73
2019-11-06,171.65
2019-11-07,79.47
2019-11-08,92.32
2019-11-09,107.67
2019-11-10,133.46
2019-11-11,170.94
2019-11-12,217.53
2019-11-13,145.34
2019-11-14,116.2
2019-11-15,94.58
2019-11-16,133.55
2019-11-17,78.4
2019-11-18,94.91
2019-11-19,85.17
2019-11-20,93.8
2019-11-21,91.22
2019-11-22,95.86
2019-11-23,104.2
2019-11-24,98.67
2019-11-25,106.75
2019-11-26,101.44
2019-11-27,108.89
2019-11-28,89.99
2019-11-29,87.26
2019-11-30,86.39
2019-12-01,79.08
2019-12-02,76.39
2019-12-03,83.5
2019-12-04,99.48
2019-12-05,121.86
2019-12-06,122.33
2019-12-07,157.33
2019-12-08,135.81
2019-12-09,123.59
2019-12-10,143.98
2019-12-11,118.19
2019-12-12,116.84
2019-12-13,92.57
2019-12-14,99.3
2019-12-15,93.92
2019-12-16,89.73
2019-12-17,102.4
2019-12-18,116.1
2019-12-19,155.63
2019-12-20,163.95
2019-12-21,121.71
2019-12-22,104.08
2019-12-23,97.02
2019-12-24,95.51
2019-12-25,98.1
2019-12-26,95.25
2019-12-27,83.69
2019-12-28,85.68
2019-12-29,89.41
2019-12-30,115.57
2019-12-31,126.67
2020-01-01,131.62
2020-01-02,128.86
2020-01-03,128.99
2020-01-04,138.47
2020-01-05,110.41
2020-01-06,109.44
2020-01-07,161.09
2020-01-08,118.44
2020-01-09,93.4
2020-01-10,108.83
2020-01-11,109.98
2020-01-12,152.94
2020-01-13,143.84
2020-01-14,44.53
2020-01-15,90.4
2020-01-16,79.32
2020-01-17,219.84
2020-01-18,106.43
2020-01-19,79.23
2020-01-20,82.86
2020-01-21,123.03
2020-01-22,121.82
2020-01-23,88.47
2020-01-24,96.12
2020-01-25,132.46
2020-01-26,191.09
2020-01-27,85.43
2020-01-28,66.54
2020-01-29,73.99
2020-01-30,92.88
2020-01-31,109.84
2020-02-01,125.19
2020-02-02,97.67
2020-02-03,106.14
2020-02-04,127.97
2020-02-05,137.39
2020-02-06,121.52
2020-02-07,127.71
2020-02-08,160.18
2020-02-09,124.4
2020-02-10,116.45
2020-02-11,145.12
2020-02-12,164.2
2020-02-13,182.12
2020-02-14,116.51
2020-02-15,136.02
2020-02-16,124.36
2020-02-17,147.78
2020-02-18,163.52
2020-02-19,217.94
2020-02-20,164.24
2020-02-21,133.31
2020-02-22,97.03
2020-02-23,104.74
2020-02-24,141.39
2020-02-25,193.22
2020-02-26,242.98
2020-02-27,177.11
2020-02-28,169.52
2020-02-29,136.6
2020-03-01,123.32
2020-03-02,149.92
2020-03-03,155.65
2020-03-04,125.88
2020-03-05,115.5
2020-03-06,128.08
2020-03-07,140.9
2020-03-08,85.35
2020-03-09,90.26
2020-03-10,94.36
2020-03-11,80.79
2020-03-12,114.05
2020-03-13,97.7
2020-03-14,111.46
2020-03-15,115.8
2020-03-16,90.32
2020-03-17,112.92
2020-03-18,124.58
2020-03-19,162.86
2020-03-20,109.06
2020-03-21,132.17
2020-03-22,122.17
2020-03-23,112.32
2020-03-24,98.52
2020-03-25,91.38
2020-03-26,91.12
2020-03-27,37.12
2020-03-28,72.43
2020-03-29,75.48
2020-03-30,89.1
2020-03-31,98.96
2020-04-01,86.06
2020-04-02,88.12
2020-04-03,87.96
2020-04-04,84.83
2020-04-05,87.96
2020-04-06,95.3
2020-04-07,104.5
2020-04-08,90.07
2020-04-09,89.74
2020-04-10,78.56
2020-04-11,74.99
2020-04-12,72.83
2020-04-13,61.54
2020-04-14,72.09
2020-04-15,64.81
2020-04-16,81.47
2020-04-17,76.25
2020-04-18,107.31
2020-04-19,65.12
2020-04-20,77.98
2020-04-21,73.99
2020-04-22,94.34
2020-04-23,81.09
2020-04-24,82.36
2020-04-25,70.48
2020-04-26,73.35
2020-04-27,81.16
2020-04-28,87.41
2020-04-29,76.73
2020-04-30,74.38
2020-05-01,89.91
2020-05-02,63.23
2020-05-03,62.1
2020-05-04,69.88
2020-05-05,134.83
2020-05-06,79.38
2020-05-07,75.08
2020-05-08,66.34
2020-05-09,74.56
2020-05-10,62.14
2020-05-11,66.1
2020-05-12,69.06
2020-05-13,67.28
2020-05-14,64.39
2020-05-15,78.8
2020-05-16,107.68
2020-05-17,63.5
2020-05-18,61.13
2020-05-19,56.9
2020-05-20,82.26
2020-05-21,84.99
2020-05-22,90.28
2020-05-23,82.26
2020-05-24,67.79
2020-05-25,70.95
2020-05-26,99.14
2020-05-27,89.65
2020-05-28,86.02
2020-05-29,81.0
2020-05-30,66.36
2020-05-31,67.92
2020-06-01,312.28
2020-06-02,173.4
2020-06-03,586.27
2020-06-04,84.25
2020-06-05,88.9
2020-06-06,65.77
2020-06-07,69.5
2020-06-08,70.97
2020-06-09,81.73
2020-06-10,94.06
2020-06-11,66.21
2020-06-12,93.89
2020-06-13,62.28
2020-06-14,87.14
2020-06-15,92.72
2020-06-16,94.09
2020-06-17,11.5
2020-06-18,89.23
2020-06-19,135.16
2020-06-20,120.7
2020-06-21,138.12
2020-06-22,98.37
2020-06-23,88.99
2020-06-24,0.0
2020-06-25,142.43
2020-06-26,150.65
2020-06-27,118.67
2020-06-28,0.0
2020-06-29,127.98
2020-06-30,121.1
2020-07-01,0.0
2020-03-11,47.91
2020-03-12,38.66
2020-03-13,46.68
2020-03-14,50.83
2020-03-15,41.03
2020-03-16,35.04
2020-03-17,35.75
2020-03-18,41.51
2020-03-19,53.59
2020-03-20,44.02
2020-03-21,60.05
2020-03-22,40.33
2020-03-23,41.55
2020-03-24,56.65
2020-03-25,62.86
2020-03-26,62.7
2020-03-27,53.86
2020-03-28,60.03
2020-03-29,41.95
2020-03-30,48.07
2020-03-31,33.9
2020-04-01,49.19
2020-04-02,48.66
2020-04-03,39.84
2020-04-04,41.95
2020-04-05,33.51
2020-04-06,43.65
2020-04-07,42.17
2020-04-08,31.74
2020-04-09,45.79
2020-04-10,45.39
2020-04-11,35.53
2020-04-12,27.32
2020-04-13,33.24
2020-04-14,49.81
2020-04-15,48.87
2020-04-16,28.06
2020-04-17,19.85
2020-04-18,25.12
2020-04-19,14.73
2020-04-20,18.9
2020-04-21,20.94
2020-04-22,11.26
2020-04-23,14.56
2020-04-24,9.67
2020-04-25,5.83
2020-04-26,4.06
2020-04-27,9.88
2020-04-28,7.84
2020-04-29,6.78
2020-04-30,8.9
2020-05-01,12.97
2020-05-02,13.13
2020-05-03,9.88
2020-05-04,11.92
2020-05-05,14.63
2020-05-06,8.99
2020-05-07,6.85
2020-05-08,17.4
2020-05-09,19.14
2020-05-10,20.04
2020-05-11,31.71
2020-05-12,33.56
2020-05-13,28.88
2020-05-14,24.86
2020-05-15,19.67
2020-05-16,12.62
2020-05-17,18.0
2020-05-18,25.29
2020-05-19,24.52
2020-05-20,10.27
2020-05-21,14.44
2020-05-22,19.13
2020-05-23,21.52
2020-05-24,19.09
2020-05-25,14.84
2020-05-26,13.23
2020-05-27,4.32
2020-05-28,9.67
2020-05-29,7.84
2020-05-30,7.24
2020-05-31,7.45
2020-06-01,9.11
2020-06-02,8.56
2020-06-03,6.33
2020-06-04,4.57
2020-06-05,7.33
2020-06-06,6.19
2020-06-07,0.0
2020-06-08,22.3
2020-06-09,13.04
2020-06-10,2.79
2020-06-11,6.11
2020-06-12,8.1
2020-06-13,5.8
2020-06-14,4.59
2020-06-15,4.99
2020-06-16,6.19
2020-06-17,1.99
2020-06-18,9.1
2020-06-19,19.02
2020-06-20,12.72
2020-06-21,9.03
2020-06-22,13.68
2020-06-23,13.65
2020-06-24,32.1
2020-06-25,28.92
2020-06-26,7.21
2020-06-27,3.16
2020-06-28,1.15
2020-06-29,10.02
2020-06-30,9.27
2020-07-01,5.39
2017-11-24,115.75
2017-11-25,124.5
2017-11-26,129.06
2017-11-27,135.32
2017-11-28,104.09
2017-11-29,114.84
2017-11-30,114.86
2017-12-01,113.56
2017-12-02,140.2
2017-12-03,130.52
2017-12-04,125.0
2017-12-05,121.77
2017-12-06,139.36
2017-12-07,181.64
2017-12-08,208.86
2017-12-09,141.22
2017-12-10,102.77
2017-12-11,115.27
2017-12-12,131.48
2017-12-13,99.74
2017-12-14,98.94
2017-12-15,109.65
2017-12-16,129.81
2017-12-17,167.62
2017-12-18,172.04
2017-12-19,171.56
2017-12-20,141.83
2017-12-21,147.74
2017-12-22,152.59
2017-12-23,147.95
2017-12-24,167.75
2017-12-25,171.47
2017-12-26,170.21
2017-12-27,192.2
2017-12-28,175.16
2017-12-29,138.6
2017-12-30,109.33
2017-12-31,131.62
2018-01-01,108.83
2018-01-02,109.82
2018-01-03,137.48
2018-01-04,174.75
2018-01-05,162.69
2018-01-06,151.97
2018-01-07,145.68
2018-01-08,132.66
2018-01-09,146.64
2018-01-10,155.95
2018-01-11,153.97
2018-01-12,182.54
2018-01-13,125.01
2018-01-14,129.99
2018-01-15,115.53
2018-01-16,100.34
2018-01-17,104.45
2018-01-18,117.3
2018-01-19,116.14
2018-01-20,132.84
2018-01-21,141.85
2018-01-22,142.86
2018-01-23,138.14
2018-01-24,137.31
2018-01-25,155.73
2018-01-26,143.38
2018-01-27,131.14
2018-01-28,131.86
2018-01-29,135.97
2018-01-30,140.66
2018-01-31,147.48
2018-02-01,152.59
2018-02-02,130.36
2018-02-03,119.52
2018-02-04,115.65
2018-02-05,100.54
2018-02-06,101.1
2018-02-07,116.89
2018-02-08,120.05
2018-02-09,62.82
2018-02-10,66.74
2018-02-11,112.29
2018-02-12,99.73
2018-02-13,99.04
2018-02-14,107.96
2018-02-15,118.62
2018-02-16,128.81
2018-02-17,97.19
2018-02-18,80.24
2018-02-19,94.12
2018-02-20,99.84
2018-02-21,106.7
2018-02-22,107.43
2018-02-23,107.25
2018-02-24,127.26
2018-02-25,115.95
2018-02-26,107.74
2018-02-27,113.31
2018-02-28,116.06
2018-03-01,97.0
2018-03-02,83.16
2018-03-03,77.45
2018-03-04,82.67
2018-03-05,83.07
2018-03-06,103.81
2018-03-07,78.95
2018-03-08,124.64
2018-03-09,113.56
2018-03-10,102.46
2018-03-11,80.09
2018-03-12,75.3
2018-03-13,80.85
2018-03-14,60.67
2018-03-15,63.05
2018-03-16,39.94
2018-03-17,82.95
2018-03-18,80.01
2018-03-19,76.09
2018-03-20,76.61
2018-03-21,96.46
2018-03-22,94.25
2018-03-23,95.41
2018-03-24,77.62
2018-03-25,71.26
2018-03-26,81.51
2018-03-27,67.22
2018-03-28,60.35
2018-03-29,52.51
2018-03-30,52.07
2018-03-31,55.8
2018-04-01,52.92
2018-04-02,52.06
2018-04-03,55.96
2018-04-04,54.59
2018-04-05,45.57
2018-04-06,71.75
2018-04-07,70.25
2018-04-08,79.5
2018-04-09,55.74
2018-04-10,56.77
2018-04-11,29.0
2018-04-12,35.45
2018-04-13,26.39
2018-04-14,33.2
2018-04-15,23.83
2018-04-16,34.11
2018-04-17,27.27
2018-04-18,53.96
2018-04-19,27.62
2018-04-20,67.21
2018-04-21,49.86
2018-04-22,30.54
2018-04-23,61.0
2018-04-24,91.83
2018-04-25,62.52
2018-04-26,66.54
2018-04-27,38.34
2018-04-28,33.83
2018-04-29,30.98
2018-04-30,64.52
2018-05-01,53.85
2018-05-02,56.36
2018-05-03,39.45
2018-05-04,37.71
2018-05-05,0.0
2018-05-06,0.0
2018-05-07,50.0
2018-05-08,74.4
2018-05-09,36.29
2018-05-10,43.83
2018-05-11,36.29
2018-05-12,54.19
2018-05-13,42.22
2018-05-14,62.11
2018-05-15,54.13
2018-05-16,55.03
2018-05-17,45.09
2018-05-18,28.33
2018-05-19,103.42
2018-05-20,54.42
2018-05-21,81.18
2018-05-22,41.25
2018-05-23,77.6
2018-05-24,56.44
2018-05-25,66.25
2018-05-26,37.35
2018-05-27,41.96
2018-05-28,44.72
2018-05-29,72.18
2018-05-30,83.29
2018-05-31,74.79
2018-06-01,84.96
2018-06-02,61.1
2018-06-03,57.28
2018-06-04,72.82
2018-06-05,70.21
2018-06-06,55.74
2018-06-07,31.22
2018-06-08,29.24
2018-06-09,24.79
2018-06-10,35.39
2018-06-11,47.81
2018-06-12,57.11
2018-06-13,68.27
2018-06-14,103.88
2018-06-15,107.31
2018-06-16,69.96
2018-06-17,78.11
2018-06-18,68.72
2018-06-19,55.59
2018-06-20,59.46
2018-06-21,55.66
2018-06-22,50.06
2018-06-23,43.47
2018-06-24,45.11
2018-06-25,60.89
2018-06-26,48.26
2018-06-27,54.97
2018-06-28,33.5
2018-06-29,49.43
2018-06-30,49.14
2018-07-01,46.59
2018-07-02,41.99
2018-07-03,38.79
2018-07-04,69.33
2018-07-05,48.97
2018-07-06,41.01
2018-07-07,32.02
2018-07-08,26.94
2018-07-09,38.25
2018-07-10,38.17
2018-07-11,30.98
2018-07-12,25.24
2018-07-13,30.86
2018-07-14,29.97
2018-07-15,26.62
2018-07-16,24.01
2018-07-17,28.62
2018-07-18,41.47
2018-07-19,49.26
2018-07-20,35.5
2018-07-21,47.61
2018-07-22,50.6
2018-07-23,62.29
2018-07-24,56.44
2018-07-25,68.97
2018-07-26,82.27
2018-07-27,46.76
2018-07-28,80.26
2018-07-29,76.32
2018-07-30,98.01
2018-07-31,112.48
2018-08-01,91.71
2018-08-02,51.48
2018-08-03,70.1
2018-08-04,75.21
2018-08-05,80.0
2018-08-06,72.48
2018-08-07,52.91
2018-08-08,40.15
2018-08-09,57.71
2018-08-10,28.72
2018-08-11,19.96
2018-08-12,15.83
2018-08-13,16.42
2018-08-14,20.5
2018-08-15,45.04
2018-08-16,23.71
2018-08-17,24.61
2018-08-18,32.52
2018-08-19,14.17
2018-08-20,22.96
2018-08-21,27.28
2018-08-22,7.8
2018-08-23,32.62
2018-08-24,40.74
2018-08-25,60.26
2018-08-26,43.47
2018-08-27,23.92
2018-08-28,43.47
2018-08-29,57.46
2018-08-30,81.89
2018-08-31,69.22
2018-09-01,62.75
2018-09-02,76.16
2018-09-03,78.68
2018-09-04,86.08
2018-09-05,71.36
2018-09-06,81.43
2018-09-07,101.05
2018-09-08,89.38
2018-09-09,0.0
2018-09-10,71.95
2018-09-11,75.5
2018-09-12,82.62
2018-09-13,66.97
2018-09-14,67.4
2018-09-15,69.39
2018-09-16,0.0
2018-09-17,49.21
2018-09-18,34.83
2018-09-19,52.84
2018-09-20,80.97
2018-09-21,71.42
2018-09-22,50.33
2018-09-23,50.18
2018-09-24,50.51
2018-09-25,60.44
2018-09-26,45.81
2018-09-27,37.31
2018-09-28,34.75
2018-09-29,41.04
2018-09-30,42.61
2018-10-01,37.07
2018-10-02,30.1
2018-10-03,41.43
2018-10-04,39.67
2018-10-05,56.44
2018-10-06,109.35
2018-10-07,163.06
2018-10-08,122.89
2018-10-09,184.84
2018-10-10,172.08
2018-10-11,157.38
2018-10-12,122.69
2018-10-13,116.44
2018-10-14,102.6
2018-10-15,76.61
2018-10-16,72.03
2018-10-17,48.93
2018-10-18,0.0
2018-10-19,0.0
2018-10-20,0.0
2018-10-21,0.0
2018-10-22,183.25
2018-10-23,155.98
2018-10-24,130.58
2018-10-25,125.33
2018-10-26,128.8
2018-10-27,167.05
2018-10-28,119.1
2018-10-29,115.41
2018-10-30,125.68
2018-10-31,65.58
2018-11-01,37.38
2018-11-02,53.23
2018-11-03,38.49
2018-11-04,36.56
2018-11-05,68.71
2018-11-06,64.84
2018-11-07,71.27
2018-11-08,97.64
2018-11-09,111.28
2018-11-10,115.5
2018-11-11,129.41
2018-11-12,164.24
2018-11-13,173.47
2018-11-14,160.66
2018-11-15,93.11
2018-11-16,43.67
2018-11-17,48.0
2018-11-18,46.57
2018-11-19,66.67
2018-11-20,100.01
2018-11-21,100.82
2018-11-22,112.7
2018-11-23,112.5
2018-11-24,107.69
2018-11-25,183.0
2018-11-26,183.15
2018-11-27,190.73
2018-11-28,152.44
2018-11-29,97.29
2018-11-30,154.02
2018-12-01,159.49
2018-12-02,125.4
2018-12-03,129.57
2018-12-04,143.69
2018-12-05,137.58
2018-12-06,139.02
2018-12-07,155.25
2018-12-08,172.67
2018-12-09,170.04
2018-12-10,162.72
2018-12-11,160.83
2018-12-12,163.9
2018-12-13,160.28
2018-12-14,164.19
2018-12-15,174.31
2018-12-16,137.52
2018-12-17,22.54
2018-12-18,19.98
2018-12-19,33.04
2018-12-20,69.23
2018-12-21,84.99
2018-12-22,81.9
2018-12-23,121.25
2018-12-24,142.65
2018-12-25,135.61
2018-12-26,114.53
2018-12-27,87.25
2018-12-28,127.1
2018-12-29,145.06
2018-12-30,154.73
2018-12-31,136.71
2019-01-01,140.9
2019-01-02,189.28
2019-01-03,230.27
2019-01-04,187.83
2019-01-05,196.3
2019-01-06,184.73
2019-01-07,215.5
2019-01-08,219.63
2019-01-09,225.75
2019-01-10,198.47
2019-01-11,193.4
2019-01-12,157.03
2019-01-13,146.49
2019-01-14,172.92
2019-01-15,182.65
2019-01-16,159.44
2019-01-17,174.01
2019-01-18,163.17
2019-01-19,173.27
2019-01-20,159.1
2019-01-21,141.29
2019-01-22,165.55
2019-01-23,117.55
2019-01-24,108.94
2019-01-25,63.23
2019-01-26,40.61
2019-01-27,49.07
2019-01-28,70.71
2019-01-29,87.78
2019-01-30,99.22
2019-01-31,137.17
2019-02-01,111.15
2019-02-02,128.56
2019-02-03,129.54
2019-02-04,129.76
2019-02-05,146.56
2019-02-06,142.46
2019-02-07,125.82
2019-02-08,96.18
2019-02-09,128.56
2019-02-10,148.8
2019-02-11,119.5
2019-02-12,121.81
2019-02-13,142.17
2019-02-14,130.91
2019-02-15,101.22
2019-02-16,64.61
2019-02-17,58.96
2019-02-18,72.77
2019-02-19,63.36
2019-02-20,66.4
2019-02-21,95.79
2019-02-22,106.73
2019-02-23,149.98
2019-02-24,121.35
2019-02-25,80.8
2019-02-26,52.83
2019-02-27,39.26
2019-02-28,49.94
2019-03-01,59.54
2019-03-02,51.79
2019-03-03,54.86
2019-03-04,52.32
2019-03-05,76.9
2019-03-06,116.27
2019-03-07,87.51
2019-03-08,53.9
2019-03-09,59.01
2019-03-10,47.74
2019-03-11,50.79
2019-03-12,90.58
2019-03-13,104.04
2019-03-14,129.33
2019-03-15,124.06
2019-03-16,101.35
2019-03-17,93.9
2019-03-18,69.14
2019-03-19,53.31
2019-03-20,49.43
2019-03-21,43.12
2019-03-22,53.08
2019-03-23,64.65
2019-03-24,48.09
2019-03-25,46.96
2019-03-26,51.83
2019-03-27,60.54
2019-03-28,70.3
2019-03-29,65.16
2019-03-30,60.07
2019-03-31,72.26
2019-04-01,70.85
2019-04-02,62.5
2019-04-03,45.07
2019-04-04,39.04
2019-04-05,50.84
2019-04-06,63.47
2019-04-07,55.83
2019-04-08,34.05
2019-04-09,38.77
2019-04-10,36.76
2019-04-11,33.28
2019-04-12,43.11
2019-04-13,89.0
2019-04-14,50.12
2019-04-15,68.9
2019-04-16,81.59
2019-04-17,91.22
2019-04-18,57.8
2019-04-19,37.66
2019-04-20,36.94
2019-04-21,35.42
2019-04-22,75.6
2019-04-23,132.02
2019-04-24,59.05
2019-04-25,84.5
2019-04-26,79.71
2019-04-27,70.68
2019-04-28,46.14
2019-04-29,40.82
2019-04-30,60.71
2019-05-01,93.8
2019-05-02,111.93
2019-05-03,211.34
2019-05-04,163.62
2019-05-05,152.97
2019-05-06,136.76
2019-05-07,138.9
2019-05-08,155.58
2019-05-09,112.93
2019-05-10,114.79
2019-05-11,98.4
2019-05-12,122.0
2019-05-13,103.71
2019-05-14,102.09
2019-05-15,88.79
2019-05-16,95.91
2019-05-17,96.34
2019-05-18,89.42
2019-05-19,94.6
2019-05-20,78.4
2019-05-21,74.2
2019-05-22,85.04
2019-05-23,76.95
2019-05-24,84.57
2019-05-25,98.75
2019-05-26,99.45
2019-05-27,86.09
2019-05-28,77.21
2019-05-29,82.24
2019-05-30,79.78
2019-05-31,75.96
2019-06-01,99.66
2019-06-02,90.61
2019-06-03,73.42
2019-06-04,104.78
2019-06-05,84.55
2019-06-06,59.22
2019-06-07,57.48
2019-06-08,71.15
2019-06-09,66.47
2019-06-10,63.59
2019-06-11,48.33
2019-06-12,43.2
2019-06-13,31.73
2019-06-14,31.71
2019-06-15,69.93
2019-06-16,71.73
2019-06-17,66.09
2019-06-18,68.06
2019-06-19,72.04
2019-06-20,40.6
2019-06-21,39.22
2019-06-22,40.3
2019-06-23,34.6
2019-06-24,32.7
2019-06-25,34.77
2019-06-26,38.36
2019-06-27,30.36
2019-06-28,26.83
2019-06-29,21.73
2019-06-30,25.16
2019-07-01,23.95
2019-07-02,24.42
2019-07-03,32.83
2019-07-04,21.46
2019-07-05,22.14
2019-07-06,38.67
2019-07-07,40.56
2019-07-08,34.85
2019-07-09,31.96
2019-07-10,29.59
2019-07-11,25.03
2019-07-12,27.15
2019-07-13,34.78
2019-07-14,20.52
2019-07-15,22.63
2019-07-16,40.44
2019-07-17,56.69
2019-07-18,39.97
2019-07-19,42.15
2019-07-20,18.23
2019-07-21,22.46
2019-07-22,26.39
2019-07-23,23.73
2019-07-24,23.28
2019-07-25,25.46
2019-07-26,15.84
2019-07-27,30.89
2019-07-28,37.61
2019-07-29,26.77
2019-07-30,22.87
2019-07-31,26.84
2019-08-01,21.35
2019-08-02,13.3
2019-08-03,19.98
2019-08-04,18.33
2019-08-05,24.18
2019-08-06,13.83
2019-08-07,18.12
2019-08-08,19.56
2019-08-09,30.31
2019-08-10,37.83
2019-08-11,47.35
2019-08-12,43.56
2019-08-13,0.0
2019-08-14,52.38
2019-08-15,47.61
2019-08-16,34.12
2019-08-17,31.8
2019-08-18,0.0
2019-08-19,0.0
2019-08-20,0.0
2019-08-21,0.0
2019-08-22,0.0
2019-08-23,0.0
2019-08-24,0.0
2019-08-25,0.0
2019-08-26,0.0
2019-08-27,42.0
2019-08-28,44.75
2019-08-29,36.58
2019-08-30,23.08
2019-08-31,0.0
2019-09-01,0.0
2019-09-02,0.0
2019-09-03,0.0
2019-09-04,0.0
2019-09-05,0.0
2019-09-06,0.0
2019-09-07,0.0
2019-09-08,0.0
2019-09-09,0.0
2019-09-10,0.0
2019-09-11,0.0
2019-09-12,0.0
2019-09-13,0.0
2019-09-14,0.0
2019-09-15,0.0
2019-09-16,0.0
2019-09-17,0.0
2019-09-18,0.0
2019-09-19,0.0
2019-09-20,0.0
2019-09-21,0.0
2019-09-22,0.0
2019-09-23,0.0
2019-09-24,0.0
2019-09-25,0.0
2019-09-26,0.0
2019-09-27,0.0
2019-09-28,0.0
2019-09-29,0.0
2019-09-30,0.0
2019-10-01,0.0
2019-10-02,0.0
2019-10-03,0.0
2019-10-04,0.0
2019-10-05,0.0
2019-10-06,0.0
2019-10-07,34.78
2019-10-08,39.09
2019-10-09,44.01
2019-10-10,31.3
2019-10-11,33.96
2019-10-12,24.44
2019-10-13,21.25
2019-10-14,26.48
2019-10-15,56.07
2019-10-16,67.65
2019-10-17,36.71
2019-10-18,25.78
2019-10-19,24.72
2019-10-20,21.82
2019-10-21,25.65
2019-10-22,20.41
2019-10-23,23.54
2019-10-24,23.73
2019-10-25,26.41
2019-10-26,27.75
2019-10-27,36.29
2019-10-28,53.68
2019-10-29,39.12
2019-10-30,35.57
2019-10-31,28.41
2019-11-01,35.12
2019-11-02,39.48
2019-11-03,74.55
2019-11-04,101.39
2019-11-05,137.41
2019-11-06,148.15
2019-11-07,135.44
2019-11-08,128.86
2019-11-09,128.41
2019-11-10,82.75
2019-11-11,68.41
2019-11-12,69.2
2019-11-13,76.67
2019-11-14,91.06
2019-11-15,97.67
2019-11-16,104.25
2019-11-17,109.47
2019-11-18,72.25
2019-11-19,89.89
2019-11-20,113.24
2019-11-21,97.39
2019-11-22,87.02
2019-11-23,100.23
2019-11-24,111.89
2019-11-25,121.3
2019-11-26,124.9
2019-11-27,109.47
2019-11-28,88.67
2019-11-29,63.76
2019-11-30,86.24
2019-12-01,106.58
2019-12-02,86.96
2019-12-03,97.97
2019-12-04,114.45
2019-12-05,122.21
2019-12-06,132.55
2019-12-07,98.77
2019-12-08,63.62
2019-12-09,49.69
2019-12-10,69.06
2019-12-11,82.17
2019-12-12,66.08
2019-12-13,62.14
2019-12-14,63.53
2019-12-15,79.0
2019-12-16,78.44
2019-12-17,107.1
2019-12-18,105.01
2019-12-19,120.25
2019-12-20,119.82
2019-12-21,118.52
2019-12-22,103.82
2019-12-23,104.91
2019-12-24,115.06
2019-12-25,120.22
2019-12-26,81.46
2019-12-27,73.58
2019-12-28,88.15
2019-12-29,110.95
2019-12-30,90.44
2019-12-31,80.8
2020-01-01,88.85
2020-01-02,65.39
2020-01-03,62.93
2020-01-04,38.35
2020-01-05,56.66
2020-01-06,61.4
2020-01-07,97.7
2020-01-08,75.4
2020-01-09,62.09
2020-01-10,84.62
2020-01-11,100.98
2020-01-12,109.42
2020-01-13,121.55
2020-01-14,111.92
2020-01-15,90.93
2020-01-16,75.95
2020-01-17,66.69
2020-01-18,51.42
2020-01-19,58.14
2020-01-20,57.33
2020-01-21,55.3
2020-01-22,65.26
2020-01-23,93.3
2020-01-24,96.6
2020-01-25,76.33
2020-01-26,63.99
2020-01-27,62.65
2020-01-28,60.66
2020-01-29,51.68
2020-01-30,60.01
2020-01-31,53.9
2020-02-01,43.36
2020-02-02,42.27
2020-02-03,47.41
2020-02-04,49.64
2020-02-05,46.38
2020-02-06,42.08
2020-02-07,37.38
2020-02-08,41.78
2020-02-09,63.42
2020-02-10,56.64
2020-02-11,73.27
2020-02-12,94.82
2020-02-13,99.2
2020-02-14,76.55
2020-02-15,110.64
2020-02-16,64.2
2020-02-17,54.82
2020-02-18,62.23
2020-02-19,69.15
2020-02-20,74.88
2020-02-21,61.83
2020-02-22,54.16
2020-02-23,62.43
2020-02-24,53.22
2020-02-25,47.43
2020-02-26,59.42
2020-02-27,67.95
2020-02-28,57.18
2020-02-29,59.72
2020-03-01,56.46
2020-03-02,62.14
2020-03-03,64.95
2020-03-04,59.47
2020-03-05,31.66
2020-03-06,31.65
2020-03-07,24.49
2020-03-08,22.95
2020-03-09,22.79
2020-03-10,22.11
2020-03-11,19.3
2020-03-12,24.73
2020-03-13,33.52
2020-03-14,44.16
2020-03-15,45.42
2020-03-16,47.52
2020-03-17,49.92
2020-03-18,36.11
2020-03-19,35.92
2020-03-20,28.92
2020-03-21,26.07
2020-03-22,42.7
2020-03-23,50.98
2020-03-24,39.17
2020-03-25,35.65
2020-03-26,44.23
2020-03-27,50.63
2020-03-28,52.01
2020-03-29,53.31
2020-03-30,60.36
2020-03-31,55.8
2020-04-01,63.95
2020-04-02,59.98
2020-04-03,54.56
2020-04-04,53.17
2020-04-05,46.95
2020-04-06,33.84
2020-04-07,28.46
2020-04-08,36.98
2020-04-09,38.01
2020-04-10,41.26
2020-04-11,31.06
2020-04-12,36.94
2020-04-13,40.46
2020-04-14,45.79
2020-04-15,45.2
2020-04-16,38.03
2020-04-17,40.72
2020-04-18,26.67
2020-04-19,24.92
2020-04-20,23.53
2020-04-21,20.8
2020-04-22,24.12
2020-04-23,26.66
2020-04-24,26.24
2020-04-25,38.88
2020-04-26,29.15
2020-04-27,32.26
2020-04-28,33.88
2020-04-29,63.42
2020-04-30,50.65
2020-05-01,54.31
2020-05-02,50.38
2020-05-03,54.69
2020-05-04,56.2
2020-05-05,11.0
2020-05-06,35.43
2020-05-07,41.98
2020-05-08,47.91
2020-05-09,43.55
2020-05-10,34.12
2020-05-11,44.23
2020-05-12,36.24
2020-05-13,36.14
2020-05-14,34.03
2020-05-15,36.01
2020-05-16,35.01
2020-05-17,44.57
2020-05-18,54.8
2020-05-19,71.94
2020-05-20,108.2
2020-05-21,102.68
2020-05-22,103.68
2020-05-23,72.04
2020-05-24,60.29
2020-05-25,57.4
2020-05-26,72.96
2020-05-27,66.04
2020-05-28,66.12
2020-05-29,68.44
2020-05-30,62.08
2020-05-31,58.07
2020-06-01,37.02
2020-06-02,38.24
2020-06-03,35.22
2020-06-04,34.52
2020-06-05,36.04
2020-06-06,43.39
2020-06-07,47.69
2020-06-08,49.5
2020-06-09,44.35
2020-06-10,25.24
2020-06-11,12.17
2020-06-12,12.83
2020-06-13,12.76
2020-06-14,25.81
2020-06-15,24.04
2020-06-16,31.52
2020-06-17,18.33
2020-06-18,27.86
2020-06-19,34.97
2020-06-20,45.43
2020-06-21,30.83
2020-06-22,50.49
2020-06-23,34.84
2020-06-24,35.33
2020-06-25,37.36
2020-06-26,20.55
2020-06-27,24.43
2020-06-28,28.51
2020-06-29,32.56
2020-06-30,35.16
2020-07-01,34.0
2017-02-27,14.92
2017-02-28,13.8
2017-03-01,21.88
2017-03-02,80.27
2017-03-03,33.08
2017-03-04,56.19
2017-03-05,44.5
2017-03-06,62.88
2017-03-07,52.12
2017-03-08,52.75
2017-03-09,33.2
2017-03-10,43.69
2017-03-11,50.76
2017-03-12,54.59
2017-03-13,77.43
2017-03-14,86.64
2017-03-15,86.11
2017-03-16,82.73
2017-03-17,93.68
2017-03-18,98.47
2017-03-19,97.64
2017-03-20,95.91
2017-03-21,92.68
2017-03-22,88.17
2017-03-23,77.09
2017-03-24,67.5
2017-03-25,80.09
2017-03-26,72.74
2017-03-27,78.45
2017-03-28,83.09
2017-03-29,66.81
2017-03-30,71.86
2017-03-31,72.49
2017-04-01,25.27
2017-04-02,34.76
2017-04-03,88.9
2017-04-04,63.97
2017-04-05,59.43
2017-04-06,0.0
2017-04-07,0.0
2017-04-08,49.73
2017-04-09,39.48
2017-04-10,55.59
2017-04-11,62.53
2017-04-12,58.18
2017-04-13,70.44
2017-04-14,28.59
2017-04-15,27.21
2017-04-16,45.93
2017-04-17,101.55
2017-04-18,116.95
2017-04-19,94.3
2017-04-20,39.29
2017-04-21,94.96
2017-04-22,0.0
2017-04-23,0.0
2017-04-24,0.0
2017-04-25,0.0
2017-04-26,0.0
2017-04-27,0.0
2017-04-28,0.0
2017-04-29,0.0
2017-04-30,0.0
2017-05-01,0.0
2017-05-02,124.19
2017-05-03,105.5
2017-05-04,91.16
2017-05-05,100.51
2017-05-06,138.35
2017-05-07,125.37
2017-05-08,116.29
2017-05-09,156.75
2017-05-10,145.53
2017-05-11,219.63
2017-05-12,94.34
2017-05-13,124.48
2017-05-14,121.36
2017-05-15,113.72
2017-05-16,86.43
2017-05-17,72.79
2017-05-18,96.51
2017-05-19,99.64
2017-05-20,387.65
2017-05-21,0.0
2017-05-22,0.0
2017-05-23,0.0
2017-05-24,0.0
2017-05-25,0.0
2017-05-26,0.0
2017-05-27,0.0
2017-05-28,0.0
2017-05-29,0.0
2017-05-30,68.35
2017-05-31,63.49
2017-06-01,68.71
2017-06-02,98.57
2017-06-03,109.6
2017-06-04,120.47
2017-06-05,143.52
2017-06-06,240.82
2017-06-07,72.35
2017-06-08,76.8
2017-06-09,79.5
2017-06-10,91.2
2017-06-11,53.64
2017-06-12,73.06
2017-06-13,86.66
2017-06-14,77.01
2017-06-15,82.21
2017-06-16,85.28
2017-06-17,86.44
2017-06-18,90.84
2017-06-19,99.55
2017-06-20,78.05
2017-06-21,71.88
2017-06-22,81.62
2017-06-23,92.36
2017-06-24,106.1
2017-06-25,102.85
2017-06-26,105.7
2017-06-27,93.15
2017-06-28,75.93
2017-06-29,70.49
2017-06-30,75.21
2017-07-01,68.4
2017-07-02,102.32
2017-07-03,86.58
2017-07-04,99.05
2017-07-05,112.06
2017-07-06,71.1
2017-07-07,87.67
2017-07-08,117.47
2017-07-09,0.0
2017-07-10,90.57
2017-07-11,95.06
2017-07-12,90.82
2017-07-13,97.67
2017-07-14,96.92
2017-07-15,97.63
2017-07-16,97.87
2017-07-17,101.51
2017-07-18,94.42
2017-07-19,104.81
2017-07-20,113.81
2017-07-21,97.7
2017-07-22,98.4
2017-07-23,102.03
2017-07-24,100.22
2017-07-25,103.08
2017-07-26,101.56
2017-07-27,0.0
2017-07-28,0.0
2017-07-29,56.49
2017-07-30,63.19
2017-07-31,109.83
2017-08-01,107.53
2017-08-02,0.0
2017-08-03,0.0
2017-08-04,0.0
2017-08-05,0.0
2017-08-06,0.0
2017-08-07,0.0
2017-08-08,95.22
2017-08-09,0.0
2017-08-10,147.33
2017-08-11,168.52
2017-08-12,268.32
2017-08-13,260.46
2017-08-14,69.39
2017-08-15,114.7
2017-08-16,136.51
2017-08-17,206.85
2017-08-18,209.7
2017-08-19,139.39
2017-08-20,69.33
2017-08-21,96.84
2017-08-22,73.55
2017-08-23,87.82
2017-08-24,109.02
2017-08-25,94.01
2017-08-26,67.56
2017-08-27,90.31
2017-08-28,88.13
2017-08-29,56.07
2017-08-30,69.8
2017-08-31,84.72
2017-09-01,57.41
2017-09-02,70.89
2017-09-03,82.4
2017-09-04,93.24
2017-09-05,101.82
2017-09-06,135.49
2017-09-07,129.56
2017-09-08,123.54
2017-09-09,170.2
2017-09-10,131.16
2017-09-11,99.6
2017-09-12,163.28
2017-09-13,197.0
2017-09-14,190.24
2017-09-15,165.9
2017-09-16,153.86
2017-09-17,197.08
2017-09-18,225.14
2017-09-19,221.27
2017-09-20,243.06
2017-09-21,248.8
2017-09-22,253.99
2017-09-23,107.82
2017-09-24,136.27
2017-09-25,259.45
2017-09-26,275.85
2017-09-27,253.61
2017-09-28,255.33
2017-09-29,298.19
2017-09-30,311.39
2017-10-01,188.36
2017-10-02,144.77
2017-10-03,177.56
2017-10-04,208.1
2017-10-05,173.65
2017-10-06,271.04
2017-10-07,182.83
2017-10-08,231.02
2017-10-09,168.17
2017-10-10,0.0
2017-10-11,0.0
2017-10-12,0.0
2017-10-13,0.0
2017-10-14,0.0
2017-10-15,0.0
2017-10-16,0.0
2017-10-17,0.0
2017-10-18,0.0
2017-10-19,291.88
2017-10-20,445.44
2017-10-21,318.1
2017-10-22,357.95
2017-10-23,276.08
2017-10-24,191.27
2017-10-25,312.7
2017-10-26,309.8
2017-10-27,299.12
2017-10-28,302.65
2017-10-29,295.75
2017-10-30,289.42
2017-10-31,267.13
2017-11-01,261.79
2017-11-02,259.59
2017-11-03,252.25
2017-11-04,251.09
2017-11-05,290.59
2017-11-06,290.75
2017-11-07,232.21
2017-11-08,250.2
2017-11-09,222.95
2017-11-10,260.49
2017-11-11,267.24
2017-11-12,271.2
2017-11-13,234.56
2017-11-14,178.8
2017-11-15,100.14
2017-11-16,182.69
2017-11-17,228.78
2017-11-18,184.32
2017-11-19,224.99
2017-11-20,295.86
2017-11-21,264.88
2017-11-22,276.23
2017-11-23,237.22
2017-11-24,270.82
2017-11-25,268.1
2017-11-26,263.37
2017-11-27,266.39
2017-11-28,268.24
2017-11-29,283.99
2017-11-30,265.34
2017-12-01,270.1
2017-12-02,232.05
2017-12-03,239.25
2017-12-04,214.5
2017-12-05,189.34
2017-12-06,134.65
2017-12-07,215.78
2017-12-08,266.2
2017-12-09,236.63
2017-12-10,198.88
2017-12-11,87.5
2017-12-12,87.57
2017-12-13,141.61
2017-12-14,124.48
2017-12-15,120.29
2017-12-16,129.08
2017-12-17,177.11
2017-12-18,121.78
2017-12-19,171.16
2017-12-20,221.19
2017-12-21,198.96
2017-12-22,126.01
2017-12-23,157.96
2017-12-24,186.31
2017-12-25,210.37
2017-12-26,272.45
2017-12-27,303.42
2017-12-28,188.85
2017-12-29,199.13
2017-12-30,254.85
2017-12-31,285.43
2018-01-01,291.36
2018-01-02,260.76
2018-01-03,179.58
2018-01-04,0.0
2018-01-05,0.0
2018-01-06,0.0
2018-01-07,0.0
2018-01-08,0.0
2018-01-09,0.0
2018-01-10,0.0
2018-01-11,0.0
2018-01-12,198.54
2018-01-13,189.41
2018-01-14,195.9
2018-01-15,138.18
2018-01-16,158.17
2018-01-17,151.64
2018-01-18,146.1
2018-01-19,131.82
2018-01-20,154.81
2018-01-21,163.69
2018-01-22,131.93
2018-01-23,110.95
2018-01-24,59.87
2018-01-25,122.25
2018-01-26,120.69
2018-01-27,160.56
2018-01-28,114.13
2018-01-29,101.86
2018-01-30,131.87
2018-01-31,135.69
2018-02-01,114.54
2018-02-02,96.3
2018-02-03,138.44
2018-02-04,131.72
2018-02-05,147.2
2018-02-06,136.91
2018-02-07,157.27
2018-02-08,160.02
2018-02-09,162.02
2018-02-10,166.85
2018-02-11,177.22
2018-02-12,87.04
2018-02-13,52.61
2018-02-14,50.34
2018-02-15,94.51
2018-02-16,181.17
2018-02-17,135.18
2018-02-18,159.72
2018-02-19,166.21
2018-02-20,205.16
2018-02-21,166.52
2018-02-22,122.51
2018-02-23,143.82
2018-02-24,89.22
2018-02-25,0.0
2018-02-26,81.05
2018-02-27,153.78
2018-02-28,149.22
2018-03-01,128.01
2018-03-02,58.27
2018-03-03,77.3
2018-03-04,57.47
2018-03-05,77.37
2018-03-06,85.78
2018-03-07,153.53
2018-03-08,140.04
2018-03-09,104.61
2018-03-10,90.7
2018-03-11,129.74
2018-03-12,155.13
2018-03-13,157.09
2018-03-14,138.73
2018-03-15,104.51
2018-03-16,81.28
2018-03-17,96.19
2018-03-18,137.19
2018-03-19,144.69
2018-03-20,158.03
2018-03-21,75.37
2018-03-22,57.58
2018-03-23,115.7
2018-03-24,150.64
2018-03-25,136.13
2018-03-26,196.39
2018-03-27,200.53
2018-03-28,153.79
2018-03-29,137.94
2018-03-30,0.0
2018-03-31,175.86
2018-04-01,127.85
2018-04-02,140.89
2018-04-03,164.22
2018-04-04,196.48
2018-04-05,159.99
2018-04-06,131.27
2018-04-07,105.54
2018-04-08,124.71
2018-04-09,138.44
2018-04-10,97.24
2018-04-11,55.1
2018-04-12,65.25
2018-04-13,99.54
2018-04-14,129.54
2018-04-15,140.47
2018-04-16,119.64
2018-04-17,70.01
2018-04-18,100.19
2018-04-19,134.69
2018-04-20,63.32
2018-04-21,77.96
2018-04-22,80.1
2018-04-23,98.84
2018-04-24,161.24
2018-04-25,167.05
2018-04-26,109.9
2018-04-27,203.55
2018-04-28,148.06
2018-04-29,148.89
2018-04-30,178.5
2018-05-01,201.95
2018-05-02,188.97
2018-05-03,83.42
2018-05-04,117.05
2018-05-05,157.78
2018-05-06,121.76
2018-05-07,83.47
2018-05-08,81.6
2018-05-09,118.73
2018-05-10,169.11
2018-05-11,198.34
2018-05-12,206.81
2018-05-13,89.89
2018-05-14,113.43
2018-05-15,148.68
2018-05-16,136.55
2018-05-17,196.87
2018-05-18,196.78
2018-05-19,163.27
2018-05-20,106.21
2018-05-21,134.46
2018-05-22,152.02
2018-05-23,112.14
2018-05-24,100.81
2018-05-25,124.43
2018-05-26,126.26
2018-05-27,138.75
2018-05-28,76.5
2018-05-29,61.18
2018-05-30,67.01
2018-05-31,327.61
2018-06-01,331.54
2018-06-02,179.33
2018-06-03,199.98
2018-06-04,194.06
2018-06-05,208.58
2018-06-06,0.0
2018-06-07,146.53
2018-06-08,175.81
2018-06-09,135.11
2018-06-10,148.66
2018-06-11,175.01
2018-06-12,260.67
2018-06-13,340.65
2018-06-14,917.08
2018-06-15,802.87
2018-06-16,401.62
2018-06-17,215.18
2018-06-18,183.02
2018-06-19,171.73
2018-06-20,152.49
2018-06-21,120.27
2018-06-22,150.34
2018-06-23,154.91
2018-06-24,120.52
2018-06-25,174.24
2018-06-26,229.22
2018-06-27,85.39
2018-06-28,46.12
2018-06-29,40.21
2018-06-30,72.24
2018-07-01,89.71
2018-07-02,96.36
2018-07-03,42.27
2018-07-04,49.28
2018-07-05,75.99
2018-07-06,119.11
2018-07-07,109.11
2018-07-08,92.76
2018-07-09,87.53
2018-07-10,68.71
2018-07-11,46.52
2018-07-12,55.76
2018-07-13,33.03
2018-07-14,45.5
2018-07-15,41.26
2018-07-16,47.3
2018-07-17,41.49
2018-07-18,53.83
2018-07-19,53.06
2018-07-20,65.56
2018-07-21,60.21
2018-07-22,27.13
2018-07-23,40.44
2018-07-24,48.14
2018-07-25,51.05
2018-07-26,31.86
2018-07-27,29.2
2018-07-28,28.23
2018-07-29,38.77
2018-07-30,49.86
2018-07-31,59.9
2018-08-01,63.84
2018-08-02,61.34
2018-08-03,147.2
2018-08-04,127.95
2018-08-05,83.64
2018-08-06,47.79
2018-08-07,19.9
2018-08-08,18.23
2018-08-09,19.99
2018-08-10,38.43
2018-08-11,38.21
2018-08-12,65.08
2018-08-13,47.75
2018-08-14,35.59
2018-08-15,31.42
2018-08-16,61.22
2018-08-17,50.07
2018-08-18,28.55
2018-08-19,24.03
2018-08-20,39.04
2018-08-21,37.9
2018-08-22,43.11
2018-08-23,30.87
2018-08-24,47.04
2018-08-25,0.0
2018-08-26,0.0
2018-08-27,71.25
2018-08-28,92.29
2018-08-29,99.16
2018-08-30,73.84
2018-08-31,86.23
2018-09-01,74.16
2018-09-02,48.94
2018-09-03,36.88
2018-09-04,39.17
2018-09-05,64.29
2018-09-06,82.86
2018-09-07,56.13
2018-09-08,24.89
2018-09-09,34.62
2018-09-10,43.28
2018-09-11,42.87
2018-09-12,47.01
2018-09-13,84.37
2018-09-14,44.41
2018-09-15,36.96
2018-09-16,41.76
2018-09-17,56.83
2018-09-18,67.86
2018-09-19,81.95
2018-09-20,88.29
2018-09-21,73.77
2018-09-22,33.3
2018-09-23,10.81
2018-09-24,17.01
2018-09-25,27.65
2018-09-26,84.37
2018-09-27,93.59
2018-09-28,94.38
2018-09-29,43.79
2018-09-30,84.29
2018-10-01,119.97
2018-10-02,130.41
2018-10-03,134.54
2018-10-04,79.33
2018-10-05,65.32
2018-10-06,95.99
2018-10-07,194.56
2018-10-08,154.77
2018-10-09,87.81
2018-10-10,132.12
2018-10-11,152.34
2018-10-12,152.55
2018-10-13,211.81
2018-10-14,271.06
2018-10-15,228.06
2018-10-16,125.47
2018-10-17,121.94
2018-10-18,106.02
2018-10-19,112.9
2018-10-20,85.78
2018-10-21,143.94
2018-10-22,182.15
2018-10-23,144.84
2018-10-24,184.57
2018-10-25,106.31
2018-10-26,120.38
2018-10-27,138.69
2018-10-28,130.79
2018-10-29,175.25
2018-10-30,171.82
2018-10-31,143.96
2018-11-01,306.18
2018-11-02,87.84
2018-11-03,139.29
2018-11-04,102.81
2018-11-05,106.09
2018-11-06,90.9
2018-11-07,213.3
2018-11-08,215.67
2018-11-09,112.53
2018-11-10,157.76
2018-11-11,178.25
2018-11-12,96.43
2018-11-13,129.04
2018-11-14,121.76
2018-11-15,111.3
2018-11-16,142.45
2018-11-17,205.11
2018-11-18,152.6
2018-11-19,128.53
2018-11-20,139.23
2018-11-21,147.22
2018-11-22,162.8
2018-11-23,102.86
2018-11-24,100.78
2018-11-25,152.57
2018-11-26,142.12
2018-11-27,154.01
2018-11-28,140.32
2018-11-29,144.93
2018-11-30,139.7
2018-12-01,140.07
2018-12-02,93.07
2018-12-03,123.95
2018-12-04,168.2
2018-12-05,137.47
2018-12-06,156.56
2018-12-07,141.24
2018-12-08,153.63
2018-12-09,162.47
2018-12-10,121.13
2018-12-11,52.99
2018-12-12,76.5
2018-12-13,78.62
2018-12-14,100.62
2018-12-15,84.08
2018-12-16,120.8
2018-12-17,138.56
2018-12-18,163.05
2018-12-19,181.02
2018-12-20,126.56
2018-12-21,125.74
2018-12-22,138.1
2018-12-23,166.81
2018-12-24,141.23
2018-12-25,152.5
2018-12-26,178.86
2018-12-27,160.38
2018-12-28,155.08
2018-12-29,218.44
2018-12-30,175.0
2018-12-31,186.41
2019-01-01,205.42
2019-01-02,171.98
2019-01-03,100.89
2019-01-04,76.48
2019-01-05,62.82
2019-01-06,32.35
2019-01-07,55.75
2019-01-08,61.97
2019-01-09,88.8
2019-01-10,102.22
2019-01-11,159.89
2019-01-12,115.98
2019-01-13,61.73
2019-01-14,73.28
2019-01-15,114.7
2019-01-16,163.27
2019-01-17,148.01
2019-01-18,82.02
2019-01-19,11.43
2019-01-20,54.85
2019-01-21,35.71
2019-01-22,25.17
2019-01-23,29.31
2019-01-24,71.3
2019-01-25,119.03
2019-01-26,98.2
2019-01-27,73.32
2019-01-28,104.54
2019-01-29,94.19
2019-01-30,114.9
2019-01-31,52.12
2019-02-01,50.39
2019-02-02,68.34
2019-02-03,88.1
2019-02-04,156.16
2019-02-05,154.64
2019-02-06,113.3
2019-02-07,60.92
2019-02-08,53.32
2019-02-09,73.1
2019-02-10,152.76
2019-02-11,133.64
2019-02-12,138.2
2019-02-13,132.69
2019-02-14,84.07
2019-02-15,45.69
2019-02-16,73.44
2019-02-17,130.3
2019-02-18,46.79
2019-02-19,54.23
2019-02-20,81.97
2019-02-21,41.67
2019-02-22,64.08
2019-02-23,90.57
2019-02-24,141.48
2019-02-25,144.54
2019-02-26,75.43
2019-02-27,79.37
2019-02-28,80.11
2019-03-01,122.07
2019-03-02,52.76
2019-03-03,42.71
2019-03-04,56.26
2019-03-05,82.52
2019-03-06,113.27
2019-03-07,125.2
2019-03-08,82.82
2019-03-09,67.05
2019-03-10,106.6
2019-03-11,63.42
2019-03-12,77.26
2019-03-13,115.62
2019-03-14,78.65
2019-03-15,71.85
2019-03-16,68.04
2019-03-17,112.38
2019-03-18,116.4
2019-03-19,113.04
2019-03-20,55.69
2019-03-21,59.79
2019-03-22,66.44
2019-03-23,82.51
2019-03-24,66.96
2019-03-25,85.3
2019-03-26,97.35
2019-03-27,143.79
2019-03-28,127.89
2019-03-29,113.95
2019-03-30,106.94
2019-03-31,67.71
2019-04-01,95.73
2019-04-02,120.11
2019-04-03,94.69
2019-04-04,111.23
2019-04-05,139.75
2019-04-06,167.42
2019-04-07,72.15
2019-04-08,94.52
2019-04-09,129.01
2019-04-10,112.19
2019-04-11,81.89
2019-04-12,83.38
2019-04-13,85.15
2019-04-14,90.03
2019-04-15,122.91
2019-04-16,105.68
2019-04-17,54.33
2019-04-18,60.62
2019-04-19,81.48
2019-04-20,96.05
2019-04-21,125.99
2019-04-22,147.5
2019-04-23,130.58
2019-04-24,150.77
2019-04-25,76.91
2019-04-26,79.67
2019-04-27,110.87
2019-04-28,151.49
2019-04-29,131.1
2019-04-30,135.19
2019-05-01,95.71
2019-05-02,110.64
2019-05-03,80.8
2019-05-04,100.92
2019-05-05,145.44
2019-05-06,118.65
2019-05-07,129.11
2019-05-08,110.82
2019-05-09,144.68
2019-05-10,176.04
2019-05-11,135.68
2019-05-12,76.21
2019-05-13,142.79
2019-05-14,63.95
2019-05-15,135.22
2019-05-16,70.38
2019-05-17,96.81
2019-05-18,61.91
2019-05-19,105.25
2019-05-20,95.69
2019-05-21,98.1
2019-05-22,114.75
2019-05-23,93.26
2019-05-24,62.35
2019-05-25,55.39
2019-05-26,75.58
2019-05-27,71.02
2019-05-28,79.34
2019-05-29,101.54
2019-05-30,130.38
2019-05-31,132.32
2019-06-01,141.53
2019-06-02,120.56
2019-06-03,181.11
2019-06-04,123.69
2019-06-05,115.44
2019-06-06,88.35
2019-06-07,68.81
2019-06-08,97.33
2019-06-09,86.77
2019-06-10,95.14
2019-06-11,146.22
2019-06-12,116.06
2019-06-13,96.78
2019-06-14,96.26
2019-06-15,157.84
2019-06-16,79.43
2019-06-17,113.81
2019-06-18,124.04
2019-06-19,177.85
2019-06-20,79.17
2019-06-21,78.34
2019-06-22,93.25
2019-06-23,111.52
2019-06-24,79.27
2019-06-25,50.38
2019-06-26,72.1
2019-06-27,102.56
2019-06-28,110.23
2019-06-29,148.72
2019-06-30,121.47
2019-07-01,95.89
2019-07-02,85.48
2019-07-03,101.22
2019-07-04,104.66
2019-07-05,45.06
2019-07-06,67.52
2019-07-07,49.41
2019-07-08,110.12
2019-07-09,67.57
2019-07-10,135.9
2019-07-11,154.12
2019-07-12,135.54
2019-07-13,122.29
2019-07-14,44.26
2019-07-15,67.16
2019-07-16,55.29
2019-07-17,48.21
2019-07-18,62.79
2019-07-19,57.49
2019-07-20,64.81
2019-07-21,60.06
2019-07-22,76.76
2019-07-23,74.56
2019-07-24,69.77
2019-07-25,53.0
2019-07-26,49.38
2019-07-27,48.96
2019-07-28,47.19
2019-07-29,48.46
2019-07-30,51.61
2019-07-31,41.49
2019-08-01,45.63
2019-08-02,37.38
2019-08-03,49.36
2019-08-04,63.19
2019-08-05,54.02
2019-08-06,56.3
2019-08-07,50.61
2019-08-08,64.55
2019-08-09,44.31
2019-08-10,49.35
2019-08-11,52.67
2019-08-12,59.32
2019-08-13,44.11
2019-08-14,49.13
2019-08-15,50.89
2019-08-16,46.17
2019-08-17,39.75
2019-08-18,37.87
2019-08-19,35.71
2019-08-20,53.57
2019-08-21,75.93
2019-08-22,70.15
2019-08-23,72.3
2019-08-24,80.46
2019-08-25,0.0
2019-08-26,45.75
2019-08-27,63.21
2019-08-28,73.97
2019-08-29,62.21
2019-08-30,62.08
2019-08-31,66.27
2019-09-01,67.58
2019-09-02,53.6
2019-09-03,71.05
2019-09-04,142.24
2019-09-05,36.97
2019-09-06,53.74
2019-09-07,58.77
2019-09-08,56.86
2019-09-09,76.3
2019-09-10,75.57
2019-09-11,79.85
2019-09-12,75.26
2019-09-13,63.1
2019-09-14,70.58
2019-09-15,69.71
2019-09-16,61.35
2019-09-17,65.85
2019-09-18,74.09
2019-09-19,54.09
2019-09-20,52.71
2019-09-21,61.33
2019-09-22,76.58
2019-09-23,55.14
2019-09-24,55.32
2019-09-25,82.57
2019-09-26,97.22
2019-09-27,62.07
2019-09-28,50.58
2019-09-29,41.81
2019-09-30,48.02
2019-10-01,51.03
2019-10-02,65.44
2019-10-03,69.46
2019-10-04,51.78
2019-10-05,54.28
2019-10-06,95.67
2019-10-07,75.78
2019-10-08,73.6
2019-10-09,71.06
2019-10-10,64.47
2019-10-11,112.42
2019-10-12,134.52
2019-10-13,136.04
2019-10-14,136.64
2019-10-15,102.57
2019-10-16,88.71
2019-10-17,81.17
2019-10-18,74.0
2019-10-19,54.08
2019-10-20,107.14
2019-10-21,136.27
2019-10-22,181.64
2019-10-23,172.08
2019-10-24,132.9
2019-10-25,135.6
2019-10-26,161.15
2019-10-27,181.67
2019-10-28,303.33
2019-10-29,189.73
2019-10-30,245.27
2019-10-31,226.33
2019-11-01,235.28
2019-11-02,181.95
2019-11-03,305.4
2019-11-04,207.47
2019-11-05,186.99
2019-11-06,221.46
2019-11-07,71.87
2019-11-08,61.24
2019-11-09,81.33
2019-11-10,143.08
2019-11-11,158.85
2019-11-12,313.31
2019-11-13,339.69
2019-11-14,260.33
2019-11-15,180.68
2019-11-16,164.0
2019-11-17,105.92
2019-11-18,190.56
2019-11-19,263.97
2019-11-20,253.95
2019-11-21,180.08
2019-11-22,122.03
2019-11-23,59.83
2019-11-24,88.49
2019-11-25,146.1
2019-11-26,80.76
2019-11-27,46.08
2019-11-28,39.49
2019-11-29,51.37
2019-11-30,69.84
2019-12-01,99.83
2019-12-02,137.8
2019-12-03,140.27
2019-12-04,145.52
2019-12-05,103.82
2019-12-06,84.09
2019-12-07,111.95
2019-12-08,114.79
2019-12-09,162.16
2019-12-10,202.77
2019-12-11,132.04
2019-12-12,44.31
2019-12-13,35.96
2019-12-14,47.36
2019-12-15,38.24
2019-12-16,51.31
2019-12-17,64.66
2019-12-18,85.25
2019-12-19,80.52
2019-12-20,125.24
2019-12-21,69.41
2019-12-22,84.25
2019-12-23,101.77
2019-12-24,128.35
2019-12-25,76.1
2019-12-26,84.32
2019-12-27,105.41
2019-12-28,106.95
2019-12-29,107.95
2019-12-30,97.83
2019-12-31,98.3
2020-01-01,137.93
2020-01-02,115.13
2020-01-03,110.89
2020-01-04,134.78
2020-01-05,95.22
2020-01-06,47.36
2020-01-07,46.3
2020-01-08,31.7
2020-01-09,80.34
2020-01-10,76.73
2020-01-11,80.28
2020-01-12,73.05
2020-01-13,61.51
2020-01-14,83.72
2020-01-15,187.66
2020-01-16,81.67
2020-01-17,110.41
2020-01-18,98.08
2020-01-19,82.99
2020-01-20,108.1
2020-01-21,69.74
2020-01-22,40.05
2020-01-23,50.66
2020-01-24,77.9
2020-01-25,130.66
2020-01-26,82.9
2020-01-27,94.0
2020-01-28,55.89
2020-01-29,36.13
2020-01-30,57.69
2020-01-31,139.43
2020-02-01,0.0
2020-02-02,0.0
2020-02-03,29.6
2020-02-04,103.84
2020-02-05,94.4
2020-02-06,128.7
2020-02-07,102.49
2020-02-08,166.94
2020-02-09,160.38
2020-02-10,115.75
2020-02-11,187.15
2020-02-12,136.28
2020-02-13,117.43
2020-02-14,100.08
2020-02-15,123.92
2020-02-16,154.93
2020-02-17,145.96
2020-02-18,144.61
2020-02-19,142.11
2020-02-20,123.28
2020-02-21,73.67
2020-02-22,101.2
2020-02-23,109.4
2020-02-24,132.54
2020-02-25,134.7
2020-02-26,156.66
2020-02-27,133.37
2020-02-28,142.34
2020-02-29,83.14
2020-03-01,83.69
2020-03-02,97.38
2020-03-03,103.81
2020-03-04,135.96
2020-03-05,74.89
2020-03-06,61.51
2020-03-07,61.08
2020-03-08,77.68
2020-03-09,72.89
2020-03-10,115.85
2020-03-11,107.64
2020-03-12,74.72
2020-03-13,70.36
2020-03-14,70.22
2020-03-15,83.27
2020-03-16,106.34
2020-03-17,109.94
2020-03-18,118.05
2020-03-19,107.8
2020-03-20,110.94
2020-03-21,100.73
2020-03-22,77.22
2020-03-23,85.69
2020-03-24,75.6
2020-03-25,61.47
2020-03-26,72.7
2020-03-27,60.78
2020-03-28,54.63
2020-03-29,63.75
2020-03-30,68.57
2020-03-31,70.76
2020-04-01,60.07
2020-04-02,63.92
2020-04-03,61.42
2020-04-04,50.68
2020-04-05,68.87
2020-04-06,0.0
2020-04-07,0.0
2020-04-08,0.0
2020-04-09,0.0
2020-04-10,0.0
2020-04-11,25.76
2020-04-12,34.55
2020-04-13,59.84
2020-04-14,50.46
2020-04-15,75.31
2020-04-16,48.2
2020-04-17,38.01
2020-04-18,18.03
2020-04-19,30.5
2020-04-20,56.92
2020-04-21,39.79
2020-04-22,51.33
2020-04-23,59.48
2020-04-24,78.36
2020-04-25,67.22
2020-04-26,54.18
2020-04-27,42.21
2020-04-28,52.77
2020-04-29,86.73
2020-04-30,112.59
2020-05-01,141.16
2020-05-02,114.11
2020-05-03,65.47
2020-05-04,72.31
2020-05-05,74.73
2020-05-06,76.19
2020-05-07,48.21
2020-05-08,83.68
2020-05-09,87.52
2020-05-10,91.93
2020-05-11,70.6
2020-05-12,49.58
2020-05-13,86.65
2020-05-14,78.34
2020-05-15,43.74
2020-05-16,69.27
2020-05-17,77.29
2020-05-18,76.97
2020-05-19,59.21
2020-05-20,68.58
2020-05-21,81.31
2020-05-22,113.31
2020-05-23,96.64
2020-05-24,55.05
2020-05-25,72.17
2020-05-26,90.41
2020-05-27,66.23
2020-05-28,108.29
2020-05-29,77.22
2020-05-30,51.65
2020-05-31,25.58
2020-06-01,33.74
2020-06-02,152.97
2020-06-03,486.99
2020-06-04,167.85
2020-06-05,29.73
2020-06-06,24.76
2020-06-07,43.07
2020-06-08,59.04
2020-06-09,84.35
2020-06-10,76.37
2020-06-11,87.65
2020-06-12,96.72
2020-06-13,93.78
2020-06-14,96.98
2020-06-15,108.35
2020-06-16,119.96
2020-06-17,131.87
2020-06-18,123.23
2020-06-19,169.06
2020-06-20,88.74
2020-06-21,0.0
2020-06-22,95.02
2020-06-23,312.18
2020-06-24,69.62
2020-06-25,57.96
2020-06-26,151.19
2020-06-27,0.0
2020-06-28,40.0
2020-06-29,60.69
2020-06-30,76.49
2020-07-01,100.99
2015-01-01,0.0
2015-01-02,0.0
2015-01-03,0.0
2015-01-04,0.0
2015-01-05,0.0
2015-01-06,0.0
2015-01-07,0.0
2015-01-08,0.0
2015-01-09,0.0
2015-01-10,0.0
2015-01-11,0.0
2015-01-12,0.0
2015-01-13,0.0
2015-01-14,0.0
2015-01-15,0.0
2015-01-16,0.0
2015-01-17,0.0
2015-01-18,0.0
2015-01-19,0.0
2015-01-20,0.0
2015-01-21,0.0
2015-01-22,0.0
2015-01-23,0.0
2015-01-24,0.0
2015-01-25,0.0
2015-01-26,0.0
2015-01-27,0.0
2015-01-28,0.0
2015-01-29,0.0
2015-01-30,0.0
2015-01-31,0.0
2015-02-01,0.0
2015-02-02,0.0
2015-02-03,0.0
2015-02-04,0.0
2015-02-05,0.0
2015-02-06,0.0
2015-02-07,0.0
2015-02-08,0.0
2015-02-09,0.0
2015-02-10,0.0
2015-02-11,0.0
2015-02-12,0.0
2015-02-13,0.0
2015-02-14,0.0
2015-02-15,0.0
2015-02-16,0.0
2015-02-17,0.0
2015-02-18,0.0
2015-02-19,0.0
2015-02-20,0.0
2015-02-21,0.0
2015-02-22,0.0
2015-02-23,0.0
2015-02-24,0.0
2015-02-25,0.0
2015-02-26,0.0
2015-02-27,0.0
2015-02-28,0.0
2015-03-01,0.0
2015-03-02,0.0
2015-03-03,0.0
2015-03-04,0.0
2015-03-05,0.0
2015-03-06,0.0
2015-03-07,0.0
2015-03-08,0.0
2015-03-09,0.0
2015-03-10,0.0
2015-03-11,0.0
2015-03-12,0.0
2015-03-13,0.0
2015-03-14,0.0
2015-03-15,0.0
2015-03-16,0.0
2015-03-17,0.0
2015-03-18,0.0
2015-03-19,0.0
2015-03-20,0.0
2015-03-21,0.0
2015-03-22,0.0
2015-03-23,0.0
2015-03-24,0.0
2015-03-25,0.0
2015-03-26,0.0
2015-03-27,0.0
2015-03-28,0.0
2015-03-29,0.0
2015-03-30,0.0
2015-03-31,0.0
2015-04-01,0.0
2015-04-02,0.0
2015-04-03,0.0
2015-04-04,0.0
2015-04-05,0.0
2015-04-06,0.0
2015-04-07,0.0
2015-04-08,0.0
2015-04-09,0.0
2015-04-10,0.0
2015-04-11,0.0
2015-04-12,0.0
2015-04-13,0.0
2015-04-14,0.0
2015-04-15,0.0
2015-04-16,0.0
2015-04-17,0.0
2015-04-18,0.0
2015-04-19,0.0
2015-04-20,0.0
2015-04-21,0.0
2015-04-22,0.0
2015-04-23,0.0
2015-04-24,0.0
2015-04-25,0.0
2015-04-26,0.0
2015-04-27,0.0
2015-04-28,0.0
2015-04-29,0.0
2015-04-30,0.0
2015-05-01,0.0
2015-05-02,0.0
2015-05-03,0.0
2015-05-04,0.0
2015-05-05,0.0
2015-05-06,0.0
2015-05-07,0.0
2015-05-08,0.0
2015-05-09,0.0
2015-05-10,0.0
2015-05-11,0.0
2015-05-12,0.0
2015-05-13,0.0
2015-05-14,0.0
2015-05-15,0.0
2015-05-16,0.0
2015-05-17,0.0
2015-05-18,0.0
2015-05-19,0.0
2015-05-20,0.0
2015-05-21,0.0
2015-05-22,0.0
2015-05-23,0.0
2015-05-24,0.0
2015-05-25,0.0
2015-05-26,0.0
2015-05-27,0.0
2015-05-28,0.0
2015-05-29,0.0
2015-05-30,0.0
2015-05-31,0.0
2015-06-01,0.0
2015-06-02,0.0
2015-06-03,0.0
2015-06-04,0.0
2015-06-05,0.0
2015-06-06,0.0
2015-06-07,0.0
2015-06-08,0.0
2015-06-09,0.0
2015-06-10,0.0
2015-06-11,0.0
2015-06-12,0.0
2015-06-13,0.0
2015-06-14,0.0
2015-06-15,0.0
2015-06-16,0.0
2015-06-17,0.0
2015-06-18,0.0
2015-06-19,0.0
2015-06-20,0.0
2015-06-21,0.0
2015-06-22,0.0
2015-06-23,0.0
2015-06-24,0.0
2015-06-25,0.0
2015-06-26,0.0
2015-06-27,0.0
2015-06-28,0.0
2015-06-29,0.0
2015-06-30,0.0
2015-07-01,0.0
2015-07-02,0.0
2015-07-03,0.0
2015-07-04,0.0
2015-07-05,0.0
2015-07-06,0.0
2015-07-07,0.0
2015-07-08,0.0
2015-07-09,0.0
2015-07-10,0.0
2015-07-11,0.0
2015-07-12,0.0
2015-07-13,0.0
2015-07-14,0.0
2015-07-15,0.0
2015-07-16,0.0
2015-07-17,0.0
2015-07-18,0.0
2015-07-19,0.0
2015-07-20,0.0
2015-07-21,0.0
2015-07-22,0.0
2015-07-23,0.0
2015-07-24,0.0
2015-07-25,0.0
2015-07-26,0.0
2015-07-27,0.0
2015-07-28,0.0
2015-07-29,0.0
2015-07-30,0.0
2015-07-31,0.0
2015-08-01,0.0
2015-08-02,0.0
2015-08-03,0.0
2015-08-04,0.0
2015-08-05,0.0
2015-08-06,0.0
2015-08-07,0.0
2015-08-08,0.0
2015-08-09,0.0
2015-08-10,0.0
2015-08-11,0.0
2015-08-12,0.0
2015-08-13,0.0
2015-08-14,0.0
2015-08-15,0.0
2015-08-16,0.0
2015-08-17,0.0
2015-08-18,0.0
2015-08-19,0.0
2015-08-20,0.0
2015-08-21,0.0
2015-08-22,0.0
2015-08-23,0.0
2015-08-24,0.0
2015-08-25,0.0
2015-08-26,0.0
2015-08-27,0.0
2015-08-28,0.0
2015-08-29,0.0
2015-08-30,0.0
2015-08-31,0.0
2015-09-01,0.0
2015-09-02,0.0
2015-09-03,0.0
2015-09-04,0.0
2015-09-05,0.0
2015-09-06,0.0
2015-09-07,0.0
2015-09-08,0.0
2015-09-09,0.0
2015-09-10,0.0
2015-09-11,0.0
2015-09-12,0.0
2015-09-13,0.0
2015-09-14,0.0
2015-09-15,0.0
2015-09-16,0.0
2015-09-17,0.0
2015-09-18,0.0
2015-09-19,0.0
2015-09-20,0.0
2015-09-21,0.0
2015-09-22,0.0
2015-09-23,0.0
2015-09-24,0.0
2015-09-25,0.0
2015-09-26,0.0
2015-09-27,0.0
2015-09-28,0.0
2015-09-29,0.0
2015-09-30,0.0
2015-10-01,0.0
2015-10-02,0.0
2015-10-03,0.0
2015-10-04,0.0
2015-10-05,0.0
2015-10-06,0.0
2015-10-07,0.0
2015-10-08,0.0
2015-10-09,0.0
2015-10-10,0.0
2015-10-11,0.0
2015-10-12,0.0
2015-10-13,0.0
2015-10-14,0.0
2015-10-15,0.0
2015-10-16,0.0
2015-10-17,0.0
2015-10-18,0.0
2015-10-19,0.0
2015-10-20,0.0
2015-10-21,0.0
2015-10-22,0.0
2015-10-23,0.0
2015-10-24,0.0
2015-10-25,0.0
2015-10-26,0.0
2015-10-27,0.0
2015-10-28,0.0
2015-10-29,0.0
2015-10-30,0.0
2015-10-31,0.0
2015-11-01,0.0
2015-11-02,0.0
2015-11-03,0.0
2015-11-04,0.0
2015-11-05,0.0
2015-11-06,0.0
2015-11-07,70.46
2015-11-08,0.0
2015-11-09,0.0
2015-11-10,43.64
2015-11-11,0.0
2015-11-12,0.0
2015-11-13,153.3
2015-11-14,156.84
2015-11-15,59.94
2015-11-16,16.77
2015-11-17,8.22
2015-11-18,16.42
2015-11-19,39.86
2015-11-20,31.44
2015-11-21,24.35
2015-11-22,15.69
2015-11-23,36.84
2015-11-24,33.97
2015-11-25,36.29
2015-11-26,43.65
2015-11-27,112.78
2015-11-28,114.34
2015-11-29,75.79
2015-11-30,53.7
2015-12-01,55.71
2015-12-02,33.82
2015-12-03,72.72
2015-12-04,102.15
2015-12-05,89.26
2015-12-06,0.0
2015-12-07,85.25
2015-12-08,82.86
2015-12-09,78.58
2015-12-10,58.04
2015-12-11,79.07
2015-12-12,73.43
2015-12-13,64.09
2015-12-14,56.71
2015-12-15,100.76
2015-12-16,56.41
2015-12-17,62.41
2015-12-18,85.88
2015-12-19,78.99
2015-12-20,65.74
2015-12-21,72.52
2015-12-22,84.48
2015-12-23,74.68
2015-12-24,81.49
2015-12-25,81.97
2015-12-26,63.84
2015-12-27,76.37
2015-12-28,83.91
2015-12-29,73.13
2015-12-30,74.0
2015-12-31,74.39
2016-01-01,95.08
2016-01-02,93.92
2016-01-03,99.34
2016-01-04,104.62
2016-01-05,105.12
2016-01-06,91.74
2016-01-07,74.3
2016-01-08,62.77
2016-01-09,74.11
2016-01-10,63.19
2016-01-11,53.24
2016-01-12,0.0
2016-01-13,160.0
2016-01-14,172.02
2016-01-15,160.87
2016-01-16,235.32
2016-01-17,149.82
2016-01-18,133.08
2016-01-19,113.92
2016-01-20,122.54
2016-01-21,62.27
2016-01-22,150.78
2016-01-23,133.63
2016-01-24,92.58
2016-01-25,121.42
2016-01-26,108.47
2016-01-27,76.37
2016-01-28,50.03
2016-01-29,83.23
2016-01-30,130.22
2016-01-31,218.27
2016-02-01,158.01
2016-02-02,159.14
2016-02-03,193.59
2016-02-04,152.36
2016-02-05,121.86
2016-02-06,169.11
2016-02-07,351.51
2016-02-08,154.26
2016-02-09,223.57
2016-02-10,256.75
2016-02-11,190.47
2016-02-12,164.48
2016-02-13,146.45
2016-02-14,113.87
2016-02-15,100.3
2016-02-16,108.68
2016-02-17,145.32
2016-02-18,138.17
2016-02-19,146.23
2016-02-20,116.89
2016-02-21,107.54
2016-02-22,127.67
2016-02-23,142.12
2016-02-24,100.07
2016-02-25,100.6
2016-02-26,102.39
2016-02-27,98.29
2016-02-28,115.9
2016-02-29,144.04
2016-03-01,154.64
2016-03-02,134.78
2016-03-03,148.57
2016-03-04,137.04
2016-03-05,132.73
2016-03-06,120.86
2016-03-07,120.32
2016-03-08,122.4
2016-03-09,150.19
2016-03-10,161.1
2016-03-11,173.24
2016-03-12,163.88
2016-03-13,144.67
2016-03-14,148.74
2016-03-15,144.33
2016-03-16,144.2
2016-03-17,151.36
2016-03-18,194.0
2016-03-19,206.35
2016-03-20,189.8
2016-03-21,164.52
2016-03-22,190.04
2016-03-23,186.28
2016-03-24,180.42
2016-03-25,183.03
2016-03-26,165.97
2016-03-27,175.45
2016-03-28,157.8
2016-03-29,162.1
2016-03-30,142.17
2016-03-31,156.52
2016-04-01,150.05
2016-04-02,159.41
2016-04-03,157.92
2016-04-04,165.25
2016-04-05,215.52
2016-04-06,254.77
2016-04-07,208.97
2016-04-08,318.02
2016-04-09,152.78
2016-04-10,144.68
2016-04-11,159.23
2016-04-12,177.82
2016-04-13,159.45
2016-04-14,224.24
2016-04-15,196.65
2016-04-16,171.26
2016-04-17,145.98
2016-04-18,158.75
2016-04-19,134.47
2016-04-20,160.06
2016-04-21,168.98
2016-04-22,130.54
2016-04-23,107.52
2016-04-24,92.73
2016-04-25,103.22
2016-04-26,68.46
2016-04-27,56.09
2016-04-28,54.05
2016-04-29,58.28
2016-04-30,59.08
2016-05-01,63.4
2016-05-02,63.61
2016-05-03,63.42
2016-05-04,56.57
2016-05-05,58.14
2016-05-06,35.12
2016-05-07,44.02
2016-05-08,42.02
2016-05-09,34.82
2016-05-10,230.2
2016-05-11,50.58
2016-05-12,54.8
2016-05-13,45.82
2016-05-14,52.87
2016-05-15,46.27
2016-05-16,39.39
2016-05-17,42.55
2016-05-18,41.15
2016-05-19,29.97
2016-05-20,33.48
2016-05-21,41.96
2016-05-22,43.16
2016-05-23,52.72
2016-05-24,40.98
2016-05-25,32.45
2016-05-26,34.84
2016-05-27,39.88
2016-05-28,36.26
2016-05-29,19.21
2016-05-30,29.59
2016-05-31,32.09
2016-06-01,26.07
2016-06-02,21.58
2016-06-03,33.69
2016-06-04,28.67
2016-06-05,32.38
2016-06-06,21.86
2016-06-07,20.31
2016-06-08,19.38
2016-06-09,20.5
2016-06-10,19.97
2016-06-11,21.74
2016-06-12,24.12
2016-06-13,23.79
2016-06-14,23.6
2016-06-15,38.42
2016-06-16,27.07
2016-06-17,48.51
2016-06-18,80.7
2016-06-19,105.43
2016-06-20,72.63
2016-06-21,194.62
2016-06-22,23.86
2016-06-23,15.46
2016-06-24,23.51
2016-06-25,0.0
2016-06-26,0.0
2016-06-27,48.92
2016-06-28,34.13
2016-06-29,17.1
2016-06-30,48.92
2016-07-01,35.36
2016-07-02,9.93
2016-07-03,30.52
2016-07-04,112.27
2016-07-05,57.25
2016-07-06,42.66
2016-07-07,33.56
2016-07-08,49.66
2016-07-09,51.22
2016-07-10,27.9
2016-07-11,51.32
2016-07-12,41.88
2016-07-13,40.21
2016-07-14,52.13
2016-07-15,39.43
2016-07-16,33.87
2016-07-17,42.24
2016-07-18,30.53
2016-07-19,25.62
2016-07-20,29.45
2016-07-21,21.82
2016-07-22,77.75
2016-07-23,56.61
2016-07-24,0.0
2016-07-25,112.53
2016-07-26,0.0
2016-07-27,0.0
2016-07-28,97.59
2016-07-29,46.72
2016-07-30,62.96
2016-07-31,138.45
2016-08-01,69.17
2016-08-02,95.02
2016-08-03,77.41
2016-08-04,51.42
2016-08-05,34.42
2016-08-06,0.0
2016-08-07,0.0
2016-08-08,38.47
2016-08-09,38.09
2016-08-10,0.0
2016-08-11,60.6
2016-08-12,0.0
2016-08-13,0.0
2016-08-14,97.04
2016-08-15,61.19
2016-08-16,55.19
2016-08-17,83.6
2016-08-18,63.13
2016-08-19,18.46
2016-08-20,13.98
2016-08-21,11.73
2016-08-22,29.35
2016-08-23,77.31
2016-08-24,73.18
2016-08-25,62.79
2016-08-26,51.59
2016-08-27,66.91
2016-08-28,58.75
2016-08-29,59.6
2016-08-30,33.7
2016-08-31,51.69
2016-09-01,46.28
2016-09-02,72.41
2016-09-03,74.7
2016-09-04,59.38
2016-09-05,51.96
2016-09-06,64.32
2016-09-07,53.47
2016-09-08,65.4
2016-09-09,55.92
2016-09-10,68.24
2016-09-11,57.37
2016-09-12,62.86
2016-09-13,48.92
2016-09-14,45.66
2016-09-15,41.09
2016-09-16,57.94
2016-09-17,79.93
2016-09-18,80.19
2016-09-19,49.89
2016-09-20,44.55
2016-09-21,33.79
2016-09-22,52.66
2016-09-23,103.69
2016-09-24,102.24
2016-09-25,131.33
2016-09-26,116.82
2016-09-27,105.03
2016-09-28,95.12
2016-09-29,71.0
2016-09-30,121.03
2016-10-01,100.91
2016-10-02,102.73
2016-10-03,122.73
2016-10-04,112.72
2016-10-05,94.23
2016-10-06,81.36
2016-10-07,139.73
2016-10-08,91.1
2016-10-09,85.18
2016-10-10,72.83
2016-10-11,70.21
2016-10-12,74.85
2016-10-13,66.38
2016-10-14,0.0
2016-10-15,154.1
2016-10-16,155.04
2016-10-17,182.16
2016-10-18,180.64
2016-10-19,191.47
2016-10-20,181.92
2016-10-21,191.9
2016-10-22,195.61
2016-10-23,184.81
2016-10-24,179.79
2016-10-25,224.1
2016-10-26,116.92
2016-10-27,137.68
2016-10-28,123.91
2016-10-29,130.99
2016-10-30,130.15
2016-10-31,95.71
2016-11-01,0.0
2016-11-02,142.2
2016-11-03,111.6
2016-11-04,118.8
2016-11-05,117.02
2016-11-06,69.46
2016-11-07,100.27
2016-11-08,109.02
2016-11-09,120.41
2016-11-10,130.54
2016-11-11,150.94
2016-11-12,127.44
2016-11-13,121.18
2016-11-14,82.83
2016-11-15,56.85
2016-11-16,130.25
2016-11-17,133.97
2016-11-18,135.71
2016-11-19,0.0
2016-11-20,0.0
2016-11-21,182.79
2016-11-22,141.03
2016-11-23,173.09
2016-11-24,152.15
2016-11-25,158.04
2016-11-26,164.12
2016-11-27,171.52
2016-11-28,176.99
2016-11-29,194.37
2016-11-30,170.26
2016-12-01,137.86
2016-12-02,78.55
2016-12-03,102.86
2016-12-04,136.05
2016-12-05,124.78
2016-12-06,155.51
2016-12-07,132.73
2016-12-08,128.54
2016-12-09,135.0
2016-12-10,124.8
2016-12-11,138.06
2016-12-12,131.75
2016-12-13,0.0
2016-12-14,180.88
2016-12-15,142.64
2016-12-16,137.45
2016-12-17,143.58
2016-12-18,130.91
2016-12-19,144.73
2016-12-20,121.19
2016-12-21,99.9
2016-12-22,176.96
2016-12-23,150.64
2016-12-24,141.76
2016-12-25,145.35
2016-12-26,121.66
2016-12-27,111.09
2016-12-28,80.87
2016-12-29,112.78
2016-12-30,134.46
2016-12-31,128.38
2017-01-01,105.61
2017-01-02,105.34
2017-01-03,106.4
2017-01-04,118.86
2017-01-05,114.62
2017-01-06,131.53
2017-01-07,140.54
2017-01-08,124.94
2017-01-09,136.23
2017-01-10,125.23
2017-01-11,142.13
2017-01-12,140.88
2017-01-13,108.09
2017-01-14,0.0
2017-01-15,0.0
2017-01-16,128.58
2017-01-17,130.28
2017-01-18,111.56
2017-01-19,104.2
2017-01-20,116.54
2017-01-21,103.46
2017-01-22,102.7
2017-01-23,125.79
2017-01-24,121.2
2017-01-25,114.94
2017-01-26,109.75
2017-01-27,87.39
2017-01-28,65.08
2017-01-29,59.96
2017-01-30,83.98
2017-01-31,81.51
2017-02-01,81.76
2017-02-02,82.75
2017-02-03,93.4
2017-02-04,0.0
2017-02-05,0.0
2017-02-06,117.9
2017-02-07,102.65
2017-02-08,91.18
2017-02-09,103.85
2017-02-10,102.51
2017-02-11,93.69
2017-02-12,81.87
2017-02-13,71.6
2017-02-14,71.16
2017-02-15,78.71
2017-02-16,86.61
2017-02-17,114.34
2017-02-18,99.64
2017-02-19,108.35
2017-02-20,115.91
2017-02-21,122.79
2017-02-22,116.85
2017-02-23,107.48
2017-02-24,92.91
2017-02-25,86.08
2017-02-26,90.69
2017-02-27,85.57
2017-02-28,87.32
2017-03-01,98.33
2017-03-02,85.55
2017-03-03,89.98
2017-03-04,75.22
2017-03-05,78.15
2017-03-06,74.17
2017-03-07,81.97
2017-03-08,84.76
2017-03-09,98.45
2017-03-10,71.8
2017-03-11,76.71
2017-03-12,65.19
2017-03-13,98.52
2017-03-14,70.51
2017-03-15,66.24
2017-03-16,63.81
2017-03-17,107.17
2017-03-18,87.57
2017-03-19,81.68
2017-03-20,105.25
2017-03-21,95.55
2017-03-22,105.81
2017-03-23,102.04
2017-03-24,107.42
2017-03-25,114.14
2017-03-26,116.45
2017-03-27,114.11
2017-03-28,105.81
2017-03-29,89.06
2017-03-30,69.68
2017-03-31,94.22
2017-04-01,108.37
2017-04-02,104.58
2017-04-03,106.07
2017-04-04,99.33
2017-04-05,78.34
2017-04-06,92.48
2017-04-07,79.87
2017-04-08,103.5
2017-04-09,89.11
2017-04-10,90.64
2017-04-11,92.2
2017-04-12,84.95
2017-04-13,105.34
2017-04-14,104.38
2017-04-15,101.83
2017-04-16,102.67
2017-04-17,79.44
2017-04-18,66.4
2017-04-19,84.63
2017-04-20,56.29
2017-04-21,80.41
2017-04-22,62.1
2017-04-23,74.8
2017-04-24,0.0
2017-04-25,108.62
2017-04-26,110.88
2017-04-27,100.72
2017-04-28,84.02
2017-04-29,76.53
2017-04-30,111.3
2017-05-01,80.58
2017-05-02,78.44
2017-05-03,87.15
2017-05-04,90.14
2017-05-05,85.96
2017-05-06,92.31
2017-05-07,76.29
2017-05-08,57.56
2017-05-09,57.82
2017-05-10,74.07
2017-05-11,35.51
2017-05-12,62.09
2017-05-13,73.92
2017-05-14,73.47
2017-05-15,50.05
2017-05-16,65.84
2017-05-17,65.3
2017-05-18,59.73
2017-05-19,45.38
2017-05-20,68.76
2017-05-21,50.36
2017-05-22,69.24
2017-05-23,63.33
2017-05-24,58.26
2017-05-25,59.53
2017-05-26,69.0
2017-05-27,44.46
2017-05-28,52.33
2017-05-29,60.65
2017-05-30,56.28
2017-05-31,77.5
2017-06-01,59.56
2017-06-02,60.05
2017-06-03,56.9
2017-06-04,0.0
2017-06-05,82.88
2017-06-06,49.92
2017-06-07,32.85
2017-06-08,75.64
2017-06-09,82.24
2017-06-10,91.96
2017-06-11,77.75
2017-06-12,65.59
2017-06-13,100.65
2017-06-14,95.84
2017-06-15,112.8
2017-06-16,89.59
2017-06-17,87.23
2017-06-18,92.85
2017-06-19,85.76
2017-06-20,90.54
2017-06-21,110.37
2017-06-22,71.41
2017-06-23,38.64
2017-06-24,123.16
2017-06-25,89.68
2017-06-26,96.37
2017-06-27,111.77
2017-06-28,97.49
2017-06-29,78.38
2017-06-30,107.39
2017-07-01,129.55
2017-07-02,110.45
2017-07-03,93.48
2017-07-04,82.18
2017-07-05,87.64
2017-07-06,79.21
2017-07-07,126.74
2017-07-08,120.31
2017-07-09,109.11
2017-07-10,102.45
2017-07-11,88.16
2017-07-12,76.48
2017-07-13,95.74
2017-07-14,96.47
2017-07-15,112.32
2017-07-16,98.67
2017-07-17,110.36
2017-07-18,82.75
2017-07-19,66.58
2017-07-20,87.62
2017-07-21,104.24
2017-07-22,120.48
2017-07-23,117.82
2017-07-24,111.03
2017-07-25,99.2
2017-07-26,105.63
2017-07-27,95.5
2017-07-28,77.97
2017-07-29,88.52
2017-07-30,91.72
2017-07-31,90.24
2017-08-01,91.01
2017-08-02,91.07
2017-08-03,74.63
2017-08-04,62.14
2017-08-05,78.23
2017-08-06,81.72
2017-08-07,88.33
2017-08-08,99.54
2017-08-09,92.2
2017-08-10,77.12
2017-08-11,71.85
2017-08-12,61.7
2017-08-13,116.59
2017-08-14,115.3
2017-08-15,68.12
2017-08-16,60.6
2017-08-17,78.23
2017-08-18,57.1
2017-08-19,53.12
2017-08-20,61.8
2017-08-21,88.86
2017-08-22,89.66
2017-08-23,75.76
2017-08-24,66.25
2017-08-25,49.59
2017-08-26,72.62
2017-08-27,48.41
2017-08-28,89.92
2017-08-29,100.74
2017-08-30,90.87
2017-08-31,111.68
2017-09-01,86.06
2017-09-02,87.12
2017-09-03,59.94
2017-09-04,85.24
2017-09-05,98.1
2017-09-06,49.13
2017-09-07,100.44
2017-09-08,72.73
2017-09-09,83.19
2017-09-10,93.49
2017-09-11,115.56
2017-09-12,104.51
2017-09-13,108.42
2017-09-14,90.68
2017-09-15,71.81
2017-09-16,92.8
2017-09-17,52.78
2017-09-18,66.31
2017-09-19,87.05
2017-09-20,81.53
2017-09-21,80.51
2017-09-22,80.49
2017-09-23,91.14
2017-09-24,112.5
2017-09-25,53.18
2017-09-26,76.88
2017-09-27,50.86
2017-09-28,90.26
2017-09-29,71.25
2017-09-30,68.52
2017-10-01,57.46
2017-10-02,46.54
2017-10-03,63.75
2017-10-04,67.04
2017-10-05,42.33
2017-10-06,55.39
2017-10-07,70.61
2017-10-08,65.04
2017-10-09,71.87
2017-10-10,73.85
2017-10-11,62.71
2017-10-12,54.56
2017-10-13,52.24
2017-10-14,44.65
2017-10-15,50.86
2017-10-16,76.61
2017-10-17,118.88
2017-10-18,188.67
2017-10-19,147.94
2017-10-20,264.9
2017-10-21,157.62
2017-10-22,118.74
2017-10-23,123.41
2017-10-24,176.27
2017-10-25,134.15
2017-10-26,88.04
2017-10-27,87.11
2017-10-28,91.81
2017-10-29,100.35
2017-10-30,82.59
2017-10-31,68.08
2017-11-01,56.91
2017-11-02,57.13
2017-11-03,73.54
2017-11-04,64.65
2017-11-05,29.28
2017-11-06,27.3
2017-11-07,42.42
2017-11-08,40.08
2017-11-09,66.25
2017-11-10,51.65
2017-11-11,77.14
2017-11-12,72.0
2017-11-13,57.77
2017-11-14,65.86
2017-11-15,66.28
2017-11-16,78.07
2017-11-17,71.36
2017-11-18,63.17
2017-11-19,59.05
2017-11-20,58.7
2017-11-21,41.37
2017-11-22,46.73
2017-11-23,63.39
2017-11-24,80.23
2017-11-25,81.86
2017-11-26,69.67
2017-11-27,57.05
2017-11-28,65.13
2017-11-29,64.65
2017-11-30,36.84
2017-12-01,19.23
2017-12-02,53.35
2017-12-03,69.73
2017-12-04,71.86
2017-12-05,63.98
2017-12-06,92.18
2017-12-07,77.97
2017-12-08,93.55
2017-12-09,108.41
2017-12-10,117.05
2017-12-11,85.74
2017-12-12,85.6
2017-12-13,93.92
2017-12-14,73.5
2017-12-15,55.14
2017-12-16,63.26
2017-12-17,69.56
2017-12-18,81.51
2017-12-19,72.71
2017-12-20,70.28
2017-12-21,62.23
2017-12-22,58.04
2017-12-23,60.26
2017-12-24,38.57
2017-12-25,45.31
2017-12-26,60.95
2017-12-27,87.05
2017-12-28,83.3
2017-12-29,74.48
2017-12-30,70.68
2017-12-31,59.11
2018-01-01,74.54
2018-01-02,78.63
2018-01-03,69.71
2018-01-04,80.05
2018-01-05,93.29
2018-01-06,94.22
2018-01-07,94.39
2018-01-08,77.23
2018-01-09,76.89
2018-01-10,71.0
2018-01-11,63.45
2018-01-12,76.54
2018-01-13,98.69
2018-01-14,110.99
2018-01-15,100.57
2018-01-16,99.23
2018-01-17,101.11
2018-01-18,103.52
2018-01-19,92.99
2018-01-20,114.17
2018-01-21,104.31
2018-01-22,119.95
2018-01-23,132.27
2018-01-24,125.43
2018-01-25,129.02
2018-01-26,117.17
2018-01-27,143.26
2018-01-28,124.79
2018-01-29,114.19
2018-01-30,115.21
2018-01-31,112.97
2018-02-01,106.5
2018-02-02,103.77
2018-02-03,104.97
2018-02-04,99.74
2018-02-05,94.58
2018-02-06,98.75
2018-02-07,95.75
2018-02-08,87.19
2018-02-09,96.52
2018-02-10,84.89
2018-02-11,96.63
2018-02-12,88.93
2018-02-13,55.15
2018-02-14,68.55
2018-02-15,59.31
2018-02-16,53.91
2018-02-17,70.68
2018-02-18,64.77
2018-02-19,62.32
2018-02-20,66.18
2018-02-21,79.69
2018-02-22,64.91
2018-02-23,71.15
2018-02-24,56.42
2018-02-25,33.81
2018-02-26,25.9
2018-02-27,30.13
2018-02-28,56.03
2018-03-01,99.47
2018-03-02,116.47
2018-03-03,121.49
2018-03-04,128.58
2018-03-05,94.71
2018-03-06,109.19
2018-03-07,114.17
2018-03-08,125.36
2018-03-09,133.95
2018-03-10,143.26
2018-03-11,123.62
2018-03-12,105.52
2018-03-13,63.71
2018-03-14,85.74
2018-03-15,54.8
2018-03-16,33.54
2018-03-17,33.85
2018-03-18,33.52
2018-03-19,57.31
2018-03-20,70.07
2018-03-21,98.38
2018-03-22,176.51
2018-03-23,136.77
2018-03-24,141.77
2018-03-25,113.42
2018-03-26,94.3
2018-03-27,72.36
2018-03-28,0.0
2018-03-29,129.91
2018-03-30,126.18
2018-03-31,95.37
2018-04-01,112.89
2018-04-02,96.92
2018-04-03,100.63
2018-04-04,106.41
2018-04-05,114.6
2018-04-06,108.71
2018-04-07,109.09
2018-04-08,94.63
2018-04-09,67.05
2018-04-10,64.9
2018-04-11,63.33
2018-04-12,64.13
2018-04-13,57.17
2018-04-14,60.06
2018-04-15,57.83
2018-04-16,55.0
2018-04-17,61.9
2018-04-18,69.46
2018-04-19,79.33
2018-04-20,60.94
2018-04-21,84.17
2018-04-22,75.88
2018-04-23,60.47
2018-04-24,77.31
2018-04-25,58.32
2018-04-26,0.0
2018-04-27,0.0
2018-04-28,0.0
2018-04-29,0.0
2018-04-30,0.0
2018-05-01,0.0
2018-05-02,0.0
2018-05-03,0.0
2018-05-04,0.0
2018-05-05,0.0
2018-05-06,0.0
2018-05-07,0.0
2018-05-08,0.0
2018-05-09,0.0
2018-05-10,0.0
2018-05-11,0.0
2018-05-12,0.0
2018-05-13,0.0
2018-05-14,0.0
2018-05-15,0.0
2018-05-16,0.0
2018-05-17,0.0
2018-05-18,124.39
2018-05-19,94.78
2018-05-20,66.81
2018-05-21,58.23
2018-05-22,71.88
2018-05-23,84.46
2018-05-24,65.64
2018-05-25,64.28
2018-05-26,43.62
2018-05-27,52.37
2018-05-28,48.38
2018-05-29,27.94
2018-05-30,38.75
2018-05-31,41.38
2018-06-01,60.8
2018-06-02,54.34
2018-06-03,29.26
2018-06-04,28.86
2018-06-05,22.18
2018-06-06,27.69
2018-06-07,31.71
2018-06-08,21.36
2018-06-09,26.98
2018-06-10,28.7
2018-06-11,34.25
2018-06-12,48.19
2018-06-13,48.59
2018-06-14,35.64
2018-06-15,33.51
2018-06-16,43.59
2018-06-17,42.66
2018-06-18,100.6
2018-06-19,100.12
2018-06-20,73.69
2018-06-21,76.66
2018-06-22,79.08
2018-06-23,55.83
2018-06-24,73.73
2018-06-25,70.62
2018-06-26,56.97
2018-06-27,42.25
2018-06-28,34.44
2018-06-29,44.86
2018-06-30,65.8
2018-07-01,64.03
2018-07-02,55.13
2018-07-03,62.68
2018-07-04,71.37
2018-07-05,74.52
2018-07-06,58.91
2018-07-07,38.84
2018-07-08,42.49
2018-07-09,56.44
2018-07-10,52.63
2018-07-11,53.13
2018-07-12,51.19
2018-07-13,47.82
2018-07-14,60.54
2018-07-15,63.33
2018-07-16,47.19
2018-07-17,53.45
2018-07-18,56.14
2018-07-19,43.02
2018-07-20,41.94
2018-07-21,52.67
2018-07-22,67.89
2018-07-23,51.56
2018-07-24,50.14
2018-07-25,44.75
2018-07-26,55.87
2018-07-27,64.9
2018-07-28,64.54
2018-07-29,57.53
2018-07-30,65.5
2018-07-31,67.39
2018-08-01,68.6
2018-08-02,68.41
2018-08-03,71.35
2018-08-04,94.02
2018-08-05,81.19
2018-08-06,66.31
2018-08-07,59.59
2018-08-08,43.88
2018-08-09,55.07
2018-08-10,59.31
2018-08-11,46.24
2018-08-12,35.22
2018-08-13,39.72
2018-08-14,31.87
2018-08-15,36.24
2018-08-16,38.58
2018-08-17,52.28
2018-08-18,65.73
2018-08-19,52.97
2018-08-20,67.41
2018-08-21,77.55
2018-08-22,74.0
2018-08-23,52.66
2018-08-24,60.28
2018-08-25,75.89
2018-08-26,60.03
2018-08-27,64.68
2018-08-28,63.28
2018-08-29,49.08
2018-08-30,66.23
2018-08-31,57.18
2018-09-01,78.59
2018-09-02,69.2
2018-09-03,73.19
2018-09-04,81.02
2018-09-05,77.04
2018-09-06,71.56
2018-09-07,66.34
2018-09-08,47.45
2018-09-09,56.66
2018-09-10,72.52
2018-09-11,79.46
2018-09-12,73.31
2018-09-13,76.26
2018-09-14,76.6
2018-09-15,56.2
2018-09-16,55.34
2018-09-17,49.62
2018-09-18,64.1
2018-09-19,69.15
2018-09-20,74.65
2018-09-21,81.33
2018-09-22,80.93
2018-09-23,75.04
2018-09-24,56.12
2018-09-25,63.24
2018-09-26,76.66
2018-09-27,72.24
2018-09-28,77.69
2018-09-29,64.18
2018-09-30,62.82
2018-10-01,66.61
2018-10-02,51.79
2018-10-03,52.6
2018-10-04,46.9
2018-10-05,40.41
2018-10-06,42.0
2018-10-07,69.05
2018-10-08,96.04
2018-10-09,91.63
2018-10-10,109.21
2018-10-11,147.26
2018-10-12,151.57
2018-10-13,158.69
2018-10-14,100.3
2018-10-15,88.52
2018-10-16,94.07
2018-10-17,51.83
2018-10-18,55.23
2018-10-19,61.94
2018-10-20,86.65
2018-10-21,122.86
2018-10-22,132.8
2018-10-23,123.18
2018-10-24,111.41
2018-10-25,121.55
2018-10-26,123.42
2018-10-27,112.7
2018-10-28,96.1
2018-10-29,101.84
2018-10-30,109.55
2018-10-31,106.07
2018-11-01,66.49
2018-11-02,56.53
2018-11-03,63.23
2018-11-04,77.72
2018-11-05,90.86
2018-11-06,116.55
2018-11-07,107.56
2018-11-08,108.02
2018-11-09,98.45
2018-11-10,88.44
2018-11-11,101.12
2018-11-12,120.24
2018-11-13,130.84
2018-11-14,143.53
2018-11-15,105.52
2018-11-16,59.99
2018-11-17,96.6
2018-11-18,83.45
2018-11-19,61.66
2018-11-20,67.23
2018-11-21,71.11
2018-11-22,39.52
2018-11-23,50.78
2018-11-24,93.05
2018-11-25,106.53
2018-11-26,119.7
2018-11-27,137.9
2018-11-28,112.2
2018-11-29,86.54
2018-11-30,79.92
2018-12-01,83.54
2018-12-02,68.25
2018-12-03,69.43
2018-12-04,74.27
2018-12-05,64.2
2018-12-06,81.35
2018-12-07,150.02
2018-12-08,98.66
2018-12-09,110.14
2018-12-10,137.41
2018-12-11,177.97
2018-12-12,142.62
2018-12-13,103.83
2018-12-14,84.47
2018-12-15,81.06
2018-12-16,109.67
2018-12-17,140.52
2018-12-18,181.41
2018-12-19,132.37
2018-12-20,105.66
2018-12-21,106.8
2018-12-22,93.24
2018-12-23,86.46
2018-12-24,85.68
2018-12-25,102.48
2018-12-26,100.47
2018-12-27,107.8
2018-12-28,111.01
2018-12-29,106.31
2018-12-30,100.07
2018-12-31,107.44
2019-01-01,107.76
2019-01-02,92.47
2019-01-03,96.42
2019-01-04,105.52
2019-01-05,99.1
2019-01-06,105.51
2019-01-07,116.5
2019-01-08,106.76
2019-01-09,113.27
2019-01-10,108.49
2019-01-11,111.13
2019-01-12,121.91
2019-01-13,99.59
2019-01-14,110.39
2019-01-15,86.88
2019-01-16,99.49
2019-01-17,120.55
2019-01-18,118.41
2019-01-19,102.34
2019-01-20,82.67
2019-01-21,99.24
2019-01-22,136.15
2019-01-23,121.85
2019-01-24,109.76
2019-01-25,87.96
2019-01-26,101.59
2019-01-27,87.62
2019-01-28,73.19
2019-01-29,62.01
2019-01-30,92.31
2019-01-31,94.63
2019-02-01,99.62
2019-02-02,96.87
2019-02-03,87.56
2019-02-04,70.95
2019-02-05,82.59
2019-02-06,115.27
2019-02-07,117.29
2019-02-08,108.3
2019-02-09,123.42
2019-02-10,93.13
2019-02-11,78.53
2019-02-12,88.06
2019-02-13,92.86
2019-02-14,84.87
2019-02-15,92.27
2019-02-16,98.49
2019-02-17,108.7
2019-02-18,104.51
2019-02-19,98.5
2019-02-20,79.97
2019-02-21,92.9
2019-02-22,101.4
2019-02-23,113.03
2019-02-24,97.06
2019-02-25,96.15
2019-02-26,101.91
2019-02-27,94.03
2019-02-28,111.32
2019-03-01,125.3
2019-03-02,95.38
2019-03-03,92.75
2019-03-04,100.96
2019-03-05,112.83
2019-03-06,116.45
2019-03-07,158.87
2019-03-08,141.49
2019-03-09,114.17
2019-03-10,85.59
2019-03-11,79.55
2019-03-12,108.89
2019-03-13,120.17
2019-03-14,116.74
2019-03-15,110.46
2019-03-16,118.8
2019-03-17,104.35
2019-03-18,99.47
2019-03-19,94.23
2019-03-20,91.98
2019-03-21,94.78
2019-03-22,96.39
2019-03-23,102.51
2019-03-24,93.06
2019-03-25,105.51
2019-03-26,112.26
2019-03-27,121.14
2019-03-28,129.96
2019-03-29,129.31
2019-03-30,123.2
2019-03-31,107.85
2019-04-01,110.5
2019-04-02,123.38
2019-04-03,120.13
2019-04-04,108.63
2019-04-05,108.25
2019-04-06,112.08
2019-04-07,103.64
2019-04-08,94.86
2019-04-09,90.8
2019-04-10,107.04
2019-04-11,113.7
2019-04-12,109.0
2019-04-13,98.37
2019-04-14,89.76
2019-04-15,92.14
2019-04-16,94.39
2019-04-17,97.64
2019-04-18,72.34
2019-04-19,63.83
2019-04-20,73.46
2019-04-21,69.39
2019-04-22,92.48
2019-04-23,77.31
2019-04-24,85.7
2019-04-25,109.49
2019-04-26,109.42
2019-04-27,123.11
2019-04-28,117.36
2019-04-29,108.27
2019-04-30,94.01
2019-05-01,74.84
2019-05-02,102.47
2019-05-03,95.06
2019-05-04,116.59
2019-05-05,110.84
2019-05-06,106.65
2019-05-07,87.52
2019-05-08,81.91
2019-05-09,94.86
2019-05-10,93.68
2019-05-11,93.84
2019-05-12,93.08
2019-05-13,86.2
2019-05-14,88.8
2019-05-15,81.23
2019-05-16,93.74
2019-05-17,91.59
2019-05-18,118.1
2019-05-19,101.63
2019-05-20,105.55
2019-05-21,93.68
2019-05-22,84.74
2019-05-23,97.98
2019-05-24,75.5
2019-05-25,71.31
2019-05-26,49.25
2019-05-27,59.78
2019-05-28,84.93
2019-05-29,62.28
2019-05-30,77.36
2019-05-31,60.85
2019-06-01,64.19
2019-06-02,64.72
2019-06-03,42.09
2019-06-04,61.65
2019-06-05,56.09
2019-06-06,51.53
2019-06-07,56.96
2019-06-08,53.47
2019-06-09,39.84
2019-06-10,25.87
2019-06-11,30.88
2019-06-12,35.87
2019-06-13,38.15
2019-06-14,47.2
2019-06-15,54.09
2019-06-16,56.08
2019-06-17,64.03
2019-06-18,64.96
2019-06-19,60.88
2019-06-20,53.32
2019-06-21,56.61
2019-06-22,45.48
2019-06-23,36.43
2019-06-24,44.9
2019-06-25,76.25
2019-06-26,61.12
2019-06-27,65.51
2019-06-28,85.13
2019-06-29,81.98
2019-06-30,63.53
2019-07-01,70.15
2019-07-02,62.01
2019-07-03,60.9
2019-07-04,60.19
2019-07-05,57.46
2019-07-06,51.06
2019-07-07,68.71
2019-07-08,55.7
2019-07-09,46.87
2019-07-10,50.35
2019-07-11,61.32
2019-07-12,62.33
2019-07-13,57.91
2019-07-14,51.48
2019-07-15,47.39
2019-07-16,46.99
2019-07-17,55.0
2019-07-18,62.36
2019-07-19,37.85
2019-07-20,42.66
2019-07-21,41.46
2019-07-22,41.71
2019-07-23,41.62
2019-07-24,63.75
2019-07-25,53.24
2019-07-26,53.25
2019-07-27,50.99
2019-07-28,49.13
2019-07-29,56.25
2019-07-30,56.4
2019-07-31,47.37
2019-08-01,51.46
2019-08-02,52.16
2019-08-03,46.6
2019-08-04,41.66
2019-08-05,29.63
2019-08-06,30.58
2019-08-07,32.65
2019-08-08,27.28
2019-08-09,30.16
2019-08-10,38.48
2019-08-11,38.27
2019-08-12,46.51
2019-08-13,46.9
2019-08-14,46.08
2019-08-15,38.14
2019-08-16,34.85
2019-08-17,52.0
2019-08-18,47.66
2019-08-19,49.59
2019-08-20,48.73
2019-08-21,45.86
2019-08-22,57.03
2019-08-23,44.78
2019-08-24,63.42
2019-08-25,55.99
2019-08-26,49.29
2019-08-27,47.0
2019-08-28,42.17
2019-08-29,44.99
2019-08-30,50.6
2019-08-31,65.26
2019-09-01,47.85
2019-09-02,27.78
2019-09-03,32.65
2019-09-04,40.46
2019-09-05,42.24
2019-09-06,44.08
2019-09-07,45.38
2019-09-08,45.47
2019-09-09,49.54
2019-09-10,58.85
2019-09-11,60.37
2019-09-12,57.11
2019-09-13,60.43
2019-09-14,56.94
2019-09-15,50.11
2019-09-16,40.74
2019-09-17,43.3
2019-09-18,63.17
2019-09-19,59.79
2019-09-20,56.78
2019-09-21,68.81
2019-09-22,53.11
2019-09-23,50.88
2019-09-24,36.94
2019-09-25,32.33
2019-09-26,41.07
2019-09-27,75.73
2019-09-28,78.07
2019-09-29,87.7
2019-09-30,53.78
2019-10-01,68.99
2019-10-02,36.79
2019-10-03,52.83
2019-10-04,58.29
2019-10-05,70.53
2019-10-06,55.82
2019-10-07,60.1
2019-10-08,39.4
2019-10-09,46.37
2019-10-10,70.64
2019-10-11,79.81
2019-10-12,75.75
2019-10-13,46.8
2019-10-14,52.98
2019-10-15,57.89
2019-10-16,57.38
2019-10-17,48.38
2019-10-18,52.13
2019-10-19,37.64
2019-10-20,39.02
2019-10-21,41.14
2019-10-22,35.11
2019-10-23,35.91
2019-10-24,46.46
2019-10-25,42.75
2019-10-26,47.6
2019-10-27,74.17
2019-10-28,78.91
2019-10-29,78.0
2019-10-30,42.23
2019-10-31,49.95
2019-11-01,77.15
2019-11-02,72.41
2019-11-03,71.78
2019-11-04,112.73
2019-11-05,144.98
2019-11-06,142.05
2019-11-07,136.66
2019-11-08,110.88
2019-11-09,102.59
2019-11-10,102.92
2019-11-11,117.91
2019-11-12,68.96
2019-11-13,81.26
2019-11-14,61.17
2019-11-15,65.78
2019-11-16,57.92
2019-11-17,64.16
2019-11-18,61.85
2019-11-19,51.01
2019-11-20,48.76
2019-11-21,78.55
2019-11-22,78.49
2019-11-23,68.13
2019-11-24,71.69
2019-11-25,69.94
2019-11-26,72.66
2019-11-27,65.25
2019-11-28,53.29
2019-11-29,61.34
2019-11-30,50.92
2019-12-01,42.5
2019-12-02,34.67
2019-12-03,55.3
2019-12-04,69.48
2019-12-05,91.85
2019-12-06,96.47
2019-12-07,71.64
2019-12-08,52.13
2019-12-09,56.84
2019-12-10,55.42
2019-12-11,63.74
2019-12-12,67.98
2019-12-13,71.83
2019-12-14,60.07
2019-12-15,66.09
2019-12-16,59.81
2019-12-17,61.09
2019-12-18,84.86
2019-12-19,77.48
2019-12-20,91.61
2019-12-21,89.87
2019-12-22,84.08
2019-12-23,89.98
2019-12-24,77.13
2019-12-25,71.87
2019-12-26,87.08
2019-12-27,87.09
2019-12-28,70.75
2019-12-29,73.77
2019-12-30,77.49
2019-12-31,84.76
2020-01-01,70.8
2020-01-02,62.73
2020-01-03,69.62
2020-01-04,106.81
2020-01-05,97.94
2020-01-06,62.08
2020-01-07,62.95
2020-01-08,74.18
2020-01-09,85.93
2020-01-10,83.02
2020-01-11,66.98
2020-01-12,75.34
2020-01-13,97.81
2020-01-14,108.24
2020-01-15,79.82
2020-01-16,84.68
2020-01-17,85.16
2020-01-18,65.04
2020-01-19,59.29
2020-01-20,82.12
2020-01-21,84.98
2020-01-22,71.37
2020-01-23,76.02
2020-01-24,84.68
2020-01-25,95.52
2020-01-26,93.93
2020-01-27,92.25
2020-01-28,98.54
2020-01-29,100.44
2020-01-30,107.2
2020-01-31,102.88
2020-02-01,105.15
2020-02-02,84.84
2020-02-03,80.75
2020-02-04,75.0
2020-02-05,74.45
2020-02-06,92.77
2020-02-07,103.19
2020-02-08,106.63
2020-02-09,111.14
2020-02-10,82.96
2020-02-11,77.23
2020-02-12,72.71
2020-02-13,86.81
2020-02-14,120.55
2020-02-15,129.65
2020-02-16,89.03
2020-02-17,94.89
2020-02-18,105.87
2020-02-19,97.46
2020-02-20,95.51
2020-02-21,72.85
2020-02-22,82.03
2020-02-23,85.26
2020-02-24,82.42
2020-02-25,97.01
2020-02-26,88.67
2020-02-27,92.84
2020-02-28,95.58
2020-02-29,95.45
2020-03-01,89.66
2020-03-02,115.89
2020-03-03,154.34
2020-03-04,118.07
2020-03-05,111.38
2020-03-06,83.19
2020-03-07,89.88
2020-03-08,84.01
2020-03-09,84.66
2020-03-10,89.64
2020-03-11,80.31
2020-03-12,78.55
2020-03-13,76.68
2020-03-14,72.04
2020-03-15,72.17
2020-03-16,71.05
2020-03-17,77.96
2020-03-18,72.55
2020-03-19,87.04
2020-03-20,94.45
2020-03-21,95.67
2020-03-22,66.88
2020-03-23,82.77
2020-03-24,82.89
2020-03-25,48.81
2020-03-26,51.53
2020-03-27,51.79
2020-03-28,45.75
2020-03-29,47.23
2020-03-30,53.57
2020-03-31,48.55
2020-04-01,49.89
2020-04-02,58.49
2020-04-03,69.87
2020-04-04,63.83
2020-04-05,67.3
2020-04-06,50.53
2020-04-07,20.84
2020-04-08,28.13
2020-04-09,32.12
2020-04-10,22.69
2020-04-11,35.92
2020-04-12,35.49
2020-04-13,42.98
2020-04-14,52.51
2020-04-15,50.11
2020-04-16,42.7
2020-04-17,50.83
2020-04-18,46.7
2020-04-19,41.6
2020-04-20,31.92
2020-04-21,48.52
2020-04-22,50.26
2020-04-23,48.49
2020-04-24,65.58
2020-04-25,55.47
2020-04-26,43.11
2020-04-27,50.33
2020-04-28,55.81
2020-04-29,39.31
2020-04-30,54.56
2020-05-01,61.29
2020-05-02,50.84
2020-05-03,56.07
2020-05-04,71.6
2020-05-05,87.56
2020-05-06,64.54
2020-05-07,72.07
2020-05-08,52.32
2020-05-09,60.98
2020-05-10,59.49
2020-05-11,66.73
2020-05-12,70.53
2020-05-13,39.32
2020-05-14,58.72
2020-05-15,46.71
2020-05-16,56.99
2020-05-17,52.69
2020-05-18,47.84
2020-05-19,79.02
2020-05-20,64.0
2020-05-21,60.44
2020-05-22,56.21
2020-05-23,62.59
2020-05-24,66.58
2020-05-25,57.36
2020-05-26,71.59
2020-05-27,55.23
2020-05-28,55.7
2020-05-29,53.37
2020-05-30,42.52
2020-05-31,51.62
2020-06-01,22.16
2020-06-02,19.43
2020-06-03,19.34
2020-06-04,30.11
2020-06-05,48.48
2020-06-06,50.12
2020-06-07,45.11
2020-06-08,48.85
2020-06-09,52.5
2020-06-10,73.07
2020-06-11,39.75
2020-06-12,35.21
2020-06-13,42.32
2020-06-14,35.74
2020-06-15,36.58
2020-06-16,45.6
2020-06-17,56.47
2020-06-18,63.66
2020-06-19,57.17
2020-06-20,47.55
2020-06-21,42.05
2020-06-22,40.19
2020-06-23,49.93
2020-06-24,52.43
2020-06-25,40.06
2020-06-26,28.66
2020-06-27,29.48
2020-06-28,26.34
2020-06-29,29.27
2020-06-30,24.26
2020-07-01,30.48
2019-09-17,43.95
2019-09-18,38.2
2019-09-19,41.09
2019-09-20,43.1
2019-09-21,62.7
2019-09-22,42.45
2019-09-23,44.21
2019-09-24,53.29
2019-09-25,50.27
2019-09-26,31.31
2019-09-27,31.54
2019-09-28,16.32
2019-09-29,27.84
2019-09-30,36.97
2019-10-01,21.31
2019-10-02,72.34
2019-10-03,106.41
2019-10-04,122.06
2019-10-05,99.6
2019-10-06,90.64
2019-10-07,102.93
2019-10-08,130.64
2019-10-09,114.12
2019-10-10,126.36
2019-10-11,155.77
2019-10-12,175.24
2019-10-13,199.68
2019-10-14,159.02
2019-10-15,160.57
2019-10-16,185.45
2019-10-17,168.04
2019-10-18,176.36
2019-10-19,152.01
2019-10-20,141.8
2019-10-21,163.5
2019-10-22,176.99
2019-10-23,115.92
2019-10-24,153.3
2019-10-25,224.32
2019-10-26,107.92
2019-10-27,89.15
2019-10-28,108.58
2019-10-29,79.21
2019-10-30,71.23
2019-10-31,153.35
2019-11-01,163.21
2019-11-02,119.11
2019-11-03,88.69
2019-11-04,149.39
2019-11-05,157.38
2019-11-06,174.05
2019-11-07,145.09
2019-11-08,84.77
2019-11-09,165.64
2019-11-10,177.35
2019-11-11,199.03
2019-11-12,178.74
2019-11-13,198.72
2019-11-14,197.8
2019-11-15,251.75
2019-11-16,249.14
2019-11-17,260.27
2019-11-18,193.01
2019-11-19,201.55
2019-11-20,165.16
2019-11-21,209.35
2019-11-22,258.16
2019-11-23,240.16
2019-11-24,194.47
2019-11-25,173.15
2019-11-26,172.43
2019-11-27,236.76
2019-11-28,254.98
2019-11-29,214.24
2019-11-30,232.36
2019-12-01,208.49
2019-12-02,219.55
2019-12-03,164.93
2019-12-04,133.93
2019-12-05,136.33
2019-12-06,141.0
2019-12-07,213.2
2019-12-08,233.3
2019-12-09,233.44
2019-12-10,242.07
2019-12-11,233.12
2019-12-12,166.1
2019-12-13,97.13
2019-12-14,115.59
2019-12-15,105.5
2019-12-16,106.69
2019-12-17,144.08
2019-12-18,138.04
2019-12-19,132.11
2019-12-20,175.92
2019-12-21,155.45
2019-12-22,147.6
2019-12-23,128.59
2019-12-24,137.53
2019-12-25,169.48
2019-12-26,128.39
2019-12-27,124.83
2019-12-28,86.96
2019-12-29,113.96
2019-12-30,117.86
2019-12-31,173.53
2020-01-01,145.81
2020-01-02,134.81
2020-01-03,151.47
2020-01-04,155.98
2020-01-05,125.76
2020-01-06,96.18
2020-01-07,162.16
2020-01-08,158.19
2020-01-09,132.56
2020-01-10,113.49
2020-01-11,127.1
2020-01-12,142.67
2020-01-13,150.56
2020-01-14,158.56
2020-01-15,162.64
2020-01-16,196.56
2020-01-17,139.95
2020-01-18,145.21
2020-01-19,107.46
2020-01-20,103.34
2020-01-21,133.21
2020-01-22,142.79
2020-01-23,118.35
2020-01-24,153.75
2020-01-25,197.84
2020-01-26,179.42
2020-01-27,173.19
2020-01-28,152.6
2020-01-29,126.17
2020-01-30,121.23
2020-01-31,106.72
2020-02-01,94.42
2020-02-02,90.98
2020-02-03,97.23
2020-02-04,126.71
2020-02-05,133.91
2020-02-06,124.54
2020-02-07,129.16
2020-02-08,122.11
2020-02-09,89.86
2020-02-10,113.78
2020-02-11,106.47
2020-02-12,148.28
2020-02-13,220.69
2020-02-14,176.09
2020-02-15,175.48
2020-02-16,143.22
2020-02-17,135.71
2020-02-18,131.02
2020-02-19,135.29
2020-02-20,147.98
2020-02-21,149.75
2020-02-22,154.27
2020-02-23,149.05
2020-02-24,136.8
2020-02-25,128.83
2020-02-26,182.16
2020-02-27,164.28
2020-02-28,143.39
2020-02-29,177.99
2020-03-01,156.55
2020-03-02,103.2
2020-03-03,127.07
2020-03-04,150.43
2020-03-05,139.82
2020-03-06,152.86
2020-03-07,136.03
2020-03-08,90.56
2020-03-09,76.47
2020-03-10,90.15
2020-03-11,79.64
2020-03-12,90.17
2020-03-13,120.75
2020-03-14,136.07
2020-03-15,149.46
2020-03-16,138.8
2020-03-17,112.15
2020-03-18,97.28
2020-03-19,121.09
2020-03-20,115.47
2020-03-21,155.55
2020-03-22,118.18
2020-03-23,120.22
2020-03-24,113.66
2020-03-25,71.03
2020-03-26,41.62
2020-03-27,41.9
2020-03-28,31.69
2020-03-29,0.0
2020-03-30,0.0
2020-03-31,0.0
2020-04-01,0.0
2020-04-02,0.0
2020-04-03,0.0
2020-04-04,0.0
2020-04-05,0.0
2020-04-06,0.0
2020-04-07,85.88
2020-04-08,105.58
2020-04-09,109.33
2020-04-10,99.38
2020-04-11,98.89
2020-04-12,113.91
2020-04-13,92.72
2020-04-14,122.8
2020-04-15,93.53
2020-04-16,115.67
2020-04-17,130.31
2020-04-18,113.89
2020-04-19,126.07
2020-04-20,132.44
2020-04-21,115.59
2020-04-22,102.17
2020-04-23,113.97
2020-04-24,117.82
2020-04-25,125.19
2020-04-26,134.46
2020-04-27,85.85
2020-04-28,66.47
2020-04-29,130.53
2020-04-30,96.89
2020-05-01,107.92
2020-05-02,88.38
2020-05-03,82.49
2020-05-04,122.09
2020-05-05,76.1
2020-05-06,89.22
2020-05-07,67.7
2020-05-08,93.84
2020-05-09,97.09
2020-05-10,46.8
2020-05-11,36.92
2020-05-12,63.97
2020-05-13,65.88
2020-05-14,56.23
2020-05-15,70.96
2020-05-16,68.94
2020-05-17,66.04
2020-05-18,73.13
2020-05-19,99.16
2020-05-20,105.71
2020-05-21,90.6
2020-05-22,90.14
2020-05-23,62.33
2020-05-24,44.35
2020-05-25,38.97
2020-05-26,62.85
2020-05-27,121.91
2020-05-28,114.83
2020-05-29,111.09
2020-05-30,154.8
2020-05-31,134.89
2020-06-01,96.44
2020-06-02,65.39
2020-06-03,46.43
2020-06-04,13.16
2020-06-05,35.54
2020-06-06,49.9
2020-06-07,42.14
2020-06-08,43.49
2020-06-09,50.01
2020-06-10,53.78
2020-06-11,65.16
2020-06-12,67.49
2020-06-13,49.55
2020-06-14,42.36
2020-06-15,29.73
2020-06-16,34.91
2020-06-17,45.42
2020-06-18,48.76
2020-06-19,48.35
2020-06-20,49.39
2020-06-21,66.39
2020-06-22,55.27
2020-06-23,39.65
2020-06-24,40.62
2020-06-25,51.12
2020-06-26,40.64
2020-06-27,26.77
2020-06-28,37.76
2020-06-29,43.1
2020-06-30,46.7
2020-07-01,30.0
2017-12-07,311.68
2017-12-08,192.81
2017-12-09,154.39
2017-12-10,99.73
2017-12-11,0.0
2017-12-12,218.14
2017-12-13,227.43
2017-12-14,199.46
2017-12-15,178.56
2017-12-16,165.18
2017-12-17,128.13
2017-12-18,124.51
2017-12-19,118.77
2017-12-20,0.0
2017-12-21,0.0
2017-12-22,0.0
2017-12-23,0.0
2017-12-24,0.0
2017-12-25,0.0
2017-12-26,0.0
2017-12-27,0.0
2017-12-28,0.0
2017-12-29,0.0
2017-12-30,0.0
2017-12-31,0.0
2018-01-01,0.0
2018-01-02,0.0
2018-01-03,0.0
2018-01-04,0.0
2018-01-05,0.0
2018-01-06,0.0
2018-01-07,0.0
2018-01-08,0.0
2018-01-09,0.0
2018-01-10,0.0
2018-01-11,0.0
2018-01-12,0.0
2018-01-13,0.0
2018-01-14,0.0
2018-01-15,0.0
2018-01-16,0.0
2018-01-17,0.0
2018-01-18,0.0
2018-01-19,0.0
2018-01-20,0.0
2018-01-21,0.0
2018-01-22,0.0
2018-01-23,0.0
2018-01-24,0.0
2018-01-25,0.0
2018-01-26,0.0
2018-01-27,0.0
2018-01-28,0.0
2018-01-29,0.0
2018-01-30,0.0
2018-01-31,0.0
2018-02-01,0.0
2018-02-02,276.46
2018-02-03,216.39
2018-02-04,223.01
2018-02-05,262.29
2018-02-06,268.78
2018-02-07,226.39
2018-02-08,263.44
2018-02-09,206.24
2018-02-10,148.86
2018-02-11,145.18
2018-02-12,106.39
2018-02-13,84.51
2018-02-14,62.38
2018-02-15,135.13
2018-02-16,158.72
2018-02-17,191.72
2018-02-18,276.97
2018-02-19,296.79
2018-02-20,228.41
2018-02-21,182.86
2018-02-22,214.45
2018-02-23,277.7
2018-02-24,247.37
2018-02-25,237.12
2018-02-26,154.49
2018-02-27,152.61
2018-02-28,175.17
2018-03-01,216.82
2018-03-02,202.08
2018-03-03,270.48
2018-03-04,280.15
2018-03-05,225.99
2018-03-06,198.72
2018-03-07,195.56
2018-03-08,138.09
2018-03-09,194.6
2018-03-10,226.09
2018-03-11,318.98
2018-03-12,332.84
2018-03-13,252.49
2018-03-14,294.65
2018-03-15,294.93
2018-03-16,98.68
2018-03-17,156.42
2018-03-18,205.38
2018-03-19,185.76
2018-03-20,273.73
2018-03-21,264.81
2018-03-22,150.97
2018-03-23,211.11
2018-03-24,206.05
2018-03-25,234.69
2018-03-26,241.51
2018-03-27,296.39
2018-03-28,284.15
2018-03-29,326.35
2018-03-30,316.75
2018-03-31,246.8
2018-04-01,155.03
2018-04-02,99.16
2018-04-03,157.33
2018-04-04,123.03
2018-04-05,131.56
2018-04-06,118.71
2018-04-07,84.93
2018-04-08,107.11
2018-04-09,101.29
2018-04-10,106.64
2018-04-11,133.3
2018-04-12,119.41
2018-04-13,148.03
2018-04-14,171.44
2018-04-15,134.21
2018-04-16,157.14
2018-04-17,160.58
2018-04-18,129.83
2018-04-19,217.95
2018-04-20,177.28
2018-04-21,141.27
2018-04-22,199.05
2018-04-23,162.61
2018-04-24,157.02
2018-04-25,203.02
2018-04-26,227.33
2018-04-27,169.4
2018-04-28,115.78
2018-04-29,88.77
2018-04-30,31.08
2018-05-01,95.59
2018-05-02,71.62
2018-05-03,79.29
2018-05-04,126.57
2018-05-05,159.85
2018-05-06,167.38
2018-05-07,147.27
2018-05-08,170.83
2018-05-09,232.53
2018-05-10,159.02
2018-05-11,140.15
2018-05-12,112.47
2018-05-13,110.69
2018-05-14,67.19
2018-05-15,74.62
2018-05-16,107.07
2018-05-17,133.44
2018-05-18,120.05
2018-05-19,97.81
2018-05-20,124.05
2018-05-21,100.95
2018-05-22,134.28
2018-05-23,95.61
2018-05-24,92.4
2018-05-25,99.86
2018-05-26,108.1
2018-05-27,84.85
2018-05-28,98.28
2018-05-29,88.67
2018-05-30,106.31
2018-05-31,61.23
2018-06-01,0.0
2018-06-02,0.0
2018-06-03,0.0
2018-06-04,32.12
2018-06-05,97.1
2018-06-06,100.01
2018-06-07,74.46
2018-06-08,70.51
2018-06-09,79.68
2018-06-10,61.64
2018-06-11,60.84
2018-06-12,0.0
2018-06-13,0.0
2018-06-14,0.0
2018-06-15,0.0
2018-06-16,0.0
2018-06-17,0.0
2018-06-18,0.0
2018-06-19,103.39
2018-06-20,105.66
2018-06-21,95.03
2018-06-22,53.61
2018-06-23,79.31
2018-06-24,84.77
2018-06-25,70.34
2018-06-26,53.71
2018-06-27,43.09
2018-06-28,38.45
2018-06-29,63.16
2018-06-30,94.54
2018-07-01,76.09
2018-07-02,53.49
2018-07-03,55.35
2018-07-04,62.09
2018-07-05,63.99
2018-07-06,78.56
2018-07-07,93.84
2018-07-08,53.03
2018-07-09,49.46
2018-07-10,50.74
2018-07-11,49.42
2018-07-12,44.06
2018-07-13,43.49
2018-07-14,37.98
2018-07-15,23.51
2018-07-16,25.16
2018-07-17,24.46
2018-07-18,38.86
2018-07-19,50.63
2018-07-20,63.88
2018-07-21,30.91
2018-07-22,22.7
2018-07-23,26.98
2018-07-24,47.39
2018-07-25,62.91
2018-07-26,39.98
2018-07-27,73.54
2018-07-28,77.33
2018-07-29,65.44
2018-07-30,92.27
2018-07-31,85.4
2018-08-01,54.85
2018-08-02,104.18
2018-08-03,122.95
2018-08-04,133.51
2018-08-05,134.21
2018-08-06,98.18
2018-08-07,46.5
2018-08-08,30.25
2018-08-09,49.71
2018-08-10,82.53
2018-08-11,86.3
2018-08-12,66.92
2018-08-13,59.97
2018-08-14,40.83
2018-08-15,24.15
2018-08-16,26.39
2018-08-17,40.18
2018-08-18,42.93
2018-08-19,44.95
2018-08-20,25.99
2018-08-21,26.34
2018-08-22,35.7
2018-08-23,55.98
2018-08-24,54.51
2018-08-25,42.47
2018-08-26,38.33
2018-08-27,46.53
2018-08-28,42.14
2018-08-29,53.97
2018-08-30,64.24
2018-08-31,0.0
2018-09-01,0.0
2018-09-02,0.0
2018-09-03,0.0
2018-09-04,0.0
2018-09-05,0.0
2018-09-06,0.0
2018-09-07,0.0
2018-09-08,0.0
2018-09-09,0.0
2018-09-10,0.0
2018-09-11,0.0
2018-09-12,0.0
2018-09-13,0.0
2018-09-14,0.0
2018-09-15,0.0
2018-09-16,0.0
2018-09-17,0.0
2018-09-18,0.0
2018-09-19,0.0
2018-09-20,0.0
2018-09-21,0.0
2018-09-22,0.0
2018-09-23,0.0
2018-09-24,0.0
2018-09-25,0.0
2018-09-26,0.0
2018-09-27,0.0
2018-09-28,0.0
2018-09-29,0.0
2018-09-30,0.0
2018-10-01,0.0
2018-10-02,0.0
2018-10-03,0.0
2018-10-04,0.0
2018-10-05,0.0
2018-10-06,0.0
2018-10-07,0.0
2018-10-08,0.0
2018-10-09,0.0
2018-10-10,0.0
2018-10-11,0.0
2018-10-12,0.0
2018-10-13,0.0
2018-10-14,0.0
2018-10-15,0.0
2018-10-16,0.0
2018-10-17,164.39
2018-10-18,151.07
2018-10-19,150.92
2018-10-20,123.54
2018-10-21,120.15
2018-10-22,129.42
2018-10-23,100.23
2018-10-24,102.69
2018-10-25,115.07
2018-10-26,109.32
2018-10-27,111.84
2018-10-28,104.53
2018-10-29,106.58
2018-10-30,92.89
2018-10-31,59.73
2018-11-01,89.2
2018-11-02,113.42
2018-11-03,111.27
2018-11-04,115.6
2018-11-05,110.05
2018-11-06,120.17
2018-11-07,159.59
2018-11-08,157.27
2018-11-09,146.0
2018-11-10,155.04
2018-11-11,145.63
2018-11-12,141.34
2018-11-13,143.86
2018-11-14,164.79
2018-11-15,142.06
2018-11-16,0.0
2018-11-17,0.0
2018-11-18,0.0
2018-11-19,0.0
2018-11-20,0.0
2018-11-21,0.0
2018-11-22,0.0
2018-11-23,0.0
2018-11-24,0.0
2018-11-25,0.0
2018-11-26,0.0
2018-11-27,0.0
2018-11-28,0.0
2018-11-29,0.0
2018-11-30,0.0
2018-12-01,0.0
2018-12-02,0.0
2018-12-03,0.0
2018-12-04,0.0
2018-12-05,223.86
2018-12-06,192.96
2018-12-07,174.97
2018-12-08,155.62
2018-12-09,166.89
2018-12-10,160.22
2018-12-11,139.71
2018-12-12,158.99
2018-12-13,174.11
2018-12-14,179.41
2018-12-15,151.27
2018-12-16,99.01
2018-12-17,50.51
2018-12-18,47.74
2018-12-19,123.32
2018-12-20,140.22
2018-12-21,176.7
2018-12-22,155.4
2018-12-23,110.94
2018-12-24,145.42
2018-12-25,179.97
2018-12-26,185.94
2018-12-27,157.2
2018-12-28,111.43
2018-12-29,154.42
2018-12-30,154.7
2018-12-31,187.85
2019-01-01,193.0
2019-01-02,204.6
2019-01-03,212.12
2019-01-04,200.21
2019-01-05,182.96
2019-01-06,168.12
2019-01-07,175.98
2019-01-08,170.37
2019-01-09,162.16
2019-01-10,170.41
2019-01-11,199.63
2019-01-12,224.11
2019-01-13,225.75
2019-01-14,230.38
2019-01-15,164.46
2019-01-16,166.85
2019-01-17,216.35
2019-01-18,216.29
2019-01-19,175.79
2019-01-20,170.98
2019-01-21,185.23
2019-01-22,195.88
2019-01-23,184.91
2019-01-24,214.98
2019-01-25,131.06
2019-01-26,72.18
2019-01-27,96.01
2019-01-28,143.45
2019-01-29,105.7
2019-01-30,169.49
2019-01-31,138.91
2019-02-01,181.71
2019-02-02,185.58
2019-02-03,180.8
2019-02-04,181.73
2019-02-05,190.29
2019-02-06,221.16
2019-02-07,209.55
2019-02-08,135.97
2019-02-09,93.57
2019-02-10,143.42
2019-02-11,170.2
2019-02-12,181.46
2019-02-13,226.56
2019-02-14,259.0
2019-02-15,151.27
2019-02-16,73.79
2019-02-17,104.07
2019-02-18,130.16
2019-02-19,200.58
2019-02-20,178.39
2019-02-21,179.97
2019-02-22,214.29
2019-02-23,152.68
2019-02-24,161.18
2019-02-25,109.26
2019-02-26,106.57
2019-02-27,109.22
2019-02-28,114.31
2019-03-01,124.51
2019-03-02,173.6
2019-03-03,166.06
2019-03-04,175.89
2019-03-05,144.52
2019-03-06,125.25
2019-03-07,132.52
2019-03-08,145.91
2019-03-09,173.2
2019-03-10,214.24
2019-03-11,182.18
2019-03-12,171.65
2019-03-13,187.93
2019-03-14,121.46
2019-03-15,84.35
2019-03-16,151.14
2019-03-17,133.83
2019-03-18,71.19
2019-03-19,118.82
2019-03-20,157.52
2019-03-21,79.64
2019-03-22,97.87
2019-03-23,118.77
2019-03-24,197.98
2019-03-25,230.52
2019-03-26,181.7
2019-03-27,155.25
2019-03-28,171.41
2019-03-29,219.56
2019-03-30,217.75
2019-03-31,217.1
2019-04-01,138.53
2019-04-02,166.03
2019-04-03,215.27
2019-04-04,226.76
2019-04-05,0.0
2019-04-06,3.97
2019-04-07,0.0
2019-04-08,0.0
2019-04-09,0.0
2019-04-10,0.0
2019-04-11,107.91
2019-04-12,175.54
2019-04-13,152.94
2019-04-14,175.76
2019-04-15,258.62
2019-04-16,0.0
2019-04-17,0.0
2019-04-18,0.0
2019-04-19,47.44
2019-04-20,54.8
2019-04-21,0.0
2019-04-22,70.1
2019-04-23,0.0
2019-04-24,100.0
2019-04-25,116.42
2019-04-26,139.07
2019-04-27,198.92
2019-04-28,216.03
2019-04-29,261.52
2019-04-30,70.82
2019-05-01,53.69
2019-05-02,42.33
2019-05-03,32.55
2019-05-04,84.88
2019-05-05,28.94
2019-05-06,101.48
2019-05-07,160.24
2019-05-08,192.46
2019-05-09,188.21
2019-05-10,198.78
2019-05-11,191.22
2019-05-12,120.36
2019-05-13,133.85
2019-05-14,122.49
2019-05-15,151.34
2019-05-16,93.26
2019-05-17,119.58
2019-05-18,173.2
2019-05-19,189.46
2019-05-20,147.09
2019-05-21,143.64
2019-05-22,79.3
2019-05-23,90.69
2019-05-24,101.91
2019-05-25,146.4
2019-05-26,128.69
2019-05-27,138.62
2019-05-28,109.8
2019-05-29,69.37
2019-05-30,96.5
2019-05-31,80.06
2019-06-01,46.73
2019-06-02,67.57
2019-06-03,13.11
2019-06-04,74.12
2019-06-05,110.34
2019-06-06,72.44
2019-06-07,77.51
2019-06-08,60.9
2019-06-09,101.94
2019-06-10,112.5
2019-06-11,139.95
2019-06-12,60.92
2019-06-13,43.69
2019-06-14,63.23
2019-06-15,49.38
2019-06-16,32.91
2019-06-17,51.33
2019-06-18,61.09
2019-06-19,82.32
2019-06-20,53.35
2019-06-21,47.39
2019-06-22,61.27
2019-06-23,64.73
2019-06-24,80.82
2019-06-25,62.15
2019-06-26,54.19
2019-06-27,82.94
2019-06-28,48.97
2019-06-29,46.44
2019-06-30,29.91
2019-07-01,59.93
2019-07-02,55.17
2019-07-03,30.03
2019-07-04,31.63
2019-07-05,12.24
2019-07-06,17.01
2019-07-07,23.2
2019-07-08,33.36
2019-07-09,25.12
2019-07-10,45.95
2019-07-11,55.16
2019-07-12,61.14
2019-07-13,81.2
2019-07-14,54.23
2019-07-15,69.94
2019-07-16,87.74
2019-07-17,72.59
2019-07-18,64.37
2019-07-19,60.58
2019-07-20,51.68
2019-07-21,56.46
2019-07-22,53.62
2019-07-23,50.9
2019-07-24,35.71
2019-07-25,31.73
2019-07-26,33.38
2019-07-27,25.47
2019-07-28,41.48
2019-07-29,17.06
2019-07-30,16.88
2019-07-31,18.72
2019-08-01,22.93
2019-08-02,21.22
2019-08-03,21.99
2019-08-04,18.82
2019-08-05,0.0
2019-08-06,22.61
2019-08-07,23.73
2019-08-08,15.62
2019-08-09,0.0
2019-08-10,0.0
2019-08-11,0.0
2019-08-12,0.0
2019-08-13,18.03
2019-08-14,14.62
2019-08-15,68.24
2019-08-16,65.76
2019-08-17,108.51
2019-08-18,53.79
2019-08-19,41.49
2019-08-20,27.67
2019-08-21,63.23
2019-08-22,68.75
2019-08-23,29.55
2019-08-24,52.24
2019-08-25,56.15
2019-08-26,42.74
2019-08-27,60.67
2019-08-28,68.46
2019-08-29,76.5
2019-08-30,65.62
2019-08-31,91.89
2019-09-01,79.79
2019-09-02,49.02
2019-09-03,56.18
2019-09-04,64.37
2019-09-05,28.45
2019-09-06,30.46
2019-09-07,24.82
2019-09-08,28.07
2019-09-09,35.1
2019-09-10,36.49
2019-09-11,40.09
2019-09-12,39.6
2019-09-13,33.04
2019-09-14,56.59
2019-09-15,79.84
2019-09-16,77.66
2019-09-17,78.65
2019-09-18,60.92
2019-09-19,40.1
2019-09-20,68.21
2019-09-21,78.19
2019-09-22,83.06
2019-09-23,52.79
2019-09-24,39.83
2019-09-25,38.72
2019-09-26,33.48
2019-09-27,30.81
2019-09-28,32.14
2019-09-29,27.1
2019-09-30,39.9
2019-10-01,96.99
2019-10-02,66.56
2019-10-03,74.47
2019-10-04,120.96
2019-10-05,90.57
2019-10-06,61.86
2019-10-07,46.13
2019-10-08,45.92
2019-10-09,76.23
2019-10-10,63.49
2019-10-11,72.72
2019-10-12,57.42
2019-10-13,71.59
2019-10-14,86.42
2019-10-15,127.82
2019-10-16,115.38
2019-10-17,122.37
2019-10-18,65.15
2019-10-19,73.18
2019-10-20,79.3
2019-10-21,37.45
2019-10-22,74.28
2019-10-23,60.91
2019-10-24,38.28
2019-10-25,30.81
2019-10-26,89.89
2019-10-27,60.55
2019-10-28,0.0
2019-10-29,0.0
2019-10-30,118.78
2019-10-31,183.8
2019-11-01,175.43
2019-11-02,166.58
2019-11-03,175.1
2019-11-04,231.42
2019-11-05,189.29
2019-11-06,181.43
2019-11-07,177.97
2019-11-08,141.47
2019-11-09,109.84
2019-11-10,95.82
2019-11-11,109.49
2019-11-12,144.97
2019-11-13,133.85
2019-11-14,135.99
2019-11-15,130.12
2019-11-16,115.04
2019-11-17,162.45
2019-11-18,171.91
2019-11-19,132.67
2019-11-20,136.14
2019-11-21,148.15
2019-11-22,182.05
2019-11-23,175.56
2019-11-24,118.67
2019-11-25,195.77
2019-11-26,193.69
2019-11-27,158.7
2019-11-28,226.22
2019-11-29,194.1
2019-11-30,159.2
2019-12-01,136.96
2019-12-02,136.41
2019-12-03,166.11
2019-12-04,129.06
2019-12-05,120.83
2019-12-06,137.13
2019-12-07,137.89
2019-12-08,138.53
2019-12-09,156.39
2019-12-10,173.7
2019-12-11,233.8
2019-12-12,176.71
2019-12-13,137.46
2019-12-14,126.98
2019-12-15,96.88
2019-12-16,73.79
2019-12-17,121.66
2019-12-18,88.08
2019-12-19,87.3
2019-12-20,130.65
2019-12-21,140.68
2019-12-22,118.5
2019-12-23,104.52
2019-12-24,184.5
2019-12-25,194.3
2019-12-26,162.31
2019-12-27,105.72
2019-12-28,83.28
2019-12-29,157.49
2019-12-30,133.61
2019-12-31,129.29
2020-01-01,81.36
2020-01-02,48.32
2020-01-03,51.35
2020-01-04,97.03
2020-01-05,129.98
2020-01-06,108.41
2020-01-07,140.98
2020-01-08,116.9
2020-01-09,108.79
2020-01-10,91.1
2020-01-11,0.0
2020-01-12,0.0
2020-01-13,0.0
2020-01-14,263.62
2020-01-15,209.26
2020-01-16,195.21
2020-01-17,189.61
2020-01-18,184.33
2020-01-19,154.57
2020-01-20,125.86
2020-01-21,158.93
2020-01-22,184.67
2020-01-23,160.68
2020-01-24,133.71
2020-01-25,134.25
2020-01-26,126.56
2020-01-27,145.59
2020-01-28,153.51
2020-01-29,143.98
2020-01-30,127.63
2020-01-31,114.45
2020-02-01,127.55
2020-02-02,99.77
2020-02-03,242.49
2020-02-04,139.05
2020-02-05,117.63
2020-02-06,144.14
2020-02-07,106.4
2020-02-08,96.57
2020-02-09,126.56
2020-02-10,148.99
2020-02-11,187.19
2020-02-12,173.45
2020-02-13,184.84
2020-02-14,194.14
2020-02-15,153.82
2020-02-16,117.98
2020-02-17,144.59
2020-02-18,156.78
2020-02-19,184.8
2020-02-20,185.18
2020-02-21,152.08
2020-02-22,180.05
2020-02-23,163.07
2020-02-24,186.21
2020-02-25,45.85
2020-02-26,70.42
2020-02-27,91.46
2020-02-28,113.28
2020-02-29,144.52
2020-03-01,128.97
2020-03-02,143.48
2020-03-03,100.99
2020-03-04,53.24
2020-03-05,32.15
2020-03-06,35.92
2020-03-07,32.85
2020-03-08,40.63
2020-03-09,39.13
2020-03-10,25.78
2020-03-11,34.73
2020-03-12,22.15
2020-03-13,0.0
2020-03-14,0.0
2020-03-15,0.0
2020-03-16,0.0
2020-03-17,220.65
2020-03-18,178.22
2020-03-19,132.86
2020-03-20,0.0
2020-03-21,0.0
2020-03-22,0.0
2020-03-23,0.0
2020-03-24,221.48
2020-03-25,192.52
2020-03-26,149.11
2020-03-27,202.56
2020-03-28,123.23
2020-03-29,128.05
2020-03-30,118.62
2020-03-31,164.64
2020-04-01,163.12
2020-04-02,202.5
2020-04-03,187.2
2020-04-04,162.17
2020-04-05,106.43
2020-04-06,242.21
2020-04-07,175.78
2020-04-08,93.4
2020-04-09,140.84
2020-04-10,149.84
2020-04-11,197.74
2020-04-12,187.5
2020-04-13,198.38
2020-04-14,218.21
2020-04-15,183.91
2020-04-16,142.43
2020-04-17,220.98
2020-04-18,168.5
2020-04-19,121.54
2020-04-20,180.11
2020-04-21,75.64
2020-04-22,56.84
2020-04-23,83.38
2020-04-24,67.04
2020-04-25,113.41
2020-04-26,42.35
2020-04-27,73.65
2020-04-28,84.46
2020-04-29,73.55
2020-04-30,101.91
2020-05-01,219.38
2020-05-02,0.0
2020-05-03,139.65
2020-05-04,106.58
2020-05-05,91.62
2020-05-06,87.03
2020-05-07,66.02
2020-05-08,74.65
2020-05-09,112.34
2020-05-10,102.28
2020-05-11,143.47
2020-05-12,125.28
2020-05-13,121.42
2020-05-14,120.96
2020-05-15,115.09
2020-05-16,128.87
2020-05-17,87.22
2020-05-18,0.0
2020-05-19,0.0
2020-05-20,0.0
2020-05-21,0.0
2020-05-22,0.0
2020-05-23,0.0
2020-05-24,0.0
2020-05-25,0.0
2020-05-26,0.0
2020-05-27,0.0
2020-05-28,0.0
2020-05-29,147.23
2020-05-30,84.74
2020-05-31,74.06
2020-06-01,97.14
2020-06-02,97.36
2020-06-03,95.86
2020-06-04,77.28
2020-06-05,413.89
2020-06-06,226.52
2020-06-07,168.85
2020-06-08,144.41
2020-06-09,176.81
2020-06-10,254.96
2020-06-11,106.78
2020-06-12,90.12
2020-06-13,182.52
2020-06-14,158.88
2020-06-15,253.14
2020-06-16,502.09
2020-06-17,0.0
2020-06-18,0.0
2020-06-19,0.0
2020-06-20,0.0
2020-06-21,0.0
2020-06-22,0.0
2020-06-23,0.0
2020-06-24,589.39
2020-06-25,203.93
2020-06-26,71.31
2020-06-27,0.0
2020-06-28,0.0
2020-06-29,0.0
2020-06-30,0.0
2020-07-01,0.0
2019-09-02,87.4
2019-09-03,95.68
2019-09-04,90.68
2019-09-05,59.99
2019-09-06,65.86
2019-09-07,91.04
2019-09-08,64.62
2019-09-09,89.94
2019-09-10,97.12
2019-09-11,122.52
2019-09-12,125.4
2019-09-13,62.29
2019-09-14,65.68
2019-09-15,72.54
2019-09-16,106.87
2019-09-17,119.42
2019-09-18,118.59
2019-09-19,61.67
2019-09-20,67.91
2019-09-21,62.04
2019-09-22,64.56
2019-09-23,49.86
2019-09-24,89.26
2019-09-25,105.3
2019-09-26,73.73
2019-09-27,57.51
2019-09-28,59.18
2019-09-29,49.87
2019-09-30,87.46
2019-10-01,49.4
2019-10-02,44.47
2019-10-03,71.0
2019-10-04,73.77
2019-10-05,77.68
2019-10-06,82.66
2019-10-07,112.6
2019-10-08,104.59
2019-10-09,120.09
2019-10-10,121.89
2019-10-11,106.22
2019-10-12,106.62
2019-10-13,112.63
2019-10-14,128.72
2019-10-15,135.12
2019-10-16,151.62
2019-10-17,133.85
2019-10-18,108.33
2019-10-19,109.52
2019-10-20,111.12
2019-10-21,117.94
2019-10-22,106.01
2019-10-23,108.1
2019-10-24,130.66
2019-10-25,159.18
2019-10-26,150.29
2019-10-27,180.25
2019-10-28,224.22
2019-10-29,184.04
2019-10-30,181.54
2019-10-31,169.19
2019-11-01,190.12
2019-11-02,190.28
2019-11-03,215.41
2019-11-04,166.58
2019-11-05,115.54
2019-11-06,125.5
2019-11-07,84.99
2019-11-08,72.48
2019-11-09,80.15
2019-11-10,131.65
2019-11-11,157.59
2019-11-12,157.15
2019-11-13,165.89
2019-11-14,173.66
2019-11-15,162.86
2019-11-16,122.19
2019-11-17,70.69
2019-11-18,100.77
2019-11-19,154.54
2019-11-20,157.63
2019-11-21,144.04
2019-11-22,199.37
2019-11-23,125.61
2019-11-24,76.48
2019-11-25,93.05
2019-11-26,138.26
2019-11-27,64.7
2019-11-28,74.34
2019-11-29,91.07
2019-11-30,105.75
2019-12-01,98.34
2019-12-02,120.04
2019-12-03,140.46
2019-12-04,171.84
2019-12-05,167.97
2019-12-06,135.81
2019-12-07,133.11
2019-12-08,111.77
2019-12-09,196.46
2019-12-10,153.17
2019-12-11,175.51
2019-12-12,141.0
2019-12-13,53.35
2019-12-14,70.49
2019-12-15,63.12
2019-12-16,77.26
2019-12-17,101.09
2019-12-18,82.55
2019-12-19,119.91
2019-12-20,132.54
2019-12-21,119.96
2019-12-22,87.11
2019-12-23,83.61
2019-12-24,132.94
2019-12-25,65.55
2019-12-26,79.99
2019-12-27,131.32
2019-12-28,156.58
2019-12-29,99.91
2019-12-30,140.37
2019-12-31,145.42
2020-01-01,135.76
2020-01-02,102.2
2020-01-03,94.86
2020-01-04,108.55
2020-01-05,106.42
2020-01-06,65.35
2020-01-07,48.29
2020-01-08,43.82
2020-01-09,47.36
2020-01-10,63.04
2020-01-11,108.09
2020-01-12,165.63
2020-01-13,120.83
2020-01-14,73.4
2020-01-15,85.04
2020-01-16,79.2
2020-01-17,90.27
2020-01-18,134.0
2020-01-19,96.89
2020-01-20,127.45
2020-01-21,140.69
2020-01-22,93.67
2020-01-23,72.37
2020-01-24,82.96
2020-01-25,107.88
2020-01-26,108.46
2020-01-27,123.37
2020-01-28,89.37
2020-01-29,68.76
2020-01-30,65.41
2020-01-31,66.36
2020-02-01,85.01
2020-02-02,82.32
2020-02-03,115.3
2020-02-04,112.21
2020-02-05,85.81
2020-02-06,93.7
2020-02-07,95.92
2020-02-08,94.22
2020-02-09,103.76
2020-02-10,109.57
2020-02-11,118.21
2020-02-12,114.12
2020-02-13,94.73
2020-02-14,96.46
2020-02-15,92.66
2020-02-16,97.01
2020-02-17,84.86
2020-02-18,114.47
2020-02-19,140.48
2020-02-20,105.55
2020-02-21,36.33
2020-02-22,59.53
2020-02-23,65.46
2020-02-24,68.15
2020-02-25,78.66
2020-02-26,96.77
2020-02-27,122.12
2020-02-28,112.13
2020-02-29,56.88
2020-03-01,53.56
2020-03-02,75.25
2020-03-03,90.3
2020-03-04,101.85
2020-03-05,64.03
2020-03-06,38.03
2020-03-07,26.33
2020-03-08,46.29
2020-03-09,53.89
2020-03-10,76.2
2020-03-11,69.71
2020-03-12,38.09
2020-03-13,40.9
2020-03-14,23.2
2020-03-15,36.5
2020-03-16,70.76
2020-03-17,76.08
2020-03-18,82.33
2020-03-19,83.69
2020-03-20,78.67
2020-03-21,74.23
2020-03-22,42.79
2020-03-23,38.24
2020-03-24,34.29
2020-03-25,37.65
2020-03-26,40.33
2020-03-27,34.12
2020-03-28,15.78
2020-03-29,41.48
2020-03-30,29.51
2020-03-31,39.66
2020-04-01,26.47
2020-04-02,31.54
2020-04-03,22.03
2020-04-04,29.32
2020-04-05,34.61
2020-04-06,47.96
2020-04-07,40.6
2020-04-08,33.44
2020-04-09,24.49
2020-04-10,35.91
2020-04-11,42.72
2020-04-12,44.12
2020-04-13,44.85
2020-04-14,56.62
2020-04-15,82.04
2020-04-16,61.39
2020-04-17,55.98
2020-04-18,41.58
2020-04-19,22.51
2020-04-20,20.39
2020-04-21,32.33
2020-04-22,24.44
2020-04-23,35.61
2020-04-24,43.08
2020-04-25,60.12
2020-04-26,25.87
2020-04-27,21.14
2020-04-28,34.79
2020-04-29,40.93
2020-04-30,59.34
2020-05-01,62.94
2020-05-02,64.91
2020-05-03,46.16
2020-05-04,27.26
2020-05-05,49.93
2020-05-06,51.32
2020-05-07,50.6
2020-05-08,58.59
2020-05-09,68.68
2020-05-10,70.6
2020-05-11,32.19
2020-05-12,51.9
2020-05-13,80.7
2020-05-14,76.43
2020-05-15,44.33
2020-05-16,58.34
2020-05-17,55.25
2020-05-18,64.99
2020-05-19,46.79
2020-05-20,62.46
2020-05-21,114.38
2020-05-22,148.36
2020-05-23,115.35
2020-05-24,88.82
2020-05-25,79.69
2020-05-26,89.31
2020-05-27,94.4
2020-05-28,94.14
2020-05-29,44.34
2020-05-30,43.99
2020-05-31,31.15
2020-06-01,39.63
2020-06-02,49.0
2020-06-03,55.63
2020-06-04,42.99
2020-06-05,41.22
2020-06-06,34.31
2020-06-07,27.91
2020-06-08,44.53
2020-06-09,60.45
2020-06-10,69.69
2020-06-11,71.11
2020-06-12,84.64
2020-06-13,74.5
2020-06-14,54.51
2020-06-15,69.81
2020-06-16,55.75
2020-06-17,59.04
2020-06-18,72.21
2020-06-19,50.9
2020-06-20,69.58
2020-06-21,57.26
2020-06-22,44.88
2020-06-23,44.48
2020-06-24,29.54
2020-06-25,33.6
2020-06-26,64.54
2020-06-27,68.82
2020-06-28,82.24
2020-06-29,88.27
2020-06-30,45.56
2020-07-01,72.38
2015-01-01,0.0
2015-01-02,0.0
2015-01-03,0.0
2015-01-04,0.0
2015-01-05,0.0
2015-01-06,0.0
2015-01-07,0.0
2015-01-08,0.0
2015-01-09,0.0
2015-01-10,0.0
2015-01-11,0.0
2015-01-12,0.0
2015-01-13,0.0
2015-01-14,0.0
2015-01-15,0.0
2015-01-16,0.0
2015-01-17,0.0
2015-01-18,0.0
2015-01-19,0.0
2015-01-20,0.0
2015-01-21,0.0
2015-01-22,0.0
2015-01-23,0.0
2015-01-24,0.0
2015-01-25,0.0
2015-01-26,0.0
2015-01-27,0.0
2015-01-28,0.0
2015-01-29,0.0
2015-01-30,0.0
2015-01-31,0.0
2015-02-01,0.0
2015-02-02,0.0
2015-02-03,0.0
2015-02-04,0.0
2015-02-05,0.0
2015-02-06,0.0
2015-02-07,0.0
2015-02-08,0.0
2015-02-09,0.0
2015-02-10,0.0
2015-02-11,0.0
2015-02-12,0.0
2015-02-13,0.0
2015-02-14,0.0
2015-02-15,0.0
2015-02-16,0.0
2015-02-17,0.0
2015-02-18,0.0
2015-02-19,0.0
2015-02-20,0.0
2015-02-21,0.0
2015-02-22,0.0
2015-02-23,0.0
2015-02-24,0.0
2015-02-25,0.0
2015-02-26,0.0
2015-02-27,0.0
2015-02-28,0.0
2015-03-01,0.0
2015-03-02,0.0
2015-03-03,0.0
2015-03-04,0.0
2015-03-05,0.0
2015-03-06,0.0
2015-03-07,0.0
2015-03-08,0.0
2015-03-09,0.0
2015-03-10,0.0
2015-03-11,0.0
2015-03-12,0.0
2015-03-13,0.0
2015-03-14,0.0
2015-03-15,0.0
2015-03-16,0.0
2015-03-17,0.0
2015-03-18,0.0
2015-03-19,0.0
2015-03-20,0.0
2015-03-21,0.0
2015-03-22,0.0
2015-03-23,0.0
2015-03-24,0.0
2015-03-25,0.0
2015-03-26,0.0
2015-03-27,0.0
2015-03-28,0.0
2015-03-29,0.0
2015-03-30,0.0
2015-03-31,0.0
2015-04-01,0.0
2015-04-02,0.0
2015-04-03,0.0
2015-04-04,0.0
2015-04-05,0.0
2015-04-06,0.0
2015-04-07,0.0
2015-04-08,0.0
2015-04-09,0.0
2015-04-10,0.0
2015-04-11,0.0
2015-04-12,0.0
2015-04-13,0.0
2015-04-14,0.0
2015-04-15,0.0
2015-04-16,0.0
2015-04-17,0.0
2015-04-18,0.0
2015-04-19,0.0
2015-04-20,0.0
2015-04-21,0.0
2015-04-22,0.0
2015-04-23,0.0
2015-04-24,0.0
2015-04-25,0.0
2015-04-26,0.0
2015-04-27,0.0
2015-04-28,0.0
2015-04-29,0.0
2015-04-30,0.0
2015-05-01,0.0
2015-05-02,0.0
2015-05-03,0.0
2015-05-04,0.0
2015-05-05,0.0
2015-05-06,0.0
2015-05-07,0.0
2015-05-08,0.0
2015-05-09,0.0
2015-05-10,0.0
2015-05-11,0.0
2015-05-12,0.0
2015-05-13,0.0
2015-05-14,0.0
2015-05-15,0.0
2015-05-16,0.0
2015-05-17,0.0
2015-05-18,0.0
2015-05-19,0.0
2015-05-20,0.0
2015-05-21,0.0
2015-05-22,0.0
2015-05-23,0.0
2015-05-24,0.0
2015-05-25,0.0
2015-05-26,0.0
2015-05-27,0.0
2015-05-28,0.0
2015-05-29,0.0
2015-05-30,0.0
2015-05-31,0.0
2015-06-01,0.0
2015-06-02,0.0
2015-06-03,0.0
2015-06-04,0.0
2015-06-05,0.0
2015-06-06,0.0
2015-06-07,0.0
2015-06-08,0.0
2015-06-09,0.0
2015-06-10,0.0
2015-06-11,0.0
2015-06-12,0.0
2015-06-13,0.0
2015-06-14,0.0
2015-06-15,0.0
2015-06-16,0.0
2015-06-17,0.0
2015-06-18,0.0
2015-06-19,0.0
2015-06-20,0.0
2015-06-21,0.0
2015-06-22,0.0
2015-06-23,0.0
2015-06-24,0.0
2015-06-25,0.0
2015-06-26,0.0
2015-06-27,0.0
2015-06-28,0.0
2015-06-29,0.0
2015-06-30,0.0
2015-07-01,0.0
2015-07-02,0.0
2015-07-03,0.0
2015-07-04,0.0
2015-07-05,0.0
2015-07-06,0.0
2015-07-07,0.0
2015-07-08,0.0
2015-07-09,0.0
2015-07-10,0.0
2015-07-11,0.0
2015-07-12,0.0
2015-07-13,0.0
2015-07-14,0.0
2015-07-15,0.0
2015-07-16,0.0
2015-07-17,0.0
2015-07-18,0.0
2015-07-19,0.0
2015-07-20,0.0
2015-07-21,0.0
2015-07-22,0.0
2015-07-23,0.0
2015-07-24,0.0
2015-07-25,0.0
2015-07-26,0.0
2015-07-27,0.0
2015-07-28,0.0
2015-07-29,0.0
2015-07-30,0.0
2015-07-31,0.0
2015-08-01,0.0
2015-08-02,0.0
2015-08-03,0.0
2015-08-04,0.0
2015-08-05,0.0
2015-08-06,0.0
2015-08-07,0.0
2015-08-08,0.0
2015-08-09,0.0
2015-08-10,0.0
2015-08-11,0.0
2015-08-12,0.0
2015-08-13,0.0
2015-08-14,0.0
2015-08-15,0.0
2015-08-16,0.0
2015-08-17,0.0
2015-08-18,0.0
2015-08-19,0.0
2015-08-20,0.0
2015-08-21,0.0
2015-08-22,0.0
2015-08-23,0.0
2015-08-24,0.0
2015-08-25,0.0
2015-08-26,0.0
2015-08-27,0.0
2015-08-28,0.0
2015-08-29,0.0
2015-08-30,0.0
2015-08-31,0.0
2015-09-01,0.0
2015-09-02,0.0
2015-09-03,0.0
2015-09-04,0.0
2015-09-05,0.0
2015-09-06,0.0
2015-09-07,0.0
2015-09-08,0.0
2015-09-09,0.0
2015-09-10,0.0
2015-09-11,0.0
2015-09-12,0.0
2015-09-13,0.0
2015-09-14,0.0
2015-09-15,0.0
2015-09-16,0.0
2015-09-17,0.0
2015-09-18,0.0
2015-09-19,0.0
2015-09-20,0.0
2015-09-21,0.0
2015-09-22,0.0
2015-09-23,0.0
2015-09-24,0.0
2015-09-25,0.0
2015-09-26,0.0
2015-09-27,0.0
2015-09-28,0.0
2015-09-29,0.0
2015-09-30,0.0
2015-10-01,0.0
2015-10-02,0.0
2015-10-03,0.0
2015-10-04,0.0
2015-10-05,0.0
2015-10-06,0.0
2015-10-07,0.0
2015-10-08,0.0
2015-10-09,0.0
2015-10-10,0.0
2015-10-11,0.0
2015-10-12,0.0
2015-10-13,0.0
2015-10-14,0.0
2015-10-15,0.0
2015-10-16,0.0
2015-10-17,0.0
2015-10-18,0.0
2015-10-19,0.0
2015-10-20,0.0
2015-10-21,0.0
2015-10-22,0.0
2015-10-23,0.0
2015-10-24,0.0
2015-10-25,0.0
2015-10-26,0.0
2015-10-27,0.0
2015-10-28,0.0
2015-10-29,0.0
2015-10-30,0.0
2015-10-31,0.0
2015-11-01,0.0
2015-11-02,0.0
2015-11-03,0.0
2015-11-04,0.0
2015-11-05,0.0
2015-11-06,0.0
2015-11-07,0.0
2015-11-08,0.0
2015-11-09,0.0
2015-11-10,0.0
2015-11-11,0.0
2015-11-12,0.0
2015-11-13,0.0
2015-11-14,0.0
2015-11-15,0.0
2015-11-16,0.0
2015-11-17,0.0
2015-11-18,0.0
2015-11-19,0.0
2015-11-20,0.0
2015-11-21,0.0
2015-11-22,0.0
2015-11-23,0.0
2015-11-24,0.0
2015-11-25,0.0
2015-11-26,0.0
2015-11-27,0.0
2015-11-28,0.0
2015-11-29,0.0
2015-11-30,0.0
2015-12-01,0.0
2015-12-02,0.0
2015-12-03,0.0
2015-12-04,0.0
2015-12-05,0.0
2015-12-06,0.0
2015-12-07,0.0
2015-12-08,0.0
2015-12-09,0.0
2015-12-10,0.0
2015-12-11,0.0
2015-12-12,0.0
2015-12-13,0.0
2015-12-14,0.0
2015-12-15,0.0
2015-12-16,0.0
2015-12-17,0.0
2015-12-18,0.0
2015-12-19,0.0
2015-12-20,0.0
2015-12-21,0.0
2015-12-22,0.0
2015-12-23,0.0
2015-12-24,0.0
2015-12-25,0.0
2015-12-26,0.0
2015-12-27,0.0
2015-12-28,0.0
2015-12-29,0.0
2015-12-30,0.0
2015-12-31,0.0
2016-01-01,0.0
2016-01-02,0.0
2016-01-03,0.0
2016-01-04,0.0
2016-01-05,0.0
2016-01-06,0.0
2016-01-07,0.0
2016-01-08,0.0
2016-01-09,0.0
2016-01-10,0.0
2016-01-11,0.0
2016-01-12,0.0
2016-01-13,0.0
2016-01-14,0.0
2016-01-15,0.0
2016-01-16,0.0
2016-01-17,0.0
2016-01-18,0.0
2016-01-19,0.0
2016-01-20,0.0
2016-01-21,0.0
2016-01-22,0.0
2016-01-23,0.0
2016-01-24,0.0
2016-01-25,0.0
2016-01-26,0.0
2016-01-27,0.0
2016-01-28,0.0
2016-01-29,0.0
2016-01-30,0.0
2016-01-31,0.0
2016-02-01,0.0
2016-02-02,0.0
2016-02-03,0.0
2016-02-04,0.0
2016-02-05,0.0
2016-02-06,0.0
2016-02-07,0.0
2016-02-08,0.0
2016-02-09,0.0
2016-02-10,0.0
2016-02-11,0.0
2016-02-12,0.0
2016-02-13,0.0
2016-02-14,0.0
2016-02-15,0.0
2016-02-16,0.0
2016-02-17,0.0
2016-02-18,0.0
2016-02-19,0.0
2016-02-20,0.0
2016-02-21,0.0
2016-02-22,0.0
2016-02-23,0.0
2016-02-24,0.0
2016-02-25,0.0
2016-02-26,0.0
2016-02-27,0.0
2016-02-28,0.0
2016-02-29,0.0
2016-03-01,0.0
2016-03-02,0.0
2016-03-03,0.0
2016-03-04,0.0
2016-03-05,0.0
2016-03-06,0.0
2016-03-07,0.0
2016-03-08,0.0
2016-03-09,0.0
2016-03-10,0.0
2016-03-11,0.0
2016-03-12,0.0
2016-03-13,0.0
2016-03-14,0.0
2016-03-15,0.0
2016-03-16,0.0
2016-03-17,0.0
2016-03-18,0.0
2016-03-19,0.0
2016-03-20,0.0
2016-03-21,0.0
2016-03-22,0.0
2016-03-23,0.0
2016-03-24,0.0
2016-03-25,0.0
2016-03-26,0.0
2016-03-27,0.0
2016-03-28,0.0
2016-03-29,0.0
2016-03-30,0.0
2016-03-31,0.0
2016-04-01,0.0
2016-04-02,0.0
2016-04-03,0.0
2016-04-04,0.0
2016-04-05,0.0
2016-04-06,0.0
2016-04-07,0.0
2016-04-08,0.0
2016-04-09,0.0
2016-04-10,0.0
2016-04-11,0.0
2016-04-12,0.0
2016-04-13,0.0
2016-04-14,0.0
2016-04-15,0.0
2016-04-16,0.0
2016-04-17,0.0
2016-04-18,0.0
2016-04-19,0.0
2016-04-20,0.0
2016-04-21,0.0
2016-04-22,0.0
2016-04-23,0.0
2016-04-24,0.0
2016-04-25,0.0
2016-04-26,0.0
2016-04-27,0.0
2016-04-28,0.0
2016-04-29,0.0
2016-04-30,0.0
2016-05-01,0.0
2016-05-02,0.0
2016-05-03,0.0
2016-05-04,0.0
2016-05-05,0.0
2016-05-06,0.0
2016-05-07,0.0
2016-05-08,0.0
2016-05-09,0.0
2016-05-10,0.0
2016-05-11,0.0
2016-05-12,0.0
2016-05-13,0.0
2016-05-14,0.0
2016-05-15,0.0
2016-05-16,0.0
2016-05-17,0.0
2016-05-18,0.0
2016-05-19,0.0
2016-05-20,0.0
2016-05-21,0.0
2016-05-22,0.0
2016-05-23,0.0
2016-05-24,0.0
2016-05-25,0.0
2016-05-26,0.0
2016-05-27,0.0
2016-05-28,0.0
2016-05-29,0.0
2016-05-30,0.0
2016-05-31,0.0
2016-06-01,0.0
2016-06-02,0.0
2016-06-03,0.0
2016-06-04,0.0
2016-06-05,0.0
2016-06-06,0.0
2016-06-07,0.0
2016-06-08,0.0
2016-06-09,0.0
2016-06-10,0.0
2016-06-11,0.0
2016-06-12,0.0
2016-06-13,0.0
2016-06-14,0.0
2016-06-15,0.0
2016-06-16,0.0
2016-06-17,0.0
2016-06-18,0.0
2016-06-19,0.0
2016-06-20,0.0
2016-06-21,0.0
2016-06-22,0.0
2016-06-23,0.0
2016-06-24,0.0
2016-06-25,0.0
2016-06-26,0.0
2016-06-27,0.0
2016-06-28,0.0
2016-06-29,0.0
2016-06-30,0.0
2016-07-01,0.0
2016-07-02,0.0
2016-07-03,0.0
2016-07-04,0.0
2016-07-05,0.0
2016-07-06,0.0
2016-07-07,0.0
2016-07-08,0.0
2016-07-09,0.0
2016-07-10,0.0
2016-07-11,0.0
2016-07-12,0.0
2016-07-13,0.0
2016-07-14,0.0
2016-07-15,0.0
2016-07-16,0.0
2016-07-17,0.0
2016-07-18,0.0
2016-07-19,0.0
2016-07-20,0.0
2016-07-21,0.0
2016-07-22,0.0
2016-07-23,0.0
2016-07-24,0.0
2016-07-25,0.0
2016-07-26,0.0
2016-07-27,0.0
2016-07-28,0.0
2016-07-29,0.0
2016-07-30,0.0
2016-07-31,0.0
2016-08-01,0.0
2016-08-02,0.0
2016-08-03,0.0
2016-08-04,0.0
2016-08-05,0.0
2016-08-06,0.0
2016-08-07,0.0
2016-08-08,0.0
2016-08-09,0.0
2016-08-10,0.0
2016-08-11,0.0
2016-08-12,0.0
2016-08-13,0.0
2016-08-14,0.0
2016-08-15,0.0
2016-08-16,0.0
2016-08-17,0.0
2016-08-18,0.0
2016-08-19,0.0
2016-08-20,0.0
2016-08-21,0.0
2016-08-22,0.0
2016-08-23,0.0
2016-08-24,0.0
2016-08-25,0.0
2016-08-26,0.0
2016-08-27,0.0
2016-08-28,0.0
2016-08-29,0.0
2016-08-30,0.0
2016-08-31,0.0
2016-09-01,0.0
2016-09-02,0.0
2016-09-03,0.0
2016-09-04,0.0
2016-09-05,0.0
2016-09-06,0.0
2016-09-07,0.0
2016-09-08,0.0
2016-09-09,0.0
2016-09-10,0.0
2016-09-11,0.0
2016-09-12,0.0
2016-09-13,0.0
2016-09-14,0.0
2016-09-15,0.0
2016-09-16,0.0
2016-09-17,0.0
2016-09-18,0.0
2016-09-19,0.0
2016-09-20,0.0
2016-09-21,0.0
2016-09-22,0.0
2016-09-23,0.0
2016-09-24,0.0
2016-09-25,0.0
2016-09-26,0.0
2016-09-27,0.0
2016-09-28,0.0
2016-09-29,0.0
2016-09-30,0.0
2016-10-01,0.0
2016-10-02,0.0
2016-10-03,0.0
2016-10-04,0.0
2016-10-05,0.0
2016-10-06,0.0
2016-10-07,0.0
2016-10-08,0.0
2016-10-09,0.0
2016-10-10,0.0
2016-10-11,0.0
2016-10-12,0.0
2016-10-13,0.0
2016-10-14,0.0
2016-10-15,0.0
2016-10-16,0.0
2016-10-17,0.0
2016-10-18,0.0
2016-10-19,0.0
2016-10-20,0.0
2016-10-21,0.0
2016-10-22,0.0
2016-10-23,0.0
2016-10-24,0.0
2016-10-25,0.0
2016-10-26,0.0
2016-10-27,0.0
2016-10-28,0.0
2016-10-29,0.0
2016-10-30,0.0
2016-10-31,0.0
2016-11-01,0.0
2016-11-02,0.0
2016-11-03,0.0
2016-11-04,0.0
2016-11-05,0.0
2016-11-06,0.0
2016-11-07,0.0
2016-11-08,0.0
2016-11-09,0.0
2016-11-10,0.0
2016-11-11,0.0
2016-11-12,0.0
2016-11-13,0.0
2016-11-14,0.0
2016-11-15,0.0
2016-11-16,0.0
2016-11-17,0.0
2016-11-18,0.0
2016-11-19,0.0
2016-11-20,0.0
2016-11-21,0.0
2016-11-22,0.0
2016-11-23,0.0
2016-11-24,0.0
2016-11-25,0.0
2016-11-26,0.0
2016-11-27,0.0
2016-11-28,0.0
2016-11-29,0.0
2016-11-30,0.0
2016-12-01,0.0
2016-12-02,0.0
2016-12-03,0.0
2016-12-04,0.0
2016-12-05,0.0
2016-12-06,0.0
2016-12-07,0.0
2016-12-08,0.0
2016-12-09,0.0
2016-12-10,0.0
2016-12-11,0.0
2016-12-12,0.0
2016-12-13,0.0
2016-12-14,0.0
2016-12-15,0.0
2016-12-16,0.0
2016-12-17,0.0
2016-12-18,0.0
2016-12-19,0.0
2016-12-20,0.0
2016-12-21,0.0
2016-12-22,0.0
2016-12-23,0.0
2016-12-24,0.0
2016-12-25,0.0
2016-12-26,0.0
2016-12-27,0.0
2016-12-28,0.0
2016-12-29,0.0
2016-12-30,0.0
2016-12-31,0.0
2017-01-01,0.0
2017-01-02,0.0
2017-01-03,0.0
2017-01-04,0.0
2017-01-05,0.0
2017-01-06,0.0
2017-01-07,0.0
2017-01-08,0.0
2017-01-09,0.0
2017-01-10,0.0
2017-01-11,0.0
2017-01-12,0.0
2017-01-13,0.0
2017-01-14,0.0
2017-01-15,0.0
2017-01-16,0.0
2017-01-17,0.0
2017-01-18,0.0
2017-01-19,0.0
2017-01-20,0.0
2017-01-21,0.0
2017-01-22,0.0
2017-01-23,0.0
2017-01-24,0.0
2017-01-25,0.0
2017-01-26,0.0
2017-01-27,0.0
2017-01-28,0.0
2017-01-29,0.0
2017-01-30,0.0
2017-01-31,0.0
2017-02-01,0.0
2017-02-02,0.0
2017-02-03,0.0
2017-02-04,0.0
2017-02-05,0.0
2017-02-06,0.0
2017-02-07,0.0
2017-02-08,0.0
2017-02-09,0.0
2017-02-10,0.0
2017-02-11,0.0
2017-02-12,0.0
2017-02-13,0.0
2017-02-14,0.0
2017-02-15,0.0
2017-02-16,0.0
2017-02-17,0.0
2017-02-18,0.0
2017-02-19,0.0
2017-02-20,0.0
2017-02-21,0.0
2017-02-22,0.0
2017-02-23,0.0
2017-02-24,0.0
2017-02-25,0.0
2017-02-26,0.0
2017-02-27,0.0
2017-02-28,0.0
2017-03-01,0.0
2017-03-02,0.0
2017-03-03,0.0
2017-03-04,0.0
2017-03-05,0.0
2017-03-06,0.0
2017-03-07,0.0
2017-03-08,0.0
2017-03-09,0.0
2017-03-10,0.0
2017-03-11,0.0
2017-03-12,0.0
2017-03-13,0.0
2017-03-14,0.0
2017-03-15,0.0
2017-03-16,0.0
2017-03-17,0.0
2017-03-18,0.0
2017-03-19,0.0
2017-03-20,0.0
2017-03-21,0.0
2017-03-22,0.0
2017-03-23,0.0
2017-03-24,0.0
2017-03-25,0.0
2017-03-26,0.0
2017-03-27,0.0
2017-03-28,0.0
2017-03-29,0.0
2017-03-30,0.0
2017-03-31,0.0
2017-04-01,0.0
2017-04-02,0.0
2017-04-03,0.0
2017-04-04,0.0
2017-04-05,0.0
2017-04-06,0.0
2017-04-07,0.0
2017-04-08,0.0
2017-04-09,0.0
2017-04-10,0.0
2017-04-11,0.0
2017-04-12,0.0
2017-04-13,0.0
2017-04-14,0.0
2017-04-15,0.0
2017-04-16,0.0
2017-04-17,0.0
2017-04-18,0.0
2017-04-19,0.0
2017-04-20,0.0
2017-04-21,0.0
2017-04-22,0.0
2017-04-23,0.0
2017-04-24,0.0
2017-04-25,0.0
2017-04-26,0.0
2017-04-27,0.0
2017-04-28,0.0
2017-04-29,0.0
2017-04-30,0.0
2017-05-01,0.0
2017-05-02,0.0
2017-05-03,0.0
2017-05-04,0.0
2017-05-05,0.0
2017-05-06,0.0
2017-05-07,0.0
2017-05-08,0.0
2017-05-09,0.0
2017-05-10,0.0
2017-05-11,0.0
2017-05-12,0.0
2017-05-13,0.0
2017-05-14,0.0
2017-05-15,0.0
2017-05-16,0.0
2017-05-17,0.0
2017-05-18,0.0
2017-05-19,0.0
2017-05-20,0.0
2017-05-21,0.0
2017-05-22,0.0
2017-05-23,0.0
2017-05-24,0.0
2017-05-25,0.0
2017-05-26,0.0
2017-05-27,0.0
2017-05-28,0.0
2017-05-29,0.0
2017-05-30,0.0
2017-05-31,0.0
2017-06-01,0.0
2017-06-02,0.0
2017-06-03,0.0
2017-06-04,0.0
2017-06-05,0.0
2017-06-06,0.0
2017-06-07,0.0
2017-06-08,0.0
2017-06-09,0.0
2017-06-10,0.0
2017-06-11,0.0
2017-06-12,0.0
2017-06-13,0.0
2017-06-14,0.0
2017-06-15,0.0
2017-06-16,0.0
2017-06-17,0.0
2017-06-18,0.0
2017-06-19,0.0
2017-06-20,0.0
2017-06-21,0.0
2017-06-22,0.0
2017-06-23,0.0
2017-06-24,0.0
2017-06-25,0.0
2017-06-26,0.0
2017-06-27,0.0
2017-06-28,0.0
2017-06-29,0.0
2017-06-30,0.0
2017-07-01,0.0
2017-07-02,0.0
2017-07-03,0.0
2017-07-04,0.0
2017-07-05,0.0
2017-07-06,0.0
2017-07-07,0.0
2017-07-08,0.0
2017-07-09,0.0
2017-07-10,0.0
2017-07-11,0.0
2017-07-12,0.0
2017-07-13,0.0
2017-07-14,0.0
2017-07-15,0.0
2017-07-16,0.0
2017-07-17,0.0
2017-07-18,0.0
2017-07-19,0.0
2017-07-20,0.0
2017-07-21,0.0
2017-07-22,0.0
2017-07-23,0.0
2017-07-24,0.0
2017-07-25,0.0
2017-07-26,0.0
2017-07-27,0.0
2017-07-28,0.0
2017-07-29,0.0
2017-07-30,0.0
2017-07-31,0.0
2017-08-01,0.0
2017-08-02,0.0
2017-08-03,0.0
2017-08-04,0.0
2017-08-05,0.0
2017-08-06,0.0
2017-08-07,0.0
2017-08-08,0.0
2017-08-09,0.0
2017-08-10,0.0
2017-08-11,0.0
2017-08-12,0.0
2017-08-13,0.0
2017-08-14,0.0
2017-08-15,0.0
2017-08-16,0.0
2017-08-17,0.0
2017-08-18,0.0
2017-08-19,0.0
2017-08-20,0.0
2017-08-21,0.0
2017-08-22,0.0
2017-08-23,0.0
2017-08-24,0.0
2017-08-25,0.0
2017-08-26,0.0
2017-08-27,0.0
2017-08-28,0.0
2017-08-29,0.0
2017-08-30,0.0
2017-08-31,0.0
2017-09-01,0.0
2017-09-02,0.0
2017-09-03,0.0
2017-09-04,0.0
2017-09-05,0.0
2017-09-06,0.0
2017-09-07,0.0
2017-09-08,0.0
2017-09-09,0.0
2017-09-10,0.0
2017-09-11,0.0
2017-09-12,0.0
2017-09-13,0.0
2017-09-14,0.0
2017-09-15,0.0
2017-09-16,0.0
2017-09-17,0.0
2017-09-18,0.0
2017-09-19,0.0
2017-09-20,0.0
2017-09-21,0.0
2017-09-22,0.0
2017-09-23,0.0
2017-09-24,0.0
2017-09-25,0.0
2017-09-26,0.0
2017-09-27,0.0
2017-09-28,0.0
2017-09-29,0.0
2017-09-30,0.0
2017-10-01,0.0
2017-10-02,0.0
2017-10-03,0.0
2017-10-04,0.0
2017-10-05,0.0
2017-10-06,0.0
2017-10-07,0.0
2017-10-08,0.0
2017-10-09,0.0
2017-10-10,0.0
2017-10-11,0.0
2017-10-12,0.0
2017-10-13,0.0
2017-10-14,0.0
2017-10-15,0.0
2017-10-16,0.0
2017-10-17,0.0
2017-10-18,0.0
2017-10-19,0.0
2017-10-20,0.0
2017-10-21,0.0
2017-10-22,0.0
2017-10-23,0.0
2017-10-24,0.0
2017-10-25,0.0
2017-10-26,0.0
2017-10-27,0.0
2017-10-28,0.0
2017-10-29,0.0
2017-10-30,0.0
2017-10-31,0.0
2017-11-01,0.0
2017-11-02,0.0
2017-11-03,0.0
2017-11-04,0.0
2017-11-05,0.0
2017-11-06,0.0
2017-11-07,0.0
2017-11-08,0.0
2017-11-09,0.0
2017-11-10,0.0
2017-11-11,0.0
2017-11-12,0.0
2017-11-13,0.0
2017-11-14,0.0
2017-11-15,0.0
2017-11-16,0.0
2017-11-17,0.0
2017-11-18,0.0
2017-11-19,0.0
2017-11-20,0.0
2017-11-21,0.0
2017-11-22,0.0
2017-11-23,0.0
2017-11-24,0.0
2017-11-25,0.0
2017-11-26,0.0
2017-11-27,0.0
2017-11-28,0.0
2017-11-29,0.0
2017-11-30,0.0
2017-12-01,0.0
2017-12-02,0.0
2017-12-03,0.0
2017-12-04,0.0
2017-12-05,0.0
2017-12-06,0.0
2017-12-07,0.0
2017-12-08,0.0
2017-12-09,0.0
2017-12-10,0.0
2017-12-11,0.0
2017-12-12,0.0
2017-12-13,0.0
2017-12-14,0.0
2017-12-15,0.0
2017-12-16,0.0
2017-12-17,0.0
2017-12-18,0.0
2017-12-19,0.0
2017-12-20,0.0
2017-12-21,0.0
2017-12-22,0.0
2017-12-23,0.0
2017-12-24,0.0
2017-12-25,0.0
2017-12-26,0.0
2017-12-27,0.0
2017-12-28,0.0
2017-12-29,0.0
2017-12-30,0.0
2017-12-31,0.0
2018-01-01,0.0
2018-01-02,0.0
2018-01-03,0.0
2018-01-04,0.0
2018-01-05,0.0
2018-01-06,0.0
2018-01-07,0.0
2018-01-08,0.0
2018-01-09,0.0
2018-01-10,0.0
2018-01-11,0.0
2018-01-12,0.0
2018-01-13,0.0
2018-01-14,0.0
2018-01-15,0.0
2018-01-16,0.0
2018-01-17,0.0
2018-01-18,0.0
2018-01-19,0.0
2018-01-20,0.0
2018-01-21,0.0
2018-01-22,0.0
2018-01-23,0.0
2018-01-24,0.0
2018-01-25,0.0
2018-01-26,0.0
2018-01-27,0.0
2018-01-28,0.0
2018-01-29,0.0
2018-01-30,0.0
2018-01-31,0.0
2018-02-01,0.0
2018-02-02,0.0
2018-02-03,0.0
2018-02-04,0.0
2018-02-05,0.0
2018-02-06,0.0
2018-02-07,0.0
2018-02-08,0.0
2018-02-09,0.0
2018-02-10,0.0
2018-02-11,0.0
2018-02-12,0.0
2018-02-13,0.0
2018-02-14,0.0
2018-02-15,0.0
2018-02-16,0.0
2018-02-17,0.0
2018-02-18,0.0
2018-02-19,0.0
2018-02-20,0.0
2018-02-21,0.0
2018-02-22,0.0
2018-02-23,0.0
2018-02-24,0.0
2018-02-25,0.0
2018-02-26,0.0
2018-02-27,0.0
2018-02-28,0.0
2018-03-01,0.0
2018-03-02,0.0
2018-03-03,0.0
2018-03-04,0.0
2018-03-05,0.0
2018-03-06,0.0
2018-03-07,0.0
2018-03-08,0.0
2018-03-09,0.0
2018-03-10,0.0
2018-03-11,0.0
2018-03-12,0.0
2018-03-13,0.0
2018-03-14,0.0
2018-03-15,0.0
2018-03-16,0.0
2018-03-17,0.0
2018-03-18,0.0
2018-03-19,0.0
2018-03-20,0.0
2018-03-21,0.0
2018-03-22,0.0
2018-03-23,0.0
2018-03-24,0.0
2018-03-25,0.0
2018-03-26,0.0
2018-03-27,0.0
2018-03-28,0.0
2018-03-29,0.0
2018-03-30,0.0
2018-03-31,0.0
2018-04-01,0.0
2018-04-02,0.0
2018-04-03,0.0
2018-04-04,0.0
2018-04-05,0.0
2018-04-06,0.0
2018-04-07,0.0
2018-04-08,0.0
2018-04-09,0.0
2018-04-10,0.0
2018-04-11,0.0
2018-04-12,0.0
2018-04-13,0.0
2018-04-14,0.0
2018-04-15,0.0
2018-04-16,0.0
2018-04-17,0.0
2018-04-18,0.0
2018-04-19,0.0
2018-04-20,0.0
2018-04-21,0.0
2018-04-22,0.0
2018-04-23,0.0
2018-04-24,0.0
2018-04-25,0.0
2018-04-26,0.0
2018-04-27,0.0
2018-04-28,0.0
2018-04-29,0.0
2018-04-30,0.0
2018-05-01,0.0
2018-05-02,0.0
2018-05-03,0.0
2018-05-04,0.0
2018-05-05,0.0
2018-05-06,0.0
2018-05-07,0.0
2018-05-08,0.0
2018-05-09,0.0
2018-05-10,0.0
2018-05-11,0.0
2018-05-12,0.0
2018-05-13,0.0
2018-05-14,0.0
2018-05-15,0.0
2018-05-16,0.0
2018-05-17,0.0
2018-05-18,0.0
2018-05-19,0.0
2018-05-20,0.0
2018-05-21,0.0
2018-05-22,0.0
2018-05-23,0.0
2018-05-24,0.0
2018-05-25,0.0
2018-05-26,0.0
2018-05-27,0.0
2018-05-28,0.0
2018-05-29,0.0
2018-05-30,0.0
2018-05-31,0.0
2018-06-01,0.0
2018-06-02,0.0
2018-06-03,0.0
2018-06-04,0.0
2018-06-05,0.0
2018-06-06,0.0
2018-06-07,0.0
2018-06-08,0.0
2018-06-09,0.0
2018-06-10,0.0
2018-06-11,0.0
2018-06-12,0.0
2018-06-13,0.0
2018-06-14,0.0
2018-06-15,0.0
2018-06-16,0.0
2018-06-17,0.0
2018-06-18,0.0
2018-06-19,0.0
2018-06-20,0.0
2018-06-21,0.0
2018-06-22,0.0
2018-06-23,0.0
2018-06-24,0.0
2018-06-25,0.0
2018-06-26,0.0
2018-06-27,0.0
2018-06-28,0.0
2018-06-29,0.0
2018-06-30,0.0
2018-07-01,0.0
2018-07-02,0.0
2018-07-03,0.0
2018-07-04,0.0
2018-07-05,0.0
2018-07-06,0.0
2018-07-07,0.0
2018-07-08,0.0
2018-07-09,0.0
2018-07-10,0.0
2018-07-11,0.0
2018-07-12,0.0
2018-07-13,0.0
2018-07-14,0.0
2018-07-15,0.0
2018-07-16,0.0
2018-07-17,0.0
2018-07-18,0.0
2018-07-19,0.0
2018-07-20,0.0
2018-07-21,0.0
2018-07-22,0.0
2018-07-23,0.0
2018-07-24,0.0
2018-07-25,0.0
2018-07-26,0.0
2018-07-27,0.0
2018-07-28,0.0
2018-07-29,0.0
2018-07-30,0.0
2018-07-31,0.0
2018-08-01,0.0
2018-08-02,0.0
2018-08-03,0.0
2018-08-04,0.0
2018-08-05,0.0
2018-08-06,0.0
2018-08-07,0.0
2018-08-08,0.0
2018-08-09,0.0
2018-08-10,0.0
2018-08-11,0.0
2018-08-12,0.0
2018-08-13,0.0
2018-08-14,0.0
2018-08-15,0.0
2018-08-16,0.0
2018-08-17,0.0
2018-08-18,0.0
2018-08-19,0.0
2018-08-20,0.0
2018-08-21,0.0
2018-08-22,0.0
2018-08-23,0.0
2018-08-24,0.0
2018-08-25,0.0
2018-08-26,0.0
2018-08-27,0.0
2018-08-28,0.0
2018-08-29,0.0
2018-08-30,0.0
2018-08-31,0.0
2018-09-01,0.0
2018-09-02,0.0
2018-09-03,0.0
2018-09-04,0.0
2018-09-05,0.0
2018-09-06,0.0
2018-09-07,0.0
2018-09-08,0.0
2018-09-09,0.0
2018-09-10,0.0
2018-09-11,0.0
2018-09-12,0.0
2018-09-13,0.0
2018-09-14,0.0
2018-09-15,0.0
2018-09-16,0.0
2018-09-17,0.0
2018-09-18,0.0
2018-09-19,0.0
2018-09-20,0.0
2018-09-21,0.0
2018-09-22,0.0
2018-09-23,0.0
2018-09-24,0.0
2018-09-25,0.0
2018-09-26,0.0
2018-09-27,0.0
2018-09-28,0.0
2018-09-29,0.0
2018-09-30,0.0
2018-10-01,0.0
2018-10-02,0.0
2018-10-03,0.0
2018-10-04,0.0
2018-10-05,0.0
2018-10-06,0.0
2018-10-07,0.0
2018-10-08,0.0
2018-10-09,0.0
2018-10-10,0.0
2018-10-11,0.0
2018-10-12,0.0
2018-10-13,0.0
2018-10-14,0.0
2018-10-15,0.0
2018-10-16,0.0
2018-10-17,0.0
2018-10-18,0.0
2018-10-19,0.0
2018-10-20,0.0
2018-10-21,0.0
2018-10-22,0.0
2018-10-23,0.0
2018-10-24,0.0
2018-10-25,0.0
2018-10-26,0.0
2018-10-27,0.0
2018-10-28,0.0
2018-10-29,0.0
2018-10-30,0.0
2018-10-31,0.0
2018-11-01,0.0
2018-11-02,0.0
2018-11-03,0.0
2018-11-04,0.0
2018-11-05,0.0
2018-11-06,0.0
2018-11-07,0.0
2018-11-08,0.0
2018-11-09,0.0
2018-11-10,0.0
2018-11-11,0.0
2018-11-12,0.0
2018-11-13,0.0
2018-11-14,0.0
2018-11-15,0.0
2018-11-16,0.0
2018-11-17,0.0
2018-11-18,0.0
2018-11-19,0.0
2018-11-20,0.0
2018-11-21,0.0
2018-11-22,0.0
2018-11-23,0.0
2018-11-24,0.0
2018-11-25,0.0
2018-11-26,0.0
2018-11-27,0.0
2018-11-28,0.0
2018-11-29,0.0
2018-11-30,0.0
2018-12-01,0.0
2018-12-02,0.0
2018-12-03,0.0
2018-12-04,0.0
2018-12-05,0.0
2018-12-06,0.0
2018-12-07,0.0
2018-12-08,0.0
2018-12-09,0.0
2018-12-10,0.0
2018-12-11,0.0
2018-12-12,0.0
2018-12-13,0.0
2018-12-14,0.0
2018-12-15,0.0
2018-12-16,0.0
2018-12-17,0.0
2018-12-18,0.0
2018-12-19,0.0
2018-12-20,0.0
2018-12-21,0.0
2018-12-22,0.0
2018-12-23,0.0
2018-12-24,0.0
2018-12-25,0.0
2018-12-26,0.0
2018-12-27,0.0
2018-12-28,0.0
2018-12-29,0.0
2018-12-30,0.0
2018-12-31,0.0
2019-01-01,0.0
2019-01-02,0.0
2019-01-03,0.0
2019-01-04,0.0
2019-01-05,0.0
2019-01-06,0.0
2019-01-07,0.0
2019-01-08,0.0
2019-01-09,0.0
2019-01-10,0.0
2019-01-11,0.0
2019-01-12,0.0
2019-01-13,0.0
2019-01-14,0.0
2019-01-15,0.0
2019-01-16,0.0
2019-01-17,0.0
2019-01-18,0.0
2019-01-19,0.0
2019-01-20,0.0
2019-01-21,0.0
2019-01-22,0.0
2019-01-23,0.0
2019-01-24,0.0
2019-01-25,0.0
2019-01-26,0.0
2019-01-27,0.0
2019-01-28,0.0
2019-01-29,0.0
2019-01-30,0.0
2019-01-31,0.0
2019-02-01,0.0
2019-02-02,0.0
2019-02-03,0.0
2019-02-04,0.0
2019-02-05,0.0
2019-02-06,0.0
2019-02-07,0.0
2019-02-08,0.0
2019-02-09,0.0
2019-02-10,0.0
2019-02-11,0.0
2019-02-12,0.0
2019-02-13,0.0
2019-02-14,0.0
2019-02-15,0.0
2019-02-16,0.0
2019-02-17,0.0
2019-02-18,0.0
2019-02-19,0.0
2019-02-20,0.0
2019-02-21,0.0
2019-02-22,0.0
2019-02-23,0.0
2019-02-24,0.0
2019-02-25,0.0
2019-02-26,0.0
2019-02-27,0.0
2019-02-28,0.0
2019-03-01,0.0
2019-03-02,0.0
2019-03-03,0.0
2019-03-04,0.0
2019-03-05,0.0
2019-03-06,0.0
2019-03-07,0.0
2019-03-08,0.0
2019-03-09,0.0
2019-03-10,0.0
2019-03-11,0.0
2019-03-12,0.0
2019-03-13,0.0
2019-03-14,0.0
2019-03-15,0.0
2019-03-16,0.0
2019-03-17,0.0
2019-03-18,0.0
2019-03-19,0.0
2019-03-20,0.0
2019-03-21,0.0
2019-03-22,0.0
2019-03-23,0.0
2019-03-24,0.0
2019-03-25,0.0
2019-03-26,0.0
2019-03-27,0.0
2019-03-28,0.0
2019-03-29,0.0
2019-03-30,0.0
2019-03-31,0.0
2019-04-01,0.0
2019-04-02,0.0
2019-04-03,0.0
2019-04-04,0.0
2019-04-05,0.0
2019-04-06,0.0
2019-04-07,0.0
2019-04-08,0.0
2019-04-09,0.0
2019-04-10,0.0
2019-04-11,0.0
2019-04-12,0.0
2019-04-13,0.0
2019-04-14,0.0
2019-04-15,0.0
2019-04-16,0.0
2019-04-17,0.0
2019-04-18,0.0
2019-04-19,0.0
2019-04-20,0.0
2019-04-21,0.0
2019-04-22,0.0
2019-04-23,0.0
2019-04-24,0.0
2019-04-25,0.0
2019-04-26,0.0
2019-04-27,0.0
2019-04-28,0.0
2019-04-29,0.0
2019-04-30,0.0
2019-05-01,0.0
2019-05-02,0.0
2019-05-03,0.0
2019-05-04,0.0
2019-05-05,0.0
2019-05-06,0.0
2019-05-07,0.0
2019-05-08,0.0
2019-05-09,0.0
2019-05-10,0.0
2019-05-11,0.0
2019-05-12,0.0
2019-05-13,0.0
2019-05-14,0.0
2019-05-15,0.0
2019-05-16,0.0
2019-05-17,0.0
2019-05-18,0.0
2019-05-19,0.0
2019-05-20,0.0
2019-05-21,0.0
2019-05-22,0.0
2019-05-23,0.0
2019-05-24,0.0
2019-05-25,0.0
2019-05-26,0.0
2019-05-27,0.0
2019-05-28,0.0
2019-05-29,0.0
2019-05-30,0.0
2019-05-31,0.0
2019-06-01,0.0
2019-06-02,0.0
2019-06-03,0.0
2019-06-04,0.0
2019-06-05,0.0
2019-06-06,0.0
2019-06-07,0.0
2019-06-08,0.0
2019-06-09,0.0
2019-06-10,0.0
2019-06-11,0.0
2019-06-12,0.0
2019-06-13,0.0
2019-06-14,0.0
2019-06-15,0.0
2019-06-16,0.0
2019-06-17,0.0
2019-06-18,0.0
2019-06-19,48.55
2019-06-20,55.76
2019-06-21,52.11
2019-06-22,38.33
2019-06-23,44.81
2019-06-24,24.1
2019-06-25,29.59
2019-06-26,0.0
2019-06-27,0.0
2019-06-28,0.0
2019-06-29,0.0
2019-06-30,0.0
2019-07-01,0.0
2019-07-02,0.0
2019-07-03,0.0
2019-07-04,0.0
2019-07-05,0.0
2019-07-06,0.0
2019-07-07,0.0
2019-07-08,0.0
2019-07-09,0.0
2019-07-10,0.0
2019-07-11,0.0
2019-07-12,0.0
2019-07-13,0.0
2019-07-14,0.0
2019-07-15,0.0
2019-07-16,0.0
2019-07-17,0.0
2019-07-18,0.0
2019-07-19,33.87
2019-07-20,26.86
2019-07-21,31.54
2019-07-22,25.38
2019-07-23,29.47
2019-07-24,23.36
2019-07-25,40.85
2019-07-26,26.66
2019-07-27,36.78
2019-07-28,48.3
2019-07-29,28.12
2019-07-30,53.67
2019-07-31,33.25
2019-08-01,39.61
2019-08-02,32.87
2019-08-03,27.2
2019-08-04,33.32
2019-08-05,14.82
2019-08-06,24.39
2019-08-07,32.96
2019-08-08,25.65
2019-08-09,29.99
2019-08-10,42.4
2019-08-11,30.27
2019-08-12,42.25
2019-08-13,67.63
2019-08-14,47.55
2019-08-15,33.79
2019-08-16,49.99
2019-08-17,27.27
2019-08-18,25.96
2019-08-19,39.46
2019-08-20,0.0
2019-08-21,38.5
2019-08-22,25.58
2019-08-23,80.57
2019-08-24,23.46
2019-08-25,39.35
2019-08-26,33.33
2019-08-27,25.63
2019-08-28,37.57
2019-08-29,29.91
2019-08-30,39.16
2019-08-31,55.11
2019-09-01,45.12
2019-09-02,46.36
2019-09-03,26.98
2019-09-04,35.58
2019-09-05,22.95
2019-09-06,39.75
2019-09-07,61.74
2019-09-08,0.0
2019-09-09,72.52
2019-09-10,55.29
2019-09-11,51.62
2019-09-12,73.02
2019-09-13,46.3
2019-09-14,43.81
2019-09-15,38.66
2019-09-16,40.41
2019-09-17,32.44
2019-09-18,45.52
2019-09-19,26.53
2019-09-20,56.21
2019-09-21,71.07
2019-09-22,101.54
2019-09-23,86.53
2019-09-24,61.6
2019-09-25,37.12
2019-09-26,30.32
2019-09-27,45.69
2019-09-28,53.49
2019-09-29,39.41
2019-09-30,39.11
2019-10-01,87.5
2019-10-02,46.68
2019-10-03,25.97
2019-10-04,52.0
2019-10-05,40.58
2019-10-06,91.05
2019-10-07,66.67
2019-10-08,94.02
2019-10-09,79.42
2019-10-10,67.66
2019-10-11,55.08
2019-10-12,72.77
2019-10-13,34.46
2019-10-14,60.99
2019-10-15,42.85
2019-10-16,27.06
2019-10-17,31.76
2019-10-18,36.8
2019-10-19,36.51
2019-10-20,50.72
2019-10-21,26.19
2019-10-22,28.65
2019-10-23,47.83
2019-10-24,61.61
2019-10-25,75.12
2019-10-26,111.38
2019-10-27,196.29
2019-10-28,72.84
2019-10-29,46.07
2019-10-30,32.13
2019-10-31,56.38
2019-11-01,56.24
2019-11-02,70.97
2019-11-03,0.0
2019-11-04,241.6
2019-11-05,181.03
2019-11-06,183.42
2019-11-07,201.76
2019-11-08,196.37
2019-11-09,172.27
2019-11-10,198.2
2019-11-11,104.29
2019-11-12,71.74
2019-11-13,109.85
2019-11-14,66.95
2019-11-15,52.7
2019-11-16,80.85
2019-11-17,154.66
2019-11-18,125.72
2019-11-19,37.66
2019-11-20,34.1
2019-11-21,70.14
2019-11-22,50.45
2019-11-23,59.79
2019-11-24,65.54
2019-11-25,63.09
2019-11-26,84.65
2019-11-27,80.2
2019-11-28,62.56
2019-11-29,54.48
2019-11-30,62.97
2019-12-01,52.26
2019-12-02,41.24
2019-12-03,82.52
2019-12-04,87.09
2019-12-05,78.57
2019-12-06,89.09
2019-12-07,35.98
2019-12-08,44.05
2019-12-09,42.96
2019-12-10,0.0
2019-12-11,27.38
2019-12-12,38.29
2019-12-13,42.32
2019-12-14,52.46
2019-12-15,44.1
2019-12-16,31.47
2019-12-17,56.34
2019-12-18,49.98
2019-12-19,67.54
2019-12-20,84.77
2019-12-21,79.66
2019-12-22,59.56
2019-12-23,60.37
2019-12-24,84.11
2019-12-25,73.9
2019-12-26,74.13
2019-12-27,59.15
2019-12-28,63.7
2019-12-29,69.8
2019-12-30,46.37
2019-12-31,66.8
2020-01-01,40.44
2020-01-02,23.01
2020-01-03,36.63
2020-01-04,44.9
2020-01-05,30.76
2020-01-06,25.87
2020-01-07,40.38
2020-01-08,61.8
2020-01-09,75.24
2020-01-10,69.94
2020-01-11,71.75
2020-01-12,73.51
2020-01-13,122.43
2020-01-14,168.34
2020-01-15,66.92
2020-01-16,44.39
2020-01-17,53.18
2020-01-18,28.47
2020-01-19,33.25
2020-01-20,53.48
2020-01-21,60.17
2020-01-22,64.49
2020-01-23,85.4
2020-01-24,112.61
2020-01-25,95.63
2020-01-26,86.84
2020-01-27,79.24
2020-01-28,69.03
2020-01-29,65.93
2020-01-30,59.48
2020-01-31,53.23
2020-02-01,50.04
2020-02-02,38.29
2020-02-03,57.78
2020-02-04,65.6
2020-02-05,59.04
2020-02-06,56.19
2020-02-07,55.83
2020-02-08,49.06
2020-02-09,43.78
2020-02-10,61.47
2020-02-11,67.85
2020-02-12,78.26
2020-02-13,98.17
2020-02-14,102.04
2020-02-15,84.0
2020-02-16,53.43
2020-02-17,64.36
2020-02-18,79.79
2020-02-19,94.21
2020-02-20,69.95
2020-02-21,125.87
2020-02-22,51.45
2020-02-23,53.6
2020-02-24,73.54
2020-02-25,56.99
2020-02-26,63.4
2020-02-27,72.05
2020-02-28,49.17
2020-02-29,84.54
2020-03-01,43.7
2020-03-02,64.94
2020-03-03,94.26
2020-03-04,66.83
2020-03-05,29.86
2020-03-06,25.63
2020-03-07,27.06
2020-03-08,25.97
2020-03-09,34.85
2020-03-10,41.72
2020-03-11,38.14
2020-03-12,41.38
2020-03-13,33.31
2020-03-14,46.44
2020-03-15,51.07
2020-03-16,5.29
2020-03-17,123.82
2020-03-18,4.94
2020-03-19,6.39
2020-03-20,4.82
2020-03-21,1.8
2020-03-22,0.0
2020-03-23,0.21
2020-03-24,6.07
2020-03-25,1.63
2020-03-26,4.06
2020-03-27,0.62
2020-03-28,1.55
2020-03-29,111.83
2020-03-30,162.67
2020-03-31,185.25
2020-04-01,3.73
2020-04-02,170.09
2020-04-03,183.34
2020-04-04,291.75
2020-04-05,177.96
2020-04-06,119.96
2020-04-07,151.3
2020-04-08,288.68
2020-04-09,180.01
2020-04-10,0.0
2020-04-11,0.0
2020-04-12,0.0
2020-04-13,0.0
2020-04-14,0.0
2020-04-15,0.0
2020-04-16,0.0
2020-04-17,0.0
2020-04-18,0.0
2020-04-19,0.0
2020-04-20,0.0
2020-04-21,0.0
2020-04-22,0.0
2020-04-23,0.0
2020-04-24,0.0
2020-04-25,0.0
2020-04-26,0.0
2020-04-27,0.0
2020-04-28,0.0
2020-04-29,0.0
2020-04-30,0.0
2020-05-01,0.0
2020-05-02,0.0
2020-05-03,0.0
2020-05-04,0.0
2020-05-05,0.0
2020-05-06,0.0
2020-05-07,0.0
2020-05-08,0.0
2020-05-09,0.0
2020-05-10,0.0
2020-05-11,0.0
2020-05-12,0.0
2020-05-13,0.0
2020-05-14,0.0
2020-05-15,0.0
2020-05-16,0.0
2020-05-17,0.0
2020-05-18,0.0
2020-05-19,0.0
2020-05-20,0.0
2020-05-21,0.0
2020-05-22,0.0
2020-05-23,0.0
2020-05-24,0.0
2020-05-25,33.86
2020-05-26,311.98
2020-05-27,234.46
2020-05-28,0.0
2020-05-29,0.0
2020-05-30,0.0
2020-05-31,127.81
2020-06-01,346.73
2020-06-02,25.52
2020-06-03,13.84
2020-06-04,76.53
2020-06-05,27.33
2020-06-06,42.38
2020-06-07,142.52
2020-06-08,72.71
2020-06-09,32.25
2020-06-10,0.0
2020-06-11,40.69
2020-06-12,25.05
2020-06-13,35.25
2020-06-14,56.04
2020-06-15,43.22
2020-06-16,42.54
2020-06-17,43.27
2020-06-18,41.27
2020-06-19,48.4
2020-06-20,50.56
2020-06-21,55.74
2020-06-22,35.3
2020-06-23,24.27
2020-06-24,31.28
2020-06-25,35.95
2020-06-26,38.41
2020-06-27,39.3
2020-06-28,45.54
2020-06-29,22.21
2020-06-30,30.66
2020-07-01,4.85
2019-06-12,43.49
2019-06-13,27.05
2019-06-14,32.08
2019-06-15,35.85
2019-06-16,31.41
2019-06-17,46.17
2019-06-18,60.71
2019-06-19,53.51
2019-06-20,40.35
2019-06-21,41.09
2019-06-22,31.0
2019-06-23,21.66
2019-06-24,40.05
2019-06-25,58.71
2019-06-26,60.24
2019-06-27,58.23
2019-06-28,54.75
2019-06-29,54.24
2019-06-30,33.56
2019-07-01,39.66
2019-07-02,46.75
2019-07-03,44.95
2019-07-04,49.26
2019-07-05,39.65
2019-07-06,42.61
2019-07-07,24.06
2019-07-08,30.17
2019-07-09,30.83
2019-07-10,42.31
2019-07-11,50.06
2019-07-12,57.64
2019-07-13,43.18
2019-07-14,28.53
2019-07-15,37.46
2019-07-16,60.13
2019-07-17,34.04
2019-07-18,34.95
2019-07-19,21.7
2019-07-20,45.39
2019-07-21,25.85
2019-07-22,23.48
2019-07-23,30.93
2019-07-24,45.47
2019-07-25,39.09
2019-07-26,30.85
2019-07-27,49.46
2019-07-28,46.87
2019-07-29,49.5
2019-07-30,47.87
2019-07-31,60.6
2019-08-01,46.23
2019-08-02,42.82
2019-08-03,24.72
2019-08-04,13.35
2019-08-05,22.18
2019-08-06,31.0
2019-08-07,36.56
2019-08-08,33.33
2019-08-09,21.58
2019-08-10,18.93
2019-08-11,22.41
2019-08-12,28.34
2019-08-13,36.58
2019-08-14,32.37
2019-08-15,21.44
2019-08-16,28.27
2019-08-17,39.77
2019-08-18,25.03
2019-08-19,30.68
2019-08-20,44.65
2019-08-21,38.26
2019-08-22,36.68
2019-08-23,36.39
2019-08-24,37.85
2019-08-25,17.22
2019-08-26,29.03
2019-08-27,26.21
2019-08-28,26.27
2019-08-29,0.0
2019-08-30,0.0
2019-08-31,32.25
2019-09-01,19.5
2019-09-02,16.31
2019-09-03,25.15
2019-09-04,34.12
2019-09-05,32.45
2019-09-06,26.91
2019-09-07,22.09
2019-09-08,14.91
2019-09-09,27.15
2019-09-10,26.54
2019-09-11,25.52
2019-09-12,24.32
2019-09-13,30.35
2019-09-14,38.2
2019-09-15,21.19
2019-09-16,28.7
2019-09-17,30.55
2019-09-18,30.93
2019-09-19,17.74
2019-09-20,92.79
2019-09-21,32.53
2019-09-22,28.44
2019-09-23,35.74
2019-09-24,34.32
2019-09-25,39.58
2019-09-26,33.05
2019-09-27,40.51
2019-09-28,36.33
2019-09-29,33.02
2019-09-30,32.78
2019-10-01,37.68
2019-10-02,34.26
2019-10-03,46.39
2019-10-04,53.54
2019-10-05,39.73
2019-10-06,37.82
2019-10-07,25.22
2019-10-08,17.47
2019-10-09,42.97
2019-10-10,40.8
2019-10-11,45.64
2019-10-12,35.86
2019-10-13,14.79
2019-10-14,34.51
2019-10-15,36.22
2019-10-16,44.21
2019-10-17,26.65
2019-10-18,26.71
2019-10-19,27.29
2019-10-20,19.27
2019-10-21,30.81
2019-10-22,23.61
2019-10-23,21.06
2019-10-24,19.39
2019-10-25,34.61
2019-10-26,12.44
2019-10-27,19.03
2019-10-28,27.64
2019-10-29,22.86
2019-10-30,15.8
2019-10-31,19.73
2019-11-01,32.03
2019-11-02,48.23
2019-11-03,26.71
2019-11-04,45.71
2019-11-05,62.59
2019-11-06,56.54
2019-11-07,55.08
2019-11-08,44.27
2019-11-09,39.11
2019-11-10,25.42
2019-11-11,50.65
2019-11-12,61.45
2019-11-13,47.3
2019-11-14,49.36
2019-11-15,43.78
2019-11-16,42.54
2019-11-17,32.7
2019-11-18,32.17
2019-11-19,39.01
2019-11-20,55.44
2019-11-21,33.76
2019-11-22,60.26
2019-11-23,47.12
2019-11-24,47.48
2019-11-25,59.47
2019-11-26,56.18
2019-11-27,45.8
2019-11-28,56.98
2019-11-29,39.6
2019-11-30,28.98
2019-12-01,25.64
2019-12-02,25.53
2019-12-03,34.41
2019-12-04,57.77
2019-12-05,69.92
2019-12-06,73.83
2019-12-07,53.76
2019-12-08,26.88
2019-12-09,40.05
2019-12-10,55.88
2019-12-11,56.89
2019-12-12,46.35
2019-12-13,41.54
2019-12-14,26.0
2019-12-15,24.61
2019-12-16,44.79
2019-12-17,48.33
2019-12-18,64.85
2019-12-19,47.08
2019-12-20,57.42
2019-12-21,64.64
2019-12-22,49.33
2019-12-23,61.52
2019-12-24,51.92
2019-12-25,29.67
2019-12-26,55.01
2019-12-27,59.46
2019-12-28,37.2
2019-12-29,41.65
2019-12-30,59.72
2019-12-31,55.02
2020-01-01,43.42
2020-01-02,47.63
2020-01-03,43.01
2020-01-04,46.27
2020-01-05,42.38
2020-01-06,45.27
2020-01-07,38.02
2020-01-08,58.5
2020-01-09,57.87
2020-01-10,59.03
2020-01-11,48.06
2020-01-12,54.42
2020-01-13,62.29
2020-01-14,59.76
2020-01-15,47.38
2020-01-16,35.77
2020-01-17,36.05
2020-01-18,37.46
2020-01-19,24.0
2020-01-20,32.93
2020-01-21,44.99
2020-01-22,46.52
2020-01-23,50.62
2020-01-24,66.16
2020-01-25,48.92
2020-01-26,50.08
2020-01-27,60.39
2020-01-28,106.0
2020-01-29,59.48
2020-01-30,62.62
2020-01-31,56.9
2020-02-01,46.99
2020-02-02,38.77
2020-02-03,50.33
2020-02-04,50.48
2020-02-05,70.79
2020-02-06,56.3
2020-02-07,50.14
2020-02-08,45.7
2020-02-09,34.34
2020-02-10,45.45
2020-02-11,48.87
2020-02-12,50.0
2020-02-13,58.56
2020-02-14,58.1
2020-02-15,66.71
2020-02-16,50.0
2020-02-17,47.76
2020-02-18,53.49
2020-02-19,64.04
2020-02-20,54.3
2020-02-21,28.47
2020-02-22,41.24
2020-02-23,44.26
2020-02-24,63.92
2020-02-25,80.52
2020-02-26,57.11
2020-02-27,54.32
2020-02-28,50.0
2020-02-29,52.95
2020-03-01,43.1
2020-03-02,50.99
2020-03-03,56.23
2020-03-04,56.86
2020-03-05,56.92
2020-03-06,54.31
2020-03-07,55.96
2020-03-08,38.68
2020-03-09,47.87
2020-03-10,46.77
2020-03-11,61.23
2020-03-12,60.17
2020-03-13,61.08
2020-03-14,54.18
2020-03-15,52.08
2020-03-16,72.29
2020-03-17,46.25
2020-03-18,44.05
2020-03-19,49.77
2020-03-20,60.23
2020-03-21,44.99
2020-03-22,0.0
2020-03-23,1.96
2020-03-24,25.23
2020-03-25,28.11
2020-03-26,28.06
2020-03-27,25.62
2020-03-28,29.45
2020-03-29,28.82
2020-03-30,29.07
2020-03-31,27.51
2020-04-01,34.1
2020-04-02,35.29
2020-04-03,32.97
2020-04-04,25.39
2020-04-05,25.19
2020-04-06,24.17
2020-04-07,15.9
2020-04-08,23.03
2020-04-09,22.03
2020-04-10,13.34
2020-04-11,19.08
2020-04-12,91.09
2020-04-13,36.69
2020-04-14,33.95
2020-04-15,22.93
2020-04-16,26.13
2020-04-17,30.88
2020-04-18,28.72
2020-04-19,24.78
2020-04-20,20.53
2020-04-21,20.53
2020-04-22,25.42
2020-04-23,21.56
2020-04-24,27.94
2020-04-25,27.13
2020-04-26,30.31
2020-04-27,25.17
2020-04-28,0.0
2020-04-29,0.0
2020-04-30,21.26
2020-05-01,22.01
2020-05-02,28.63
2020-05-03,26.13
2020-05-04,32.01
2020-05-05,33.81
2020-05-06,26.28
2020-05-07,29.44
2020-05-08,30.39
2020-05-09,34.57
2020-05-10,28.45
2020-05-11,40.32
2020-05-12,0.0
2020-05-13,4.83
2020-05-14,24.7
2020-05-15,37.02
2020-05-16,24.5
2020-05-17,32.8
2020-05-18,19.83
2020-05-19,38.35
2020-05-20,36.65
2020-05-21,20.34
2020-05-22,10.44
2020-05-23,38.43
2020-05-24,31.96
2020-05-25,36.79
2020-05-26,40.22
2020-05-27,45.61
2020-05-28,39.89
2020-05-29,24.31
2020-05-30,28.02
2020-05-31,15.18
2020-06-01,18.11
2020-06-02,26.92
2020-06-03,23.79
2020-06-04,17.23
2020-06-05,16.63
2020-06-06,18.89
2020-06-07,15.4
2020-06-08,33.68
2020-06-09,27.24
2020-06-10,26.95
2020-06-11,26.23
2020-06-12,19.84
2020-06-13,22.23
2020-06-14,12.42
2020-06-15,22.91
2020-06-16,20.29
2020-06-17,20.43
2020-06-18,22.74
2020-06-19,22.44
2020-06-20,19.75
2020-06-21,13.04
2020-06-22,22.09
2020-06-23,22.5
2020-06-24,24.88
2020-06-25,25.34
2020-06-26,18.31
2020-06-27,15.08
2020-06-28,16.03
2020-06-29,20.81
2020-06-30,15.69
2020-07-01,0.0
2015-01-01,607.98
2015-01-02,269.55
2015-01-03,131.9
2015-01-04,241.84
2015-01-05,219.13
2015-01-06,252.1
2015-01-07,376.51
2015-01-08,360.95
2015-01-09,397.43
2015-01-10,361.74
2015-01-11,393.2
2015-01-12,345.63
2015-01-13,301.04
2015-01-14,227.38
2015-01-15,283.93
2015-01-16,309.99
2015-01-17,356.2
2015-01-18,359.75
2015-01-19,305.13
2015-01-20,257.04
2015-01-21,235.27
2015-01-22,183.89
2015-01-23,136.07
2015-01-24,200.02
2015-01-25,203.81
2015-01-26,137.86
2015-01-27,217.2
2015-01-28,156.9
2015-01-29,277.0
2015-01-30,272.61
2015-01-31,207.06
2015-02-01,371.05
2015-02-02,219.84
2015-02-03,194.09
2015-02-04,147.08
2015-02-05,127.42
2015-02-06,330.99
2015-02-07,210.52
2015-02-08,215.69
2015-02-09,109.86
2015-02-10,218.23
2015-02-11,316.14
2015-02-12,394.97
2015-02-13,328.43
2015-02-14,412.46
2015-02-15,497.37
2015-02-16,310.74
2015-02-17,195.78
2015-02-18,253.53
2015-02-19,193.78
2015-02-20,162.2
2015-02-21,191.03
2015-02-22,107.61
2015-02-23,157.01
2015-02-24,238.33
2015-02-25,169.57
2015-02-26,171.64
2015-02-27,163.67
2015-02-28,169.28
2015-03-01,98.89
2015-03-02,60.15
2015-03-03,112.1
2015-03-04,139.15
2015-03-05,196.19
2015-03-06,163.14
2015-03-07,90.54
2015-03-08,80.2
2015-03-09,117.38
2015-03-10,150.92
2015-03-11,176.2
2015-03-12,203.75
2015-03-13,173.89
2015-03-14,105.29
2015-03-15,46.68
2015-03-16,74.14
2015-03-17,104.33
2015-03-18,95.56
2015-03-19,136.67
2015-03-20,168.0
2015-03-21,172.91
2015-03-22,122.12
2015-03-23,131.42
2015-03-24,179.36
2015-03-25,201.08
2015-03-26,217.9
2015-03-27,117.81
2015-03-28,212.96
2015-03-29,202.01
2015-03-30,57.0
2015-03-31,78.64
2015-04-01,167.6
2015-04-02,112.78
2015-04-03,76.05
2015-04-04,86.11
2015-04-05,145.1
2015-04-06,195.47
2015-04-07,95.81
2015-04-08,120.2
2015-04-09,148.17
2015-04-10,203.67
2015-04-11,234.65
2015-04-12,91.73
2015-04-13,116.62
2015-04-14,132.68
2015-04-15,161.43
2015-04-16,164.56
2015-04-17,180.67
2015-04-18,268.65
2015-04-19,308.82
2015-04-20,336.63
2015-04-21,327.81
2015-04-22,279.41
2015-04-23,273.68
2015-04-24,313.53
2015-04-25,318.88
2015-04-26,160.3
2015-04-27,174.5
2015-04-28,141.25
2015-04-29,131.56
2015-04-30,171.42
2015-05-01,192.81
2015-05-02,206.1
2015-05-03,334.02
2015-05-04,326.71
2015-05-05,366.85
2015-05-06,346.98
2015-05-07,343.12
2015-05-08,305.38
2015-05-09,285.38
2015-05-10,283.47
2015-05-11,336.82
2015-05-12,293.26
2015-05-13,174.52
2015-05-14,196.08
2015-05-15,240.34
2015-05-16,186.28
2015-05-17,188.39
2015-05-18,172.35
2015-05-19,240.31
2015-05-20,176.25
2015-05-21,335.13
2015-05-22,235.99
2015-05-23,313.73
2015-05-24,251.52
2015-05-25,340.66
2015-05-26,311.08
2015-05-27,231.35
2015-05-28,436.17
2015-05-29,275.6
2015-05-30,239.12
2015-05-31,236.8
2015-06-01,175.39
2015-06-02,117.86
2015-06-03,137.7
2015-06-04,170.55
2015-06-05,241.67
2015-06-06,119.29
2015-06-07,186.2
2015-06-08,269.3
2015-06-09,393.7
2015-06-10,166.31
2015-06-11,259.73
2015-06-12,180.06
2015-06-13,158.24
2015-06-14,121.44
2015-06-15,206.42
2015-06-16,282.05
2015-06-17,271.79
2015-06-18,268.84
2015-06-19,216.46
2015-06-20,160.22
2015-06-21,82.7
2015-06-22,139.2
2015-06-23,152.18
2015-06-24,214.45
2015-06-25,62.38
2015-06-26,182.48
2015-06-27,195.2
2015-06-28,214.78
2015-06-29,96.78
2015-06-30,109.92
2015-07-01,135.43
2015-07-02,175.9
2015-07-03,219.31
2015-07-04,212.16
2015-07-05,435.2
2015-07-06,143.86
2015-07-07,78.64
2015-07-08,127.38
2015-07-09,128.93
2015-07-10,95.1
2015-07-11,41.31
2015-07-12,34.16
2015-07-13,54.36
2015-07-14,112.83
2015-07-15,243.97
2015-07-16,244.69
2015-07-17,148.95
2015-07-18,148.87
2015-07-19,144.11
2015-07-20,83.22
2015-07-21,78.76
2015-07-22,85.89
2015-07-23,81.25
2015-07-24,94.49
2015-07-25,97.0
2015-07-26,86.01
2015-07-27,53.28
2015-07-28,51.98
2015-07-29,56.7
2015-07-30,47.91
2015-07-31,122.18
2015-08-01,126.33
2015-08-02,123.24
2015-08-03,154.28
2015-08-04,136.88
2015-08-05,117.08
2015-08-06,126.56
2015-08-07,154.92
2015-08-08,149.92
2015-08-09,105.17
2015-08-10,140.54
2015-08-11,137.74
2015-08-12,87.66
2015-08-13,116.55
2015-08-14,159.75
2015-08-15,91.81
2015-08-16,93.33
2015-08-17,134.2
2015-08-18,126.2
2015-08-19,124.17
2015-08-20,210.86
2015-08-21,214.05
2015-08-22,149.06
2015-08-23,138.12
2015-08-24,108.4
2015-08-25,222.39
2015-08-26,236.94
2015-08-27,237.68
2015-08-28,206.22
2015-08-29,260.48
2015-08-30,230.76
2015-08-31,220.14
2015-09-01,230.34
2015-09-02,318.24
2015-09-03,278.36
2015-09-04,284.54
2015-09-05,201.89
2015-09-06,168.63
2015-09-07,179.42
2015-09-08,219.51
2015-09-09,195.05
2015-09-10,184.78
2015-09-11,181.99
2015-09-12,178.57
2015-09-13,171.76
2015-09-14,236.34
2015-09-15,217.16
2015-09-16,190.99
2015-09-17,250.21
2015-09-18,129.11
2015-09-19,125.24
2015-09-20,141.89
2015-09-21,109.7
2015-09-22,70.38
2015-09-23,101.42
2015-09-24,187.9
2015-09-25,222.71
2015-09-26,254.8
2015-09-27,252.06
2015-09-28,190.18
2015-09-29,172.35
2015-09-30,155.26
2015-10-01,205.18
2015-10-02,220.56
2015-10-03,293.23
2015-10-04,335.82
2015-10-05,347.95
2015-10-06,355.56
2015-10-07,305.35
2015-10-08,291.66
2015-10-09,284.27
2015-10-10,287.93
2015-10-11,246.3
2015-10-12,232.58
2015-10-13,189.31
2015-10-14,155.25
2015-10-15,199.77
2015-10-16,301.61
2015-10-17,137.89
2015-10-18,263.15
2015-10-19,312.88
2015-10-20,336.47
2015-10-21,265.39
2015-10-22,213.49
2015-10-23,289.01
2015-10-24,341.7
2015-10-25,281.8
2015-10-26,214.37
2015-10-27,260.46
2015-10-28,254.24
2015-10-29,183.08
2015-10-30,156.58
2015-10-31,274.06
2015-11-01,379.38
2015-11-02,361.0
2015-11-03,385.66
2015-11-04,401.49
2015-11-05,234.94
2015-11-06,260.04
2015-11-07,496.61
2015-11-08,356.92
2015-11-09,364.2
2015-11-10,452.96
2015-11-11,408.52
2015-11-12,398.16
2015-11-13,469.38
2015-11-14,377.4
2015-11-15,342.13
2015-11-16,323.56
2015-11-17,280.47
2015-11-18,367.46
2015-11-19,397.16
2015-11-20,470.08
2015-11-21,467.32
2015-11-22,450.96
2015-11-23,419.98
2015-11-24,424.09
2015-11-25,312.85
2015-11-26,317.46
2015-11-27,343.26
2015-11-28,294.29
2015-11-29,342.59
2015-11-30,419.33
2015-12-01,371.83
2015-12-02,399.64
2015-12-03,412.29
2015-12-04,352.14
2015-12-05,433.03
2015-12-06,439.01
2015-12-07,421.49
2015-12-08,478.19
2015-12-09,411.48
2015-12-10,386.66
2015-12-11,410.6
2015-12-12,385.05
2015-12-13,338.3
2015-12-14,380.24
2015-12-15,0.0
2015-12-16,0.0
2015-12-17,0.0
2015-12-18,0.0
2015-12-19,0.0
2015-12-20,0.0
2015-12-21,0.0
2015-12-22,391.9
2015-12-23,589.93
2015-12-24,486.66
2015-12-25,294.13
2015-12-26,331.93
2015-12-27,375.13
2015-12-28,332.68
2015-12-29,325.05
2015-12-30,391.19
2015-12-31,389.18
2016-01-01,476.09
2016-01-02,395.29
2016-01-03,484.82
2016-01-04,586.2
2016-01-05,535.3
2016-01-06,524.01
2016-01-07,587.23
2016-01-08,540.86
2016-01-09,324.64
2016-01-10,345.68
2016-01-11,411.6
2016-01-12,381.19
2016-01-13,399.59
2016-01-14,339.06
2016-01-15,259.53
2016-01-16,220.21
2016-01-17,268.5
2016-01-18,451.43
2016-01-19,430.74
2016-01-20,415.38
2016-01-21,318.08
2016-01-22,418.92
2016-01-23,480.0
2016-01-24,446.28
2016-01-25,362.08
2016-01-26,462.91
2016-01-27,424.11
2016-01-28,463.03
2016-01-29,498.38
2016-01-30,450.72
2016-01-31,291.16
2016-02-01,193.5
2016-02-02,242.87
2016-02-03,273.78
2016-02-04,269.21
2016-02-05,383.25
2016-02-06,348.14
2016-02-07,249.91
2016-02-08,186.86
2016-02-09,261.7
2016-02-10,341.38
2016-02-11,270.49
2016-02-12,296.27
2016-02-13,228.81
2016-02-14,177.49
2016-02-15,219.52
2016-02-16,216.09
2016-02-17,236.15
2016-02-18,217.16
2016-02-19,307.38
2016-02-20,225.66
2016-02-21,137.44
2016-02-22,137.44
2016-02-23,194.61
2016-02-24,309.47
2016-02-25,232.45
2016-02-26,236.27
2016-02-27,245.96
2016-02-28,263.73
2016-02-29,255.34
2016-03-01,299.88
2016-03-02,244.58
2016-03-03,264.31
2016-03-04,201.71
2016-03-05,129.37
2016-03-06,60.61
2016-03-07,167.78
2016-03-08,134.81
2016-03-09,164.84
2016-03-10,240.67
2016-03-11,204.96
2016-03-12,0.0
2016-03-13,0.0
2016-03-14,79.14
2016-03-15,162.38
2016-03-16,152.46
2016-03-17,137.98
2016-03-18,133.3
2016-03-19,194.95
2016-03-20,167.64
2016-03-21,129.21
2016-03-22,139.62
2016-03-23,148.1
2016-03-24,228.19
2016-03-25,217.03
2016-03-26,122.24
2016-03-27,54.0
2016-03-28,110.31
2016-03-29,156.89
2016-03-30,163.7
2016-03-31,218.3
2016-04-01,0.0
2016-04-02,0.0
2016-04-03,217.84
2016-04-04,377.61
2016-04-05,174.11
2016-04-06,202.91
2016-04-07,329.68
2016-04-08,193.14
2016-04-09,272.67
2016-04-10,154.18
2016-04-11,246.86
2016-04-12,201.81
2016-04-13,247.61
2016-04-14,220.48
2016-04-15,285.18
2016-04-16,0.0
2016-04-17,283.02
2016-04-18,219.17
2016-04-19,311.93
2016-04-20,283.05
2016-04-21,265.56
2016-04-22,208.42
2016-04-23,171.92
2016-04-24,219.3
2016-04-25,213.36
2016-04-26,306.08
2016-04-27,379.7
2016-04-28,354.17
2016-04-29,383.05
2016-04-30,0.0
2016-05-01,0.0
2016-05-02,0.0
2016-05-03,284.55
2016-05-04,297.94
2016-05-05,173.86
2016-05-06,136.92
2016-05-07,193.14
2016-05-08,208.75
2016-05-09,168.66
2016-05-10,174.94
2016-05-11,112.6
2016-05-12,207.98
2016-05-13,250.51
2016-05-14,292.64
2016-05-15,379.8
2016-05-16,247.95
2016-05-17,249.27
2016-05-18,266.72
2016-05-19,219.01
2016-05-20,186.97
2016-05-21,233.72
2016-05-22,149.31
2016-05-23,163.9
2016-05-24,103.26
2016-05-25,240.52
2016-05-26,293.73
2016-05-27,379.29
2016-05-28,314.0
2016-05-29,169.36
2016-05-30,101.24
2016-05-31,214.14
2016-06-01,251.87
2016-06-02,298.5
2016-06-03,296.64
2016-06-04,274.63
2016-06-05,166.28
2016-06-06,208.17
2016-06-07,152.18
2016-06-08,143.88
2016-06-09,187.69
2016-06-10,239.74
2016-06-11,225.52
2016-06-12,272.34
2016-06-13,332.91
2016-06-14,197.51
2016-06-15,330.36
2016-06-16,109.42
2016-06-17,120.06
2016-06-18,142.57
2016-06-19,101.54
2016-06-20,84.18
2016-06-21,54.85
2016-06-22,99.89
2016-06-23,98.88
2016-06-24,331.1
2016-06-25,175.26
2016-06-26,86.63
2016-06-27,112.46
2016-06-28,96.05
2016-06-29,68.43
2016-06-30,103.25
2016-07-01,113.1
2016-07-02,96.62
2016-07-03,95.26
2016-07-04,75.83
2016-07-05,162.2
2016-07-06,143.29
2016-07-07,80.82
2016-07-08,98.86
2016-07-09,87.81
2016-07-10,86.18
2016-07-11,74.51
2016-07-12,57.16
2016-07-13,79.1
2016-07-14,56.29
2016-07-15,88.23
2016-07-16,44.48
2016-07-17,38.59
2016-07-18,77.07
2016-07-19,166.27
2016-07-20,203.09
2016-07-21,240.86
2016-07-22,157.41
2016-07-23,80.14
2016-07-24,124.47
2016-07-25,163.57
2016-07-26,95.08
2016-07-27,58.09
2016-07-28,68.69
2016-07-29,76.89
2016-07-30,50.0
2016-07-31,70.62
2016-08-01,53.42
2016-08-02,55.33
2016-08-03,67.92
2016-08-04,87.48
2016-08-05,78.77
2016-08-06,76.69
2016-08-07,75.19
2016-08-08,82.26
2016-08-09,64.76
2016-08-10,54.92
2016-08-11,32.79
2016-08-12,84.46
2016-08-13,92.71
2016-08-14,80.14
2016-08-15,185.99
2016-08-16,245.72
2016-08-17,247.59
2016-08-18,132.65
2016-08-19,153.16
2016-08-20,90.68
2016-08-21,65.58
2016-08-22,78.83
2016-08-23,85.48
2016-08-24,73.22
2016-08-25,118.92
2016-08-26,125.44
2016-08-27,0.0
2016-08-28,170.2
2016-08-29,189.12
2016-08-30,89.57
2016-08-31,60.16
2016-09-01,47.47
2016-09-02,111.18
2016-09-03,208.01
2016-09-04,269.42
2016-09-05,246.81
2016-09-06,282.23
2016-09-07,233.83
2016-09-08,260.6
2016-09-09,277.61
2016-09-10,190.45
2016-09-11,164.1
2016-09-12,178.47
2016-09-13,184.5
2016-09-14,109.64
2016-09-15,198.81
2016-09-16,185.86
2016-09-17,207.91
2016-09-18,185.57
2016-09-19,143.48
2016-09-20,141.3
2016-09-21,131.06
2016-09-22,67.29
2016-09-23,125.31
2016-09-24,112.36
2016-09-25,137.48
2016-09-26,194.71
2016-09-27,109.5
2016-09-28,260.01
2016-09-29,189.62
2016-09-30,179.81
2016-10-01,232.03
2016-10-02,199.61
2016-10-03,210.04
2016-10-04,272.34
2016-10-05,150.37
2016-10-06,229.25
2016-10-07,274.97
2016-10-08,317.62
2016-10-09,317.13
2016-10-10,290.85
2016-10-11,327.75
2016-10-12,309.88
2016-10-13,295.1
2016-10-14,303.27
2016-10-15,368.81
2016-10-16,316.53
2016-10-17,346.31
2016-10-18,352.64
2016-10-19,339.79
2016-10-20,361.08
2016-10-21,477.65
2016-10-22,442.68
2016-10-23,372.09
2016-10-24,367.17
2016-10-25,290.42
2016-10-26,413.49
2016-10-27,535.53
2016-10-28,503.0
2016-10-29,516.59
2016-10-30,528.41
2016-10-31,521.21
2016-11-01,537.51
2016-11-02,693.21
2016-11-03,483.99
2016-11-04,475.1
2016-11-05,763.58
2016-11-06,708.8
2016-11-07,527.64
2016-11-08,471.47
2016-11-09,415.79
2016-11-10,464.27
2016-11-11,491.38
2016-11-12,437.21
2016-11-13,388.97
2016-11-14,266.97
2016-11-15,399.5
2016-11-16,391.88
2016-11-17,412.95
2016-11-18,409.98
2016-11-19,412.35
2016-11-20,350.18
2016-11-21,439.26
2016-11-22,399.82
2016-11-23,443.12
2016-11-24,478.72
2016-11-25,399.13
2016-11-26,325.47
2016-11-27,336.16
2016-11-28,312.58
2016-11-29,489.62
2016-11-30,437.91
2016-12-01,473.72
2016-12-02,422.11
2016-12-03,432.38
2016-12-04,426.63
2016-12-05,417.29
2016-12-06,497.31
2016-12-07,414.27
2016-12-08,374.88
2016-12-09,502.98
2016-12-10,249.35
2016-12-11,294.81
2016-12-12,365.65
2016-12-13,438.88
2016-12-14,336.29
2016-12-15,345.07
2016-12-16,443.63
2016-12-17,450.31
2016-12-18,433.94
2016-12-19,445.54
2016-12-20,324.2
2016-12-21,291.75
2016-12-22,399.43
2016-12-23,616.99
2016-12-24,605.65
2016-12-25,346.57
2016-12-26,307.64
2016-12-27,395.37
2016-12-28,515.41
2016-12-29,535.68
2016-12-30,368.9
2016-12-31,353.61
2017-01-01,402.31
2017-01-02,440.18
2017-01-03,390.67
2017-01-04,341.15
2017-01-05,352.83
2017-01-06,278.62
2017-01-07,170.19
2017-01-08,218.67
2017-01-09,266.86
2017-01-10,239.51
2017-01-11,314.69
2017-01-12,423.24
2017-01-13,426.02
2017-01-14,318.52
2017-01-15,281.83
2017-01-16,284.88
2017-01-17,206.63
2017-01-18,268.67
2017-01-19,225.03
2017-01-20,207.03
2017-01-21,226.74
2017-01-22,360.04
2017-01-23,277.25
2017-01-24,386.49
2017-01-25,370.37
2017-01-26,166.57
2017-01-27,80.21
2017-01-28,144.49
2017-01-29,171.91
2017-01-30,276.2
2017-01-31,316.16
2017-02-01,251.31
2017-02-02,410.79
2017-02-03,427.02
2017-02-04,324.14
2017-02-05,286.46
2017-02-06,414.89
2017-02-07,218.27
2017-02-08,325.78
2017-02-09,303.04
2017-02-10,272.12
2017-02-11,275.18
2017-02-12,250.37
2017-02-13,268.92
2017-02-14,358.24
2017-02-15,386.01
2017-02-16,335.5
2017-02-17,330.9
2017-02-18,352.54
2017-02-19,364.83
2017-02-20,406.49
2017-02-21,303.47
2017-02-22,270.3
2017-02-23,158.96
2017-02-24,104.82
2017-02-25,103.74
2017-02-26,198.09
2017-02-27,255.65
2017-02-28,382.34
2017-03-01,359.47
2017-03-02,300.55
2017-03-03,181.19
2017-03-04,196.84
2017-03-05,229.62
2017-03-06,242.14
2017-03-07,307.78
2017-03-08,224.36
2017-03-09,142.78
2017-03-10,106.39
2017-03-11,110.65
2017-03-12,169.87
2017-03-13,182.79
2017-03-14,284.27
2017-03-15,319.97
2017-03-16,348.95
2017-03-17,288.64
2017-03-18,267.96
2017-03-19,350.42
2017-03-20,332.73
2017-03-21,365.67
2017-03-22,405.64
2017-03-23,342.53
2017-03-24,282.88
2017-03-25,254.71
2017-03-26,247.77
2017-03-27,218.98
2017-03-28,289.95
2017-03-29,311.56
2017-03-30,204.22
2017-03-31,285.69
2017-04-01,291.02
2017-04-02,210.86
2017-04-03,192.27
2017-04-04,234.82
2017-04-05,207.72
2017-04-06,252.48
2017-04-07,543.0
2017-04-08,410.15
2017-04-09,190.42
2017-04-10,237.88
2017-04-11,253.07
2017-04-12,309.37
2017-04-13,375.82
2017-04-14,371.87
2017-04-15,343.62
2017-04-16,409.95
2017-04-17,389.03
2017-04-18,400.78
2017-04-19,356.47
2017-04-20,324.19
2017-04-21,409.7
2017-04-22,263.66
2017-04-23,260.82
2017-04-24,266.24
2017-04-25,287.92
2017-04-26,189.5
2017-04-27,271.06
2017-04-28,271.94
2017-04-29,303.75
2017-04-30,234.05
2017-05-01,211.83
2017-05-02,313.23
2017-05-03,367.73
2017-05-04,302.02
2017-05-05,429.32
2017-05-06,363.53
2017-05-07,376.33
2017-05-08,392.34
2017-05-09,334.65
2017-05-10,242.54
2017-05-11,263.87
2017-05-12,500.59
2017-05-13,356.85
2017-05-14,334.51
2017-05-15,381.35
2017-05-16,375.15
2017-05-17,287.99
2017-05-18,279.92
2017-05-19,329.12
2017-05-20,352.76
2017-05-21,505.07
2017-05-22,386.67
2017-05-23,326.02
2017-05-24,252.35
2017-05-25,222.88
2017-05-26,301.57
2017-05-27,317.07
2017-05-28,150.34
2017-05-29,150.23
2017-05-30,174.62
2017-05-31,137.62
2017-06-01,257.16
2017-06-02,354.35
2017-06-03,362.94
2017-06-04,436.35
2017-06-05,320.91
2017-06-06,348.79
2017-06-07,233.62
2017-06-08,0.0
2017-06-09,295.56
2017-06-10,0.0
2017-06-11,0.0
2017-06-12,166.25
2017-06-13,244.14
2017-06-14,310.73
2017-06-15,205.5
2017-06-16,124.35
2017-06-17,87.16
2017-06-18,218.93
2017-06-19,228.2
2017-06-20,88.82
2017-06-21,87.74
2017-06-22,124.6
2017-06-23,160.22
2017-06-24,245.23
2017-06-25,325.29
2017-06-26,359.19
2017-06-27,286.38
2017-06-28,128.18
2017-06-29,103.8
2017-06-30,90.41
2017-07-01,224.62
2017-07-02,223.56
2017-07-03,246.98
2017-07-04,0.0
2017-07-05,0.0
2017-07-06,0.0
2017-07-07,0.0
2017-07-08,0.0
2017-07-09,0.0
2017-07-10,0.0
2017-07-11,0.0
2017-07-12,0.0
2017-07-13,0.0
2017-07-14,0.0
2017-07-15,0.0
2017-07-16,0.0
2017-07-17,0.0
2017-07-18,0.0
2017-07-19,0.0
2017-07-20,0.0
2017-07-21,0.0
2017-07-22,0.0
2017-07-23,0.0
2017-07-24,0.0
2017-07-25,0.0
2017-07-26,0.0
2017-07-27,0.0
2017-07-28,0.0
2017-07-29,0.0
2017-07-30,0.0
2017-07-31,0.0
2017-08-01,0.0
2017-08-02,0.0
2017-08-03,0.0
2017-08-04,0.0
2017-08-05,0.0
2017-08-06,0.0
2017-08-07,0.0
2017-08-08,0.0
2017-08-09,0.0
2017-08-10,0.0
2017-08-11,0.0
2017-08-12,0.0
2017-08-13,0.0
2017-08-14,0.0
2017-08-15,0.0
2017-08-16,0.0
2017-08-17,0.0
2017-08-18,0.0
2017-08-19,0.0
2017-08-20,0.0
2017-08-21,0.0
2017-08-22,0.0
2017-08-23,0.0
2017-08-24,0.0
2017-08-25,0.0
2017-08-26,0.0
2017-08-27,0.0
2017-08-28,0.0
2017-08-29,0.0
2017-08-30,0.0
2017-08-31,60.15
2017-09-01,41.64
2017-09-02,45.86
2017-09-03,79.78
2017-09-04,84.29
2017-09-05,75.82
2017-09-06,85.23
2017-09-07,67.06
2017-09-08,101.89
2017-09-09,111.65
2017-09-10,119.5
2017-09-11,120.06
2017-09-12,103.84
2017-09-13,143.16
2017-09-14,186.11
2017-09-15,127.68
2017-09-16,82.26
2017-09-17,85.65
2017-09-18,102.29
2017-09-19,112.21
2017-09-20,111.9
2017-09-21,76.81
2017-09-22,18.59
2017-09-23,43.57
2017-09-24,81.42
2017-09-25,100.02
2017-09-26,114.15
2017-09-27,125.39
2017-09-28,102.91
2017-09-29,140.94
2017-09-30,125.73
2017-10-01,120.56
2017-10-02,128.15
2017-10-03,127.48
2017-10-04,138.81
2017-10-05,125.31
2017-10-06,111.43
2017-10-07,151.15
2017-10-08,155.03
2017-10-09,173.87
2017-10-10,158.68
2017-10-11,122.3
2017-10-12,186.91
2017-10-13,207.87
2017-10-14,208.87
2017-10-15,195.47
2017-10-16,213.98
2017-10-17,212.35
2017-10-18,204.03
2017-10-19,259.0
2017-10-20,387.13
2017-10-21,317.52
2017-10-22,201.91
2017-10-23,242.73
2017-10-24,331.64
2017-10-25,326.46
2017-10-26,290.41
2017-10-27,293.68
2017-10-28,329.05
2017-10-29,300.92
2017-10-30,308.22
2017-10-31,323.45
2017-11-01,265.9
2017-11-02,227.41
2017-11-03,239.73
2017-11-04,292.7
2017-11-05,334.64
2017-11-06,330.27
2017-11-07,654.68
2017-11-08,796.88
2017-11-09,652.21
2017-11-10,496.48
2017-11-11,511.44
2017-11-12,622.4
2017-11-13,498.63
2017-11-14,365.91
2017-11-15,279.26
2017-11-16,278.95
2017-11-17,220.08
2017-11-18,202.59
2017-11-19,190.51
2017-11-20,249.28
2017-11-21,253.38
2017-11-22,258.11
2017-11-23,251.23
2017-11-24,256.92
2017-11-25,268.09
2017-11-26,338.82
2017-11-27,328.09
2017-11-28,290.47
2017-11-29,327.64
2017-11-30,344.17
2017-12-01,309.07
2017-12-02,324.46
2017-12-03,359.22
2017-12-04,390.1
2017-12-05,358.86
2017-12-06,210.21
2017-12-07,170.12
2017-12-08,204.38
2017-12-09,268.35
2017-12-10,341.87
2017-12-11,338.45
2017-12-12,152.76
2017-12-13,203.48
2017-12-14,189.9
2017-12-15,194.15
2017-12-16,152.72
2017-12-17,163.65
2017-12-18,189.64
2017-12-19,257.19
2017-12-20,410.74
2017-12-21,435.23
2017-12-22,241.38
2017-12-23,181.59
2017-12-24,301.71
2017-12-25,368.35
2017-12-26,326.11
2017-12-27,317.87
2017-12-28,362.39
2017-12-29,347.63
2017-12-30,401.15
2017-12-31,445.58
2018-01-01,415.09
2018-01-02,422.59
2018-01-03,336.87
2018-01-04,377.61
2018-01-05,360.99
2018-01-06,378.9
2018-01-07,292.74
2018-01-08,259.13
2018-01-09,355.21
2018-01-10,294.24
2018-01-11,243.95
2018-01-12,281.06
2018-01-13,355.43
2018-01-14,308.74
2018-01-15,309.85
2018-01-16,231.04
2018-01-17,353.55
2018-01-18,428.08
2018-01-19,398.16
2018-01-20,252.92
2018-01-21,274.5
2018-01-22,352.68
2018-01-23,248.48
2018-01-24,192.19
2018-01-25,167.31
2018-01-26,207.66
2018-01-27,271.1
2018-01-28,248.26
2018-01-29,272.45
2018-01-30,212.59
2018-01-31,205.56
2018-02-01,298.58
2018-02-02,282.16
2018-02-03,239.61
2018-02-04,252.13
2018-02-05,308.37
2018-02-06,274.72
2018-02-07,246.92
2018-02-08,338.61
2018-02-09,348.94
2018-02-10,373.06
2018-02-11,300.96
2018-02-12,153.11
2018-02-13,170.12
2018-02-14,149.43
2018-02-15,173.59
2018-02-16,219.11
2018-02-17,244.27
2018-02-18,234.67
2018-02-19,315.75
2018-02-20,317.53
2018-02-21,346.46
2018-02-22,313.47
2018-02-23,333.99
2018-02-24,349.29
2018-02-25,222.46
2018-02-26,156.72
2018-02-27,178.51
2018-02-28,279.26
2018-03-01,256.86
2018-03-02,253.32
2018-03-03,205.92
2018-03-04,182.26
2018-03-05,164.74
2018-03-06,163.52
2018-03-07,178.53
2018-03-08,283.57
2018-03-09,274.89
2018-03-10,171.69
2018-03-11,183.74
2018-03-12,223.67
2018-03-13,245.66
2018-03-14,328.98
2018-03-15,314.72
2018-03-16,256.67
2018-03-17,170.16
2018-03-18,173.07
2018-03-19,197.13
2018-03-20,249.2
2018-03-21,280.94
2018-03-22,176.02
2018-03-23,151.45
2018-03-24,186.62
2018-03-25,190.95
2018-03-26,198.67
2018-03-27,256.4
2018-03-28,280.25
2018-03-29,217.49
2018-03-30,241.13
2018-03-31,292.49
2018-04-01,199.8
2018-04-02,241.96
2018-04-03,252.21
2018-04-04,262.69
2018-04-05,337.64
2018-04-06,231.2
2018-04-07,132.97
2018-04-08,137.52
2018-04-09,123.41
2018-04-10,251.98
2018-04-11,125.53
2018-04-12,109.03
2018-04-13,196.02
2018-04-14,235.01
2018-04-15,258.52
2018-04-16,334.05
2018-04-17,260.67
2018-04-18,256.18
2018-04-19,282.24
2018-04-20,385.04
2018-04-21,480.07
2018-04-22,208.53
2018-04-23,219.94
2018-04-24,274.05
2018-04-25,313.41
2018-04-26,397.1
2018-04-27,336.49
2018-04-28,316.52
2018-04-29,259.12
2018-04-30,214.51
2018-05-01,165.91
2018-05-02,189.28
2018-05-03,153.75
2018-05-04,123.82
2018-05-05,196.76
2018-05-06,290.63
2018-05-07,302.1
2018-05-08,177.71
2018-05-09,177.76
2018-05-10,215.34
2018-05-11,315.8
2018-05-12,353.5
2018-05-13,236.35
2018-05-14,137.39
2018-05-15,177.03
2018-05-16,221.21
2018-05-17,288.92
2018-05-18,241.99
2018-05-19,284.44
2018-05-20,228.61
2018-05-21,209.67
2018-05-22,243.14
2018-05-23,324.0
2018-05-24,298.07
2018-05-25,249.82
2018-05-26,263.49
2018-05-27,314.96
2018-05-28,290.96
2018-05-29,312.18
2018-05-30,295.94
2018-05-31,235.22
2018-06-01,233.97
2018-06-02,154.66
2018-06-03,140.21
2018-06-04,179.31
2018-06-05,152.57
2018-06-06,159.45
2018-06-07,165.33
2018-06-08,196.34
2018-06-09,136.75
2018-06-10,141.09
2018-06-11,218.14
2018-06-12,497.9
2018-06-13,743.98
2018-06-14,761.91
2018-06-15,613.34
2018-06-16,516.85
2018-06-17,289.18
2018-06-18,166.71
2018-06-19,152.06
2018-06-20,201.22
2018-06-21,273.16
2018-06-22,247.55
2018-06-23,242.29
2018-06-24,163.89
2018-06-25,155.61
2018-06-26,92.12
2018-06-27,111.4
2018-06-28,71.42
2018-06-29,84.12
2018-06-30,103.75
2018-07-01,97.81
2018-07-02,122.23
2018-07-03,109.65
2018-07-04,113.75
2018-07-05,133.6
2018-07-06,163.19
2018-07-07,158.13
2018-07-08,179.05
2018-07-09,169.96
2018-07-10,112.45
2018-07-11,102.39
2018-07-12,127.08
2018-07-13,61.6
2018-07-14,70.35
2018-07-15,78.42
2018-07-16,83.03
2018-07-17,84.78
2018-07-18,97.11
2018-07-19,83.54
2018-07-20,80.33
2018-07-21,95.93
2018-07-22,47.63
2018-07-23,69.73
2018-07-24,94.8
2018-07-25,80.13
2018-07-26,57.98
2018-07-27,35.79
2018-07-28,67.2
2018-07-29,116.89
2018-07-30,122.86
2018-07-31,165.4
2018-08-01,195.09
2018-08-02,268.29
2018-08-03,248.8
2018-08-04,264.97
2018-08-05,246.89
2018-08-06,131.76
2018-08-07,110.19
2018-08-08,76.04
2018-08-09,91.15
2018-08-10,115.63
2018-08-11,98.26
2018-08-12,83.58
2018-08-13,106.03
2018-08-14,126.7
2018-08-15,117.21
2018-08-16,88.06
2018-08-17,80.82
2018-08-18,77.4
2018-08-19,96.0
2018-08-20,125.39
2018-08-21,77.56
2018-08-22,74.91
2018-08-23,73.3
2018-08-24,88.0
2018-08-25,82.69
2018-08-26,77.21
2018-08-27,56.62
2018-08-28,58.76
2018-08-29,65.58
2018-08-30,95.47
2018-08-31,152.29
2018-09-01,110.35
2018-09-02,80.4
2018-09-03,72.38
2018-09-04,105.56
2018-09-05,101.8
2018-09-06,138.52
2018-09-07,87.03
2018-09-08,72.63
2018-09-09,56.92
2018-09-10,83.98
2018-09-11,78.11
2018-09-12,103.27
2018-09-13,115.88
2018-09-14,113.92
2018-09-15,125.81
2018-09-16,131.43
2018-09-17,157.59
2018-09-18,165.11
2018-09-19,175.12
2018-09-20,185.23
2018-09-21,112.51
2018-09-22,46.36
2018-09-23,54.77
2018-09-24,35.84
2018-09-25,49.41
2018-09-26,108.67
2018-09-27,171.42
2018-09-28,214.66
2018-09-29,230.62
2018-09-30,155.26
2018-10-01,177.08
2018-10-02,185.21
2018-10-03,177.17
2018-10-04,235.14
2018-10-05,270.61
2018-10-06,199.37
2018-10-07,221.03
2018-10-08,279.23
2018-10-09,263.89
2018-10-10,256.14
2018-10-11,208.39
2018-10-12,172.04
2018-10-13,264.13
2018-10-14,217.12
2018-10-15,280.24
2018-10-16,342.5
2018-10-17,323.31
2018-10-18,337.98
2018-10-19,313.84
2018-10-20,328.13
2018-10-21,294.36
2018-10-22,274.68
2018-10-23,302.16
2018-10-24,384.46
2018-10-25,368.33
2018-10-26,396.01
2018-10-27,408.94
2018-10-28,375.23
2018-10-29,427.06
2018-10-30,459.45
2018-10-31,405.94
2018-11-01,416.97
2018-11-02,373.61
2018-11-03,298.85
2018-11-04,179.85
2018-11-05,500.01
2018-11-06,312.87
2018-11-07,300.54
2018-11-08,509.73
2018-11-09,440.76
2018-11-10,447.4
2018-11-11,425.12
2018-11-12,464.28
2018-11-13,441.43
2018-11-14,225.77
2018-11-15,175.95
2018-11-16,230.56
2018-11-17,255.42
2018-11-18,313.67
2018-11-19,319.12
2018-11-20,374.77
2018-11-21,349.54
2018-11-22,292.92
2018-11-23,331.22
2018-11-24,223.33
2018-11-25,268.83
2018-11-26,362.41
2018-11-27,378.23
2018-11-28,356.12
2018-11-29,363.12
2018-11-30,340.56
2018-12-01,297.66
2018-12-02,331.5
2018-12-03,356.2
2018-12-04,393.74
2018-12-05,345.32
2018-12-06,395.33
2018-12-07,353.86
2018-12-08,358.72
2018-12-09,388.23
2018-12-10,453.77
2018-12-11,461.98
2018-12-12,327.23
2018-12-13,162.44
2018-12-14,196.85
2018-12-15,211.8
2018-12-16,252.01
2018-12-17,322.5
2018-12-18,339.38
2018-12-19,351.7
2018-12-20,429.33
2018-12-21,403.18
2018-12-22,502.83
2018-12-23,560.68
2018-12-24,546.59
2018-12-25,399.37
2018-12-26,366.1
2018-12-27,453.45
2018-12-28,387.84
2018-12-29,399.14
2018-12-30,503.99
2018-12-31,494.51
2019-01-01,461.02
2019-01-02,515.72
2019-01-03,519.34
2019-01-04,388.79
2019-01-05,411.49
2019-01-06,254.66
2019-01-07,283.88
2019-01-08,242.02
2019-01-09,238.94
2019-01-10,278.87
2019-01-11,432.2
2019-01-12,465.89
2019-01-13,403.32
2019-01-14,173.94
2019-01-15,229.1
2019-01-16,424.07
2019-01-17,519.49
2019-01-18,364.61
2019-01-19,402.21
2019-01-20,478.43
2019-01-21,289.4
2019-01-22,72.61
2019-01-23,211.71
2019-01-24,218.93
2019-01-25,136.43
2019-01-26,169.32
2019-01-27,217.45
2019-01-28,212.42
2019-01-29,235.85
2019-01-30,334.21
2019-01-31,335.07
2019-02-01,265.65
2019-02-02,266.3
2019-02-03,209.41
2019-02-04,248.49
2019-02-05,408.32
2019-02-06,270.92
2019-02-07,107.83
2019-02-08,156.6
2019-02-09,165.94
2019-02-10,255.47
2019-02-11,304.98
2019-02-12,357.36
2019-02-13,336.99
2019-02-14,237.08
2019-02-15,194.76
2019-02-16,181.64
2019-02-17,180.93
2019-02-18,215.05
2019-02-19,229.75
2019-02-20,185.4
2019-02-21,178.07
2019-02-22,147.86
2019-02-23,115.07
2019-02-24,161.89
2019-02-25,172.59
2019-02-26,120.3
2019-02-27,91.52
2019-02-28,180.46
2019-03-01,181.26
2019-03-02,182.54
2019-03-03,105.16
2019-03-04,180.84
2019-03-05,135.4
2019-03-06,168.32
2019-03-07,212.7
2019-03-08,199.28
2019-03-09,162.18
2019-03-10,163.8
2019-03-11,205.43
2019-03-12,129.4
2019-03-13,231.19
2019-03-14,217.74
2019-03-15,144.35
2019-03-16,140.6
2019-03-17,184.01
2019-03-18,202.01
2019-03-19,227.07
2019-03-20,237.61
2019-03-21,197.17
2019-03-22,119.87
2019-03-23,138.56
2019-03-24,133.47
2019-03-25,150.34
2019-03-26,169.16
2019-03-27,186.49
2019-03-28,260.26
2019-03-29,257.27
2019-03-30,238.99
2019-03-31,177.53
2019-04-01,170.14
2019-04-02,211.47
2019-04-03,206.04
2019-04-04,270.77
2019-04-05,281.53
2019-04-06,303.71
2019-04-07,355.22
2019-04-08,280.23
2019-04-09,225.5
2019-04-10,247.53
2019-04-11,204.19
2019-04-12,217.0
2019-04-13,175.93
2019-04-14,168.11
2019-04-15,187.59
2019-04-16,186.75
2019-04-17,62.49
2019-04-18,91.55
2019-04-19,155.39
2019-04-20,193.76
2019-04-21,219.06
2019-04-22,255.31
2019-04-23,277.28
2019-04-24,262.58
2019-04-25,274.39
2019-04-26,244.21
2019-04-27,301.82
2019-04-28,285.73
2019-04-29,274.83
2019-04-30,284.13
2019-05-01,323.97
2019-05-02,282.83
2019-05-03,149.1
2019-05-04,196.87
2019-05-05,249.97
2019-05-06,295.84
2019-05-07,378.89
2019-05-08,415.23
2019-05-09,414.7
2019-05-10,320.44
2019-05-11,289.05
2019-05-12,503.28
2019-05-13,351.28
2019-05-14,124.28
2019-05-15,191.04
2019-05-16,218.38
2019-05-17,316.4
2019-05-18,106.51
2019-05-19,162.83
2019-05-20,218.72
2019-05-21,194.58
2019-05-22,201.27
2019-05-23,230.0
2019-05-24,117.66
2019-05-25,118.65
2019-05-26,136.58
2019-05-27,172.68
2019-05-28,183.77
2019-05-29,202.75
2019-05-30,246.05
2019-05-31,337.77
2019-06-01,298.35
2019-06-02,219.79
2019-06-03,300.7
2019-06-04,171.58
2019-06-05,208.72
2019-06-06,236.45
2019-06-07,152.39
2019-06-08,187.62
2019-06-09,265.12
2019-06-10,233.49
2019-06-11,487.77
2019-06-12,240.88
2019-06-13,189.69
2019-06-14,188.21
2019-06-15,274.68
2019-06-16,160.96
2019-06-17,137.08
2019-06-18,84.53
2019-06-19,223.08
2019-06-20,130.88
2019-06-21,188.16
2019-06-22,177.16
2019-06-23,126.12
2019-06-24,85.68
2019-06-25,119.98
2019-06-26,155.9
2019-06-27,230.98
2019-06-28,239.15
2019-06-29,271.27
2019-06-30,270.03
2019-07-01,189.32
2019-07-02,233.25
2019-07-03,113.92
2019-07-04,87.8
2019-07-05,99.98
2019-07-06,87.5
2019-07-07,91.79
2019-07-08,148.79
2019-07-09,128.6
2019-07-10,278.71
2019-07-11,352.26
2019-07-12,363.7
2019-07-13,294.27
2019-07-14,280.99
2019-07-15,137.67
2019-07-16,79.22
2019-07-17,67.73
2019-07-18,78.08
2019-07-19,158.3
2019-07-20,117.84
2019-07-21,105.55
2019-07-22,119.66
2019-07-23,153.96
2019-07-24,156.93
2019-07-25,63.51
2019-07-26,61.26
2019-07-27,45.04
2019-07-28,46.35
2019-07-29,64.17
2019-07-30,82.81
2019-07-31,76.67
2019-08-01,85.89
2019-08-02,83.66
2019-08-03,80.35
2019-08-04,88.15
2019-08-05,104.96
2019-08-06,57.31
2019-08-07,72.98
2019-08-08,80.22
2019-08-09,61.47
2019-08-10,47.75
2019-08-11,67.15
2019-08-12,51.91
2019-08-13,56.18
2019-08-14,58.36
2019-08-15,56.28
2019-08-16,37.1
2019-08-17,19.51
2019-08-18,30.45
2019-08-19,86.13
2019-08-20,95.71
2019-08-21,129.46
2019-08-22,130.49
2019-08-23,142.76
2019-08-24,149.82
2019-08-25,67.82
2019-08-26,68.59
2019-08-27,107.99
2019-08-28,103.01
2019-08-29,90.29
2019-08-30,105.68
2019-08-31,123.23
2019-09-01,81.44
2019-09-02,101.79
2019-09-03,143.56
2019-09-04,150.39
2019-09-05,90.44
2019-09-06,89.47
2019-09-07,83.26
2019-09-08,77.01
2019-09-09,126.43
2019-09-10,144.47
2019-09-11,174.33
2019-09-12,132.61
2019-09-13,83.22
2019-09-14,69.36
2019-09-15,72.61
2019-09-16,129.47
2019-09-17,135.84
2019-09-18,97.32
2019-09-19,62.19
2019-09-20,106.47
2019-09-21,96.29
2019-09-22,65.65
2019-09-23,83.33
2019-09-24,96.22
2019-09-25,86.31
2019-09-26,69.49
2019-09-27,56.71
2019-09-28,66.98
2019-09-29,51.03
2019-09-30,81.97
2019-10-01,92.41
2019-10-02,96.13
2019-10-03,143.97
2019-10-04,94.9
2019-10-05,108.22
2019-10-06,140.15
2019-10-07,137.81
2019-10-08,116.56
2019-10-09,182.89
2019-10-10,215.18
2019-10-11,203.36
2019-10-12,209.42
2019-10-13,255.42
2019-10-14,239.47
2019-10-15,285.26
2019-10-16,279.78
2019-10-17,245.2
2019-10-18,203.39
2019-10-19,174.84
2019-10-20,203.14
2019-10-21,235.0
2019-10-22,213.26
2019-10-23,268.58
2019-10-24,346.51
2019-10-25,270.87
2019-10-26,290.6
2019-10-27,321.68
2019-10-28,420.35
2019-10-29,440.77
2019-10-30,454.35
2019-10-31,500.04
2019-11-01,584.15
2019-11-02,467.74
2019-11-03,706.58
2019-11-04,386.16
2019-11-05,296.98
2019-11-06,207.19
2019-11-07,292.56
2019-11-08,253.44
2019-11-09,230.5
2019-11-10,296.44
2019-11-11,380.54
2019-11-12,529.59
2019-11-13,541.19
2019-11-14,545.66
2019-11-15,576.12
2019-11-16,293.0
2019-11-17,165.5
2019-11-18,181.67
2019-11-19,218.13
2019-11-20,295.47
2019-11-21,363.77
2019-11-22,332.6
2019-11-23,224.14
2019-11-24,178.21
2019-11-25,213.67
2019-11-26,225.78
2019-11-27,128.1
2019-11-28,58.6
2019-11-29,100.29
2019-11-30,159.36
2019-12-01,192.47
2019-12-02,229.08
2019-12-03,241.56
2019-12-04,277.92
2019-12-05,416.79
2019-12-06,362.1
2019-12-07,348.44
2019-12-08,355.16
2019-12-09,311.58
2019-12-10,363.3
2019-12-11,452.65
2019-12-12,412.59
2019-12-13,124.26
2019-12-14,128.36
2019-12-15,151.57
2019-12-16,133.11
2019-12-17,140.23
2019-12-18,214.88
2019-12-19,385.13
2019-12-20,449.06
2019-12-21,353.94
2019-12-22,202.05
2019-12-23,240.19
2019-12-24,401.03
2019-12-25,258.28
2019-12-26,299.85
2019-12-27,371.45
2019-12-28,426.12
2019-12-29,500.15
2019-12-30,486.35
2019-12-31,338.18
2020-01-01,483.87
2020-01-02,439.31
2020-01-03,337.04
2020-01-04,327.22
2020-01-05,257.94
2020-01-06,247.47
2020-01-07,176.22
2020-01-08,145.85
2020-01-09,132.06
2020-01-10,203.54
2020-01-11,245.62
2020-01-12,325.36
2020-01-13,329.77
2020-01-14,163.67
2020-01-15,179.08
2020-01-16,197.9
2020-01-17,152.98
2020-01-18,198.24
2020-01-19,187.93
2020-01-20,225.67
2020-01-21,348.45
2020-01-22,296.98
2020-01-23,137.61
2020-01-24,151.81
2020-01-25,240.57
2020-01-26,309.09
2020-01-27,330.91
2020-01-28,149.12
2020-01-29,134.17
2020-01-30,168.43
2020-01-31,170.33
2020-02-01,201.19
2020-02-02,200.9
2020-02-03,243.43
2020-02-04,340.56
2020-02-05,255.41
2020-02-06,205.43
2020-02-07,253.82
2020-02-08,238.17
2020-02-09,247.62
2020-02-10,292.44
2020-02-11,306.12
2020-02-12,295.05
2020-02-13,179.78
2020-02-14,172.28
2020-02-15,174.78
2020-02-16,237.81
2020-02-17,282.84
2020-02-18,238.91
2020-02-19,286.39
2020-02-20,223.69
2020-02-21,85.49
2020-02-22,123.44
2020-02-23,182.2
2020-02-24,145.05
2020-02-25,224.02
2020-02-26,258.62
2020-02-27,203.77
2020-02-28,161.36
2020-02-29,115.82
2020-03-01,91.88
2020-03-02,203.51
2020-03-03,188.73
2020-03-04,193.79
2020-03-05,67.5
2020-03-06,38.5
2020-03-07,85.45
2020-03-08,140.22
2020-03-09,133.75
2020-03-10,160.91
2020-03-11,112.57
2020-03-12,155.18
2020-03-13,209.02
2020-03-14,85.26
2020-03-15,124.24
2020-03-16,144.37
2020-03-17,160.15
2020-03-18,162.56
2020-03-19,195.15
2020-03-20,200.79
2020-03-21,184.81
2020-03-22,134.46
2020-03-23,100.55
2020-03-24,103.62
2020-03-25,68.03
2020-03-26,75.81
2020-03-27,45.48
2020-03-28,34.15
2020-03-29,55.75
2020-03-30,64.66
2020-03-31,67.01
2020-04-01,65.84
2020-04-02,61.06
2020-04-03,62.69
2020-04-04,77.64
2020-04-05,96.88
2020-04-06,114.88
2020-04-07,94.02
2020-04-08,79.04
2020-04-09,76.32
2020-04-10,112.93
2020-04-11,118.1
2020-04-12,92.7
2020-04-13,136.77
2020-04-14,144.7
2020-04-15,190.98
2020-04-16,191.17
2020-04-17,89.58
2020-04-18,102.53
2020-04-19,73.86
2020-04-20,113.25
2020-04-21,87.27
2020-04-22,130.99
2020-04-23,127.82
2020-04-24,138.46
2020-04-25,85.83
2020-04-26,117.1
2020-04-27,53.02
2020-04-28,80.36
2020-04-29,114.91
2020-04-30,115.63
2020-05-01,143.11
2020-05-02,107.36
2020-05-03,83.02
2020-05-04,60.59
2020-05-05,115.91
2020-05-06,169.61
2020-05-07,88.35
2020-05-08,120.82
2020-05-09,126.9
2020-05-10,110.39
2020-05-11,93.49
2020-05-12,94.4
2020-05-13,159.2
2020-05-14,126.53
2020-05-15,101.93
2020-05-16,151.8
2020-05-17,187.24
2020-05-18,192.68
2020-05-19,208.65
2020-05-20,155.41
2020-05-21,163.77
2020-05-22,213.47
2020-05-23,209.49
2020-05-24,179.3
2020-05-25,162.41
2020-05-26,190.11
2020-05-27,161.76
2020-05-28,229.55
2020-05-29,66.66
2020-05-30,53.19
2020-05-31,40.43
2020-06-01,80.47
2020-06-02,98.32
2020-06-03,114.01
2020-06-04,143.79
2020-06-05,87.05
2020-06-06,80.49
2020-06-07,91.17
2020-06-08,103.27
2020-06-09,148.67
2020-06-10,156.29
2020-06-11,134.36
2020-06-12,152.7
2020-06-13,129.33
2020-06-14,150.28
2020-06-15,120.23
2020-06-16,107.99
2020-06-17,92.58
2020-06-18,100.62
2020-06-19,205.56
2020-06-20,108.73
2020-06-21,95.63
2020-06-22,77.48
2020-06-23,64.12
2020-06-24,62.61
2020-06-25,77.76
2020-06-26,112.08
2020-06-27,155.94
2020-06-28,308.65
2020-06-29,184.12
2020-06-30,91.98
2020-07-01,128.66
2020-01-22,80.65
2020-01-23,0.0
2020-01-24,68.71
2020-01-25,84.58
2020-01-26,85.47
2020-01-27,80.24
2020-01-28,95.07
2020-01-29,96.7
2020-01-30,79.3
2020-01-31,78.48
2020-02-01,74.51
2020-02-02,67.05
2020-02-03,72.23
2020-02-04,89.68
2020-02-05,95.99
2020-02-06,69.55
2020-02-07,70.64
2020-02-08,69.27
2020-02-09,65.81
2020-02-10,68.24
2020-02-11,70.37
2020-02-12,85.94
2020-02-13,72.06
2020-02-14,83.54
2020-02-15,51.47
2020-02-16,58.34
2020-02-17,79.13
2020-02-18,78.67
2020-02-19,116.73
2020-02-20,88.08
2020-02-21,89.73
2020-02-22,75.74
2020-02-23,59.35
2020-02-24,72.73
2020-02-25,69.29
2020-02-26,79.96
2020-02-27,69.25
2020-02-28,72.04
2020-02-29,56.01
2020-03-01,54.4
2020-03-02,54.77
2020-03-03,43.68
2020-03-04,61.79
2020-03-05,73.37
2020-03-06,63.61
2020-03-07,44.89
2020-03-08,52.22
2020-03-09,48.87
2020-03-10,58.49
2020-03-11,67.87
2020-03-12,40.87
2020-03-13,59.54
2020-03-14,66.92
2020-03-15,72.16
2020-03-16,75.59
2020-03-17,84.85
2020-03-18,90.0
2020-03-19,81.13
2020-03-20,64.61
2020-03-21,64.3
2020-03-22,38.97
2020-03-23,47.35
2020-03-24,48.95
2020-03-25,31.35
2020-03-26,40.24
2020-03-27,54.13
2020-03-28,56.39
2020-03-29,0.0
2020-03-30,45.67
2020-03-31,45.3
2020-04-01,47.92
2020-04-02,50.88
2020-04-03,45.45
2020-04-04,41.74
2020-04-05,32.53
2020-04-06,21.63
2020-04-07,22.39
2020-04-08,38.37
2020-04-09,41.78
2020-04-10,30.64
2020-04-11,30.64
2020-04-12,30.3
2020-04-13,45.51
2020-04-14,47.76
2020-04-15,30.69
2020-04-16,29.7
2020-04-17,33.38
2020-04-18,29.75
2020-04-19,36.86
2020-04-20,26.0
2020-04-21,21.54
2020-04-22,27.08
2020-04-23,35.87
2020-04-24,40.92
2020-04-25,46.33
2020-04-26,44.38
2020-04-27,31.67
2020-04-28,35.39
2020-04-29,30.88
2020-04-30,43.47
2020-05-01,38.99
2020-05-02,37.85
2020-05-03,39.87
2020-05-04,45.18
2020-05-05,51.54
2020-05-06,51.19
2020-05-07,31.03
2020-05-08,23.91
2020-05-09,32.56
2020-05-10,37.56
2020-05-11,27.33
2020-05-12,50.41
2020-05-13,32.04
2020-05-14,44.23
2020-05-15,44.12
2020-05-16,34.63
2020-05-17,36.56
2020-05-18,45.3
2020-05-19,49.32
2020-05-20,35.64
2020-05-21,19.94
2020-05-22,23.94
2020-05-23,48.58
2020-05-24,43.42
2020-05-25,46.41
2020-05-26,33.45
2020-05-27,39.77
2020-05-28,27.44
2020-05-29,34.03
2020-05-30,21.13
2020-05-31,13.53
2020-06-01,19.66
2020-06-02,13.02
2020-06-03,14.94
2020-06-04,15.31
2020-06-05,18.27
2020-06-06,14.15
2020-06-07,20.15
2020-06-08,29.53
2020-06-09,41.66
2020-06-10,39.86
2020-06-11,28.53
2020-06-12,45.62
2020-06-13,37.9
2020-06-14,17.13
2020-06-15,38.26
2020-06-16,15.57
2020-06-17,0.0
2020-06-18,0.0
2020-06-19,26.94
2020-06-20,40.32
2020-06-21,14.24
2020-06-22,28.66
2020-06-23,38.28
2020-06-24,51.36
2020-06-25,26.08
2020-06-26,17.83
2020-06-27,27.94
2020-06-28,21.47
2020-06-29,24.97
2020-06-30,30.24
2020-07-01,13.91
2015-11-27,0.0
2015-11-28,0.0
2015-11-29,0.0
2015-11-30,0.0
2015-12-01,0.0
2015-12-02,0.0
2015-12-03,0.0
2015-12-04,0.0
2015-12-05,0.0
2015-12-06,0.0
2015-12-07,0.0
2015-12-08,0.0
2015-12-09,0.0
2015-12-10,0.0
2015-12-11,0.0
2015-12-12,0.0
2015-12-13,0.0
2015-12-14,0.0
2015-12-15,0.0
2015-12-16,0.0
2015-12-17,0.0
2015-12-18,0.0
2015-12-19,0.0
2015-12-20,0.0
2015-12-21,0.0
2015-12-22,0.0
2015-12-23,0.0
2015-12-24,0.0
2015-12-25,0.0
2015-12-26,0.0
2015-12-27,0.0
2015-12-28,0.0
2015-12-29,0.0
2015-12-30,0.0
2015-12-31,0.0
2016-01-01,0.0
2016-01-02,0.0
2016-01-03,0.0
2016-01-04,0.0
2016-01-05,0.0
2016-01-06,0.0
2016-01-07,0.0
2016-01-08,0.0
2016-01-09,0.0
2016-01-10,0.0
2016-01-11,0.0
2016-01-12,0.0
2016-01-13,0.0
2016-01-14,0.0
2016-01-15,0.0
2016-01-16,0.0
2016-01-17,0.0
2016-01-18,0.0
2016-01-19,0.0
2016-01-20,0.0
2016-01-21,0.0
2016-01-22,0.0
2016-01-23,0.0
2016-01-24,0.0
2016-01-25,0.0
2016-01-26,0.0
2016-01-27,0.0
2016-01-28,0.0
2016-01-29,0.0
2016-01-30,0.0
2016-01-31,0.0
2016-02-01,0.0
2016-02-02,0.0
2016-02-03,0.0
2016-02-04,0.0
2016-02-05,0.0
2016-02-06,0.0
2016-02-07,0.0
2016-02-08,0.0
2016-02-09,0.0
2016-02-10,0.0
2016-02-11,0.0
2016-02-12,0.0
2016-02-13,0.0
2016-02-14,0.0
2016-02-15,0.0
2016-02-16,0.0
2016-02-17,0.0
2016-02-18,0.0
2016-02-19,0.0
2016-02-20,0.0
2016-02-21,0.0
2016-02-22,0.0
2016-02-23,0.0
2016-02-24,0.0
2016-02-25,0.0
2016-02-26,0.0
2016-02-27,0.0
2016-02-28,0.0
2016-02-29,0.0
2016-03-01,0.0
2016-03-02,0.0
2016-03-03,0.0
2016-03-04,0.0
2016-03-05,0.0
2016-03-06,0.0
2016-03-07,0.0
2016-03-08,0.0
2016-03-09,0.0
2016-03-10,0.0
2016-03-11,0.0
2016-03-12,0.0
2016-03-13,0.0
2016-03-14,0.0
2016-03-15,0.0
2016-03-16,0.0
2016-03-17,0.0
2016-03-18,0.0
2016-03-19,0.0
2016-03-20,0.0
2016-03-21,0.0
2016-03-22,0.0
2016-03-23,0.0
2016-03-24,0.0
2016-03-25,0.0
2016-03-26,0.0
2016-03-27,0.0
2016-03-28,0.0
2016-03-29,0.0
2016-03-30,0.0
2016-03-31,0.0
2016-04-01,0.0
2016-04-02,0.0
2016-04-03,0.0
2016-04-04,0.0
2016-04-05,0.0
2016-04-06,0.0
2016-04-07,0.0
2016-04-08,0.0
2016-04-09,0.0
2016-04-10,0.0
2016-04-11,0.0
2016-04-12,0.0
2016-04-13,0.0
2016-04-14,0.0
2016-04-15,0.0
2016-04-16,0.0
2016-04-17,0.0
2016-04-18,0.0
2016-04-19,0.0
2016-04-20,0.0
2016-04-21,0.0
2016-04-22,0.0
2016-04-23,0.0
2016-04-24,0.0
2016-04-25,0.0
2016-04-26,0.0
2016-04-27,0.0
2016-04-28,0.0
2016-04-29,0.0
2016-04-30,0.0
2016-05-01,0.0
2016-05-02,0.0
2016-05-03,0.0
2016-05-04,0.0
2016-05-05,0.0
2016-05-06,0.0
2016-05-07,0.0
2016-05-08,0.0
2016-05-09,0.0
2016-05-10,0.0
2016-05-11,0.0
2016-05-12,0.0
2016-05-13,0.0
2016-05-14,0.0
2016-05-15,0.0
2016-05-16,0.0
2016-05-17,0.0
2016-05-18,0.0
2016-05-19,0.0
2016-05-20,0.0
2016-05-21,0.0
2016-05-22,0.0
2016-05-23,0.0
2016-05-24,0.0
2016-05-25,0.0
2016-05-26,0.0
2016-05-27,0.0
2016-05-28,0.0
2016-05-29,0.0
2016-05-30,0.0
2016-05-31,0.0
2016-06-01,0.0
2016-06-02,0.0
2016-06-03,0.0
2016-06-04,0.0
2016-06-05,0.0
2016-06-06,0.0
2016-06-07,0.0
2016-06-08,0.0
2016-06-09,0.0
2016-06-10,0.0
2016-06-11,0.0
2016-06-12,0.0
2016-06-13,0.0
2016-06-14,0.0
2016-06-15,0.0
2016-06-16,0.0
2016-06-17,0.0
2016-06-18,0.0
2016-06-19,0.0
2016-06-20,0.0
2016-06-21,0.0
2016-06-22,0.0
2016-06-23,0.0
2016-06-24,0.0
2016-06-25,0.0
2016-06-26,0.0
2016-06-27,0.0
2016-06-28,0.0
2016-06-29,0.0
2016-06-30,0.0
2016-07-01,0.0
2016-07-02,0.0
2016-07-03,0.0
2016-07-04,0.0
2016-07-05,0.0
2016-07-06,0.0
2016-07-07,0.0
2016-07-08,0.0
2016-07-09,0.0
2016-07-10,0.0
2016-07-11,0.0
2016-07-12,0.0
2016-07-13,0.0
2016-07-14,0.0
2016-07-15,0.0
2016-07-16,0.0
2016-07-17,0.0
2016-07-18,0.0
2016-07-19,0.0
2016-07-20,0.0
2016-07-21,0.0
2016-07-22,0.0
2016-07-23,0.0
2016-07-24,0.0
2016-07-25,0.0
2016-07-26,0.0
2016-07-27,0.0
2016-07-28,0.0
2016-07-29,0.0
2016-07-30,0.0
2016-07-31,0.0
2016-08-01,0.0
2016-08-02,0.0
2016-08-03,0.0
2016-08-04,0.0
2016-08-05,0.0
2016-08-06,0.0
2016-08-07,0.0
2016-08-08,0.0
2016-08-09,0.0
2016-08-10,0.0
2016-08-11,0.0
2016-08-12,0.0
2016-08-13,0.0
2016-08-14,0.0
2016-08-15,0.0
2016-08-16,0.0
2016-08-17,0.0
2016-08-18,0.0
2016-08-19,0.0
2016-08-20,0.0
2016-08-21,0.0
2016-08-22,0.0
2016-08-23,0.0
2016-08-24,0.0
2016-08-25,0.0
2016-08-26,0.0
2016-08-27,0.0
2016-08-28,0.0
2016-08-29,0.0
2016-08-30,0.0
2016-08-31,0.0
2016-09-01,0.0
2016-09-02,0.0
2016-09-03,0.0
2016-09-04,0.0
2016-09-05,0.0
2016-09-06,0.0
2016-09-07,0.0
2016-09-08,0.0
2016-09-09,0.0
2016-09-10,0.0
2016-09-11,0.0
2016-09-12,0.0
2016-09-13,0.0
2016-09-14,0.0
2016-09-15,0.0
2016-09-16,0.0
2016-09-17,0.0
2016-09-18,0.0
2016-09-19,0.0
2016-09-20,0.0
2016-09-21,0.0
2016-09-22,0.0
2016-09-23,0.0
2016-09-24,0.0
2016-09-25,0.0
2016-09-26,0.0
2016-09-27,0.0
2016-09-28,0.0
2016-09-29,0.0
2016-09-30,0.0
2016-10-01,0.0
2016-10-02,0.0
2016-10-03,0.0
2016-10-04,0.0
2016-10-05,0.0
2016-10-06,0.0
2016-10-07,0.0
2016-10-08,0.0
2016-10-09,0.0
2016-10-10,0.0
2016-10-11,0.0
2016-10-12,0.0
2016-10-13,0.0
2016-10-14,0.0
2016-10-15,0.0
2016-10-16,0.0
2016-10-17,0.0
2016-10-18,0.0
2016-10-19,0.0
2016-10-20,0.0
2016-10-21,0.0
2016-10-22,0.0
2016-10-23,0.0
2016-10-24,0.0
2016-10-25,0.0
2016-10-26,0.0
2016-10-27,0.0
2016-10-28,0.0
2016-10-29,0.0
2016-10-30,0.0
2016-10-31,0.0
2016-11-01,0.0
2016-11-02,0.0
2016-11-03,0.0
2016-11-04,0.0
2016-11-05,0.0
2016-11-06,0.0
2016-11-07,0.0
2016-11-08,0.0
2016-11-09,0.0
2016-11-10,0.0
2016-11-11,0.0
2016-11-12,0.0
2016-11-13,0.0
2016-11-14,0.0
2016-11-15,0.0
2016-11-16,0.0
2016-11-17,0.0
2016-11-18,0.0
2016-11-19,0.0
2016-11-20,0.0
2016-11-21,0.0
2016-11-22,0.0
2016-11-23,0.0
2016-11-24,0.0
2016-11-25,0.0
2016-11-26,0.0
2016-11-27,0.0
2016-11-28,0.0
2016-11-29,0.0
2016-11-30,0.0
2016-12-01,0.0
2016-12-02,0.0
2016-12-03,0.0
2016-12-04,0.0
2016-12-05,0.0
2016-12-06,0.0
2016-12-07,0.0
2016-12-08,0.0
2016-12-09,0.0
2016-12-10,0.0
2016-12-11,0.0
2016-12-12,0.0
2016-12-13,0.0
2016-12-14,0.0
2016-12-15,0.0
2016-12-16,0.0
2016-12-17,0.0
2016-12-18,0.0
2016-12-19,0.0
2016-12-20,0.0
2016-12-21,0.0
2016-12-22,0.0
2016-12-23,0.0
2016-12-24,0.0
2016-12-25,0.0
2016-12-26,0.0
2016-12-27,0.0
2016-12-28,0.0
2016-12-29,0.0
2016-12-30,0.0
2016-12-31,0.0
2017-01-01,0.0
2017-01-02,0.0
2017-01-03,0.0
2017-01-04,0.0
2017-01-05,0.0
2017-01-06,0.0
2017-01-07,0.0
2017-01-08,0.0
2017-01-09,0.0
2017-01-10,0.0
2017-01-11,0.0
2017-01-12,0.0
2017-01-13,0.0
2017-01-14,0.0
2017-01-15,0.0
2017-01-16,0.0
2017-01-17,0.0
2017-01-18,0.0
2017-01-19,0.0
2017-01-20,0.0
2017-01-21,0.0
2017-01-22,0.0
2017-01-23,0.0
2017-01-24,0.0
2017-01-25,0.0
2017-01-26,0.0
2017-01-27,0.0
2017-01-28,0.0
2017-01-29,0.0
2017-01-30,0.0
2017-01-31,0.0
2017-02-01,0.0
2017-02-02,0.0
2017-02-03,0.0
2017-02-04,0.0
2017-02-05,0.0
2017-02-06,0.0
2017-02-07,0.0
2017-02-08,0.0
2017-02-09,0.0
2017-02-10,0.0
2017-02-11,0.0
2017-02-12,0.0
2017-02-13,0.0
2017-02-14,0.0
2017-02-15,0.0
2017-02-16,0.0
2017-02-17,0.0
2017-02-18,0.0
2017-02-19,0.0
2017-02-20,0.0
2017-02-21,0.0
2017-02-22,0.0
2017-02-23,0.0
2017-02-24,0.0
2017-02-25,0.0
2017-02-26,0.0
2017-02-27,0.0
2017-02-28,0.0
2017-03-01,0.0
2017-03-02,0.0
2017-03-03,0.0
2017-03-04,0.0
2017-03-05,0.0
2017-03-06,0.0
2017-03-07,0.0
2017-03-08,0.0
2017-03-09,0.0
2017-03-10,0.0
2017-03-11,0.0
2017-03-12,0.0
2017-03-13,0.0
2017-03-14,0.0
2017-03-15,0.0
2017-03-16,0.0
2017-03-17,0.0
2017-03-18,0.0
2017-03-19,0.0
2017-03-20,0.0
2017-03-21,0.0
2017-03-22,0.0
2017-03-23,0.0
2017-03-24,0.0
2017-03-25,0.0
2017-03-26,0.0
2017-03-27,0.0
2017-03-28,0.0
2017-03-29,0.0
2017-03-30,0.0
2017-03-31,0.0
2017-04-01,0.0
2017-04-02,0.0
2017-04-03,0.0
2017-04-04,0.0
2017-04-05,0.0
2017-04-06,0.0
2017-04-07,0.0
2017-04-08,0.0
2017-04-09,0.0
2017-04-10,0.0
2017-04-11,0.0
2017-04-12,0.0
2017-04-13,0.0
2017-04-14,0.0
2017-04-15,0.0
2017-04-16,0.0
2017-04-17,0.0
2017-04-18,0.0
2017-04-19,0.0
2017-04-20,0.0
2017-04-21,0.0
2017-04-22,0.0
2017-04-23,0.0
2017-04-24,0.0
2017-04-25,0.0
2017-04-26,0.0
2017-04-27,0.0
2017-04-28,0.0
2017-04-29,0.0
2017-04-30,0.0
2017-05-01,0.0
2017-05-02,0.0
2017-05-03,0.0
2017-05-04,0.0
2017-05-05,0.0
2017-05-06,0.0
2017-05-07,0.0
2017-05-08,0.0
2017-05-09,0.0
2017-05-10,0.0
2017-05-11,0.0
2017-05-12,0.0
2017-05-13,0.0
2017-05-14,0.0
2017-05-15,0.0
2017-05-16,0.0
2017-05-17,0.0
2017-05-18,0.0
2017-05-19,0.0
2017-05-20,0.0
2017-05-21,0.0
2017-05-22,0.0
2017-05-23,0.0
2017-05-24,0.0
2017-05-25,0.0
2017-05-26,0.0
2017-05-27,0.0
2017-05-28,0.0
2017-05-29,0.0
2017-05-30,0.0
2017-05-31,0.0
2017-06-01,0.0
2017-06-02,0.0
2017-06-03,0.0
2017-06-04,0.0
2017-06-05,0.0
2017-06-06,0.0
2017-06-07,0.0
2017-06-08,0.0
2017-06-09,0.0
2017-06-10,0.0
2017-06-11,0.0
2017-06-12,0.0
2017-06-13,0.0
2017-06-14,0.0
2017-06-15,0.0
2017-06-16,0.0
2017-06-17,0.0
2017-06-18,0.0
2017-06-19,0.0
2017-06-20,0.0
2017-06-21,0.0
2017-06-22,0.0
2017-06-23,0.0
2017-06-24,0.0
2017-06-25,0.0
2017-06-26,0.0
2017-06-27,0.0
2017-06-28,0.0
2017-06-29,0.0
2017-06-30,0.0
2017-07-01,0.0
2017-07-02,0.0
2017-07-03,0.0
2017-07-04,0.0
2017-07-05,0.0
2017-07-06,0.0
2017-07-07,0.0
2017-07-08,0.0
2017-07-09,0.0
2017-07-10,0.0
2017-07-11,0.0
2017-07-12,0.0
2017-07-13,0.0
2017-07-14,0.0
2017-07-15,0.0
2017-07-16,0.0
2017-07-17,0.0
2017-07-18,0.0
2017-07-19,0.0
2017-07-20,0.0
2017-07-21,0.0
2017-07-22,0.0
2017-07-23,0.0
2017-07-24,0.0
2017-07-25,0.0
2017-07-26,0.0
2017-07-27,0.0
2017-07-28,0.0
2017-07-29,0.0
2017-07-30,0.0
2017-07-31,0.0
2017-08-01,0.0
2017-08-02,0.0
2017-08-03,0.0
2017-08-04,0.0
2017-08-05,0.0
2017-08-06,0.0
2017-08-07,0.0
2017-08-08,0.0
2017-08-09,0.0
2017-08-10,0.0
2017-08-11,0.0
2017-08-12,0.0
2017-08-13,0.0
2017-08-14,0.0
2017-08-15,0.0
2017-08-16,0.0
2017-08-17,0.0
2017-08-18,0.0
2017-08-19,0.0
2017-08-20,0.0
2017-08-21,0.0
2017-08-22,0.0
2017-08-23,0.0
2017-08-24,0.0
2017-08-25,0.0
2017-08-26,0.0
2017-08-27,0.0
2017-08-28,0.0
2017-08-29,0.0
2017-08-30,0.0
2017-08-31,0.0
2017-09-01,0.0
2017-09-02,0.0
2017-09-03,0.0
2017-09-04,0.0
2017-09-05,0.0
2017-09-06,0.0
2017-09-07,0.0
2017-09-08,0.0
2017-09-09,0.0
2017-09-10,0.0
2017-09-11,0.0
2017-09-12,0.0
2017-09-13,0.0
2017-09-14,0.0
2017-09-15,0.0
2017-09-16,0.0
2017-09-17,0.0
2017-09-18,0.0
2017-09-19,0.0
2017-09-20,0.0
2017-09-21,0.0
2017-09-22,0.0
2017-09-23,0.0
2017-09-24,0.0
2017-09-25,0.0
2017-09-26,0.0
2017-09-27,0.0
2017-09-28,0.0
2017-09-29,0.0
2017-09-30,0.0
2017-10-01,0.0
2017-10-02,0.0
2017-10-03,0.0
2017-10-04,0.0
2017-10-05,0.0
2017-10-06,0.0
2017-10-07,0.0
2017-10-08,0.0
2017-10-09,0.0
2017-10-10,0.0
2017-10-11,0.0
2017-10-12,0.0
2017-10-13,0.0
2017-10-14,0.0
2017-10-15,0.0
2017-10-16,0.0
2017-10-17,0.0
2017-10-18,0.0
2017-10-19,0.0
2017-10-20,0.0
2017-10-21,0.0
2017-10-22,0.0
2017-10-23,0.0
2017-10-24,0.0
2017-10-25,0.0
2017-10-26,0.0
2017-10-27,0.0
2017-10-28,0.0
2017-10-29,0.0
2017-10-30,0.0
2017-10-31,0.0
2017-11-01,0.0
2017-11-02,0.0
2017-11-03,0.0
2017-11-04,0.0
2017-11-05,0.0
2017-11-06,0.0
2017-11-07,0.0
2017-11-08,0.0
2017-11-09,0.0
2017-11-10,0.0
2017-11-11,0.0
2017-11-12,0.0
2017-11-13,0.0
2017-11-14,0.0
2017-11-15,0.0
2017-11-16,0.0
2017-11-17,0.0
2017-11-18,0.0
2017-11-19,0.0
2017-11-20,0.0
2017-11-21,0.0
2017-11-22,0.0
2017-11-23,0.0
2017-11-24,0.0
2017-11-25,0.0
2017-11-26,0.0
2017-11-27,0.0
2017-11-28,0.0
2017-11-29,0.0
2017-11-30,0.0
2017-12-01,0.0
2017-12-02,0.0
2017-12-03,0.0
2017-12-04,0.0
2017-12-05,0.0
2017-12-06,0.0
2017-12-07,0.0
2017-12-08,0.0
2017-12-09,0.0
2017-12-10,0.0
2017-12-11,0.0
2017-12-12,0.0
2017-12-13,0.0
2017-12-14,0.0
2017-12-15,0.0
2017-12-16,0.0
2017-12-17,0.0
2017-12-18,0.0
2017-12-19,0.0
2017-12-20,0.0
2017-12-21,0.0
2017-12-22,0.0
2017-12-23,0.0
2017-12-24,0.0
2017-12-25,0.0
2017-12-26,0.0
2017-12-27,0.0
2017-12-28,0.0
2017-12-29,0.0
2017-12-30,0.0
2017-12-31,395.4
2018-01-01,17.16
2018-01-02,0.0
2018-01-03,444.17
2018-01-04,339.33
2018-01-05,380.12
2018-01-06,434.45
2018-01-07,408.64
2018-01-08,342.33
2018-01-09,436.51
2018-01-10,254.48
2018-01-11,226.75
2018-01-12,297.21
2018-01-13,356.04
2018-01-14,315.22
2018-01-15,291.64
2018-01-16,200.5
2018-01-17,342.67
2018-01-18,312.18
2018-01-19,666.72
2018-01-20,0.0
2018-01-21,0.0
2018-01-22,0.0
2018-01-23,0.0
2018-01-24,0.0
2018-01-25,0.0
2018-01-26,0.0
2018-01-27,0.0
2018-01-28,0.0
2018-01-29,253.13
2018-01-30,257.28
2018-01-31,286.09
2018-02-01,253.95
2018-02-02,351.43
2018-02-03,247.25
2018-02-04,276.56
2018-02-05,287.61
2018-02-06,289.85
2018-02-07,245.86
2018-02-08,298.95
2018-02-09,401.91
2018-02-10,273.52
2018-02-11,247.37
2018-02-12,157.27
2018-02-13,151.24
2018-02-14,123.5
2018-02-15,28.85
2018-02-16,172.96
2018-02-17,180.86
2018-02-18,180.58
2018-02-19,236.1
2018-02-20,0.0
2018-02-21,0.0
2018-02-22,0.0
2018-02-23,0.0
2018-02-24,0.0
2018-02-25,0.0
2018-02-26,0.0
2018-02-27,0.0
2018-02-28,0.0
2018-03-01,216.02
2018-03-02,167.04
2018-03-03,166.32
2018-03-04,160.73
2018-03-05,149.89
2018-03-06,120.31
2018-03-07,132.16
2018-03-08,147.01
2018-03-09,191.52
2018-03-10,152.3
2018-03-11,150.21
2018-03-12,179.26
2018-03-13,173.32
2018-03-14,191.47
2018-03-15,212.52
2018-03-16,199.15
2018-03-17,153.74
2018-03-18,136.34
2018-03-19,137.64
2018-03-20,167.07
2018-03-21,206.58
2018-03-22,169.67
2018-03-23,138.47
2018-03-24,174.86
2018-03-25,158.38
2018-03-26,178.87
2018-03-27,189.2
2018-03-28,189.37
2018-03-29,177.84
2018-03-30,198.49
2018-03-31,237.63
2018-04-01,161.19
2018-04-02,128.53
2018-04-03,186.86
2018-04-04,211.96
2018-04-05,264.98
2018-04-06,179.57
2018-04-07,147.11
2018-04-08,137.91
2018-04-09,105.56
2018-04-10,229.71
2018-04-11,112.53
2018-04-12,80.31
2018-04-13,146.19
2018-04-14,191.56
2018-04-15,185.32
2018-04-16,313.55
2018-04-17,253.36
2018-04-18,0.0
2018-04-19,0.0
2018-04-20,0.0
2018-04-21,249.14
2018-04-22,203.33
2018-04-23,194.22
2018-04-24,235.17
2018-04-25,185.39
2018-04-26,170.98
2018-04-27,0.0
2018-04-28,0.0
2018-04-29,0.0
2018-04-30,258.31
2018-05-01,137.77
2018-05-02,158.02
2018-05-03,96.02
2018-05-04,83.46
2018-05-05,140.45
2018-05-06,233.09
2018-05-07,267.02
2018-05-08,150.69
2018-05-09,116.99
2018-05-10,161.19
2018-05-11,298.27
2018-05-12,376.01
2018-05-13,201.51
2018-05-14,193.84
2018-05-15,239.66
2018-05-16,396.69
2018-05-17,280.83
2018-05-18,224.03
2018-05-19,188.75
2018-05-20,219.14
2018-05-21,203.56
2018-05-22,215.18
2018-05-23,386.66
2018-05-24,0.0
2018-05-25,180.86
2018-05-26,183.75
2018-05-27,175.09
2018-05-28,224.05
2018-05-29,248.04
2018-05-30,210.3
2018-05-31,169.52
2018-06-01,228.87
2018-06-02,145.61
2018-06-03,130.7
2018-06-04,159.65
2018-06-05,134.44
2018-06-06,148.17
2018-06-07,139.54
2018-06-08,0.0
2018-06-09,0.0
2018-06-10,0.0
2018-06-11,0.0
2018-06-12,0.0
2018-06-13,0.0
2018-06-14,0.0
2018-06-15,0.0
2018-06-16,0.0
2018-06-17,0.0
2018-06-18,0.0
2018-06-19,0.0
2018-06-20,0.0
2018-06-21,0.0
2018-06-22,0.0
2018-06-23,0.0
2018-06-24,0.0
2018-06-25,0.0
2018-06-26,0.0
2018-06-27,0.0
2018-06-28,0.0
2018-06-29,0.0
2018-06-30,0.0
2018-07-01,0.0
2018-07-02,0.0
2018-07-03,0.0
2018-07-04,0.0
2018-07-05,0.0
2018-07-06,0.0
2018-07-07,0.0
2018-07-08,0.0
2018-07-09,0.0
2018-07-10,0.0
2018-07-11,0.0
2018-07-12,0.0
2018-07-13,0.0
2018-07-14,0.0
2018-07-15,0.0
2018-07-16,0.0
2018-07-17,0.0
2018-07-18,0.0
2018-07-19,0.0
2018-07-20,0.0
2018-07-21,0.0
2018-07-22,0.0
2018-07-23,0.0
2018-07-24,0.0
2018-07-25,0.0
2018-07-26,0.0
2018-07-27,0.0
2018-07-28,0.0
2018-07-29,0.0
2018-07-30,0.0
2018-07-31,0.0
2018-08-01,0.0
2018-08-02,0.0
2018-08-03,0.0
2018-08-04,0.0
2018-08-05,0.0
2018-08-06,0.0
2018-08-07,0.0
2018-08-08,0.0
2018-08-09,0.0
2018-08-10,0.0
2018-08-11,0.0
2018-08-12,0.0
2018-08-13,0.0
2018-08-14,0.0
2018-08-15,0.0
2018-08-16,0.0
2018-08-17,0.0
2018-08-18,0.0
2018-08-19,0.0
2018-08-20,0.0
2018-08-21,0.0
2018-08-22,0.0
2018-08-23,0.0
2018-08-24,0.0
2018-08-25,0.0
2018-08-26,0.0
2018-08-27,0.0
2018-08-28,0.0
2018-08-29,0.0
2018-08-30,0.0
2018-08-31,0.0
2018-09-01,0.0
2018-09-02,0.0
2018-09-03,0.0
2018-09-04,0.0
2018-09-05,0.0
2018-09-06,0.0
2018-09-07,0.0
2018-09-08,0.0
2018-09-09,0.0
2018-09-10,0.0
2018-09-11,0.0
2018-09-12,0.0
2018-09-13,0.0
2018-09-14,0.0
2018-09-15,0.0
2018-09-16,0.0
2018-09-17,0.0
2018-09-18,0.0
2018-09-19,0.0
2018-09-20,0.0
2018-09-21,0.0
2018-09-22,0.0
2018-09-23,0.0
2018-09-24,0.0
2018-09-25,0.0
2018-09-26,0.0
2018-09-27,0.0
2018-09-28,0.0
2018-09-29,0.0
2018-09-30,210.02
2018-10-01,217.73
2018-10-02,213.48
2018-10-03,183.93
2018-10-04,196.31
2018-10-05,261.61
2018-10-06,236.07
2018-10-07,258.34
2018-10-08,309.92
2018-10-09,237.1
2018-10-10,186.32
2018-10-11,196.54
2018-10-12,164.1
2018-10-13,242.65
2018-10-14,224.57
2018-10-15,278.45
2018-10-16,265.07
2018-10-17,279.22
2018-10-18,271.89
2018-10-19,292.22
2018-10-20,338.49
2018-10-21,288.47
2018-10-22,251.38
2018-10-23,262.3
2018-10-24,320.25
2018-10-25,305.58
2018-10-26,0.0
2018-10-27,264.11
2018-10-28,342.22
2018-10-29,333.34
2018-10-30,354.56
2018-10-31,306.31
2018-11-01,280.89
2018-11-02,317.43
2018-11-03,295.81
2018-11-04,177.09
2018-11-05,494.66
2018-11-06,286.56
2018-11-07,229.87
2018-11-08,323.94
2018-11-09,341.94
2018-11-10,378.33
2018-11-11,317.01
2018-11-12,343.01
2018-11-13,356.89
2018-11-14,195.14
2018-11-15,155.21
2018-11-16,227.26
2018-11-17,218.88
2018-11-18,200.83
2018-11-19,261.71
2018-11-20,327.57
2018-11-21,355.08
2018-11-22,196.83
2018-11-23,262.39
2018-11-24,192.94
2018-11-25,239.99
2018-11-26,292.38
2018-11-27,229.99
2018-11-28,235.22
2018-11-29,303.5
2018-11-30,318.04
2018-12-01,255.28
2018-12-02,107.25
2018-12-03,212.23
2018-12-04,247.54
2018-12-05,276.72
2018-12-06,263.58
2018-12-07,354.49
2018-12-08,295.23
2018-12-09,345.6
2018-12-10,348.94
2018-12-11,345.64
2018-12-12,284.33
2018-12-13,166.85
2018-12-14,146.35
2018-12-15,198.33
2018-12-16,205.79
2018-12-17,281.59
2018-12-18,271.67
2018-12-19,256.6
2018-12-20,265.0
2018-12-21,430.89
2018-12-22,0.0
2018-12-23,0.0
2018-12-24,324.22
2018-12-25,422.25
2018-12-26,277.78
2018-12-27,249.36
2018-12-28,347.86
2018-12-29,339.25
2018-12-30,303.52
2018-12-31,401.63
2019-01-01,359.69
2019-01-02,374.92
2019-01-03,447.79
2019-01-04,381.14
2019-01-05,408.1
2019-01-06,244.67
2019-01-07,242.82
2019-01-08,236.75
2019-01-09,204.36
2019-01-10,193.45
2019-01-11,321.81
2019-01-12,273.91
2019-01-13,392.23
2019-01-14,131.77
2019-01-15,0.0
2019-01-16,302.49
2019-01-17,498.8
2019-01-18,370.39
2019-01-19,444.6
2019-01-20,0.0
2019-01-21,138.97
2019-01-22,70.62
2019-01-23,212.62
2019-01-24,194.17
2019-01-25,115.89
2019-01-26,167.36
2019-01-27,181.3
2019-01-28,151.06
2019-01-29,161.45
2019-01-30,249.16
2019-01-31,171.03
2019-02-01,223.06
2019-02-02,241.0
2019-02-03,176.06
2019-02-04,175.62
2019-02-05,158.77
2019-02-06,192.74
2019-02-07,79.11
2019-02-08,174.76
2019-02-09,121.29
2019-02-10,221.36
2019-02-11,264.78
2019-02-12,317.26
2019-02-13,326.16
2019-02-14,234.32
2019-02-15,184.28
2019-02-16,159.91
2019-02-17,120.51
2019-02-18,0.0
2019-02-19,223.97
2019-02-20,165.85
2019-02-21,138.82
2019-02-22,115.91
2019-02-23,88.1
2019-02-24,129.97
2019-02-25,168.92
2019-02-26,93.91
2019-02-27,77.26
2019-02-28,123.54
2019-03-01,168.92
2019-03-02,163.48
2019-03-03,54.32
2019-03-04,133.36
2019-03-05,103.11
2019-03-06,130.58
2019-03-07,180.75
2019-03-08,174.95
2019-03-09,155.62
2019-03-10,132.72
2019-03-11,176.12
2019-03-12,116.73
2019-03-13,233.06
2019-03-14,217.93
2019-03-15,139.65
2019-03-16,129.58
2019-03-17,149.64
2019-03-18,172.96
2019-03-19,237.1
2019-03-20,214.76
2019-03-21,257.72
2019-03-22,124.72
2019-03-23,86.44
2019-03-24,151.22
2019-03-25,143.81
2019-03-26,156.68
2019-03-27,168.05
2019-03-28,195.91
2019-03-29,257.46
2019-03-30,128.15
2019-03-31,148.69
2019-04-01,150.52
2019-04-02,181.59
2019-04-03,150.53
2019-04-04,262.82
2019-04-05,260.63
2019-04-06,315.63
2019-04-07,392.61
2019-04-08,315.02
2019-04-09,212.31
2019-04-10,248.24
2019-04-11,194.48
2019-04-12,245.17
2019-04-13,184.49
2019-04-14,215.35
2019-04-15,200.13
2019-04-16,201.19
2019-04-17,16.77
2019-04-18,69.43
2019-04-19,186.18
2019-04-20,177.73
2019-04-21,201.89
2019-04-22,269.76
2019-04-23,308.24
2019-04-24,334.26
2019-04-25,378.49
2019-04-26,286.92
2019-04-27,392.91
2019-04-28,0.0
2019-04-29,281.57
2019-04-30,293.7
2019-05-01,395.05
2019-05-02,330.49
2019-05-03,148.15
2019-05-04,194.57
2019-05-05,244.22
2019-05-06,254.27
2019-05-07,334.06
2019-05-08,404.82
2019-05-09,513.33
2019-05-10,294.82
2019-05-11,299.61
2019-05-12,425.76
2019-05-13,233.83
2019-05-14,101.37
2019-05-15,160.23
2019-05-16,220.13
2019-05-17,234.31
2019-05-18,87.81
2019-05-19,133.88
2019-05-20,185.48
2019-05-21,169.96
2019-05-22,172.15
2019-05-23,172.04
2019-05-24,103.97
2019-05-25,95.77
2019-05-26,122.82
2019-05-27,140.86
2019-05-28,143.32
2019-05-29,162.23
2019-05-30,238.38
2019-05-31,0.0
2019-06-01,0.0
2019-06-02,0.0
2019-06-03,0.0
2019-06-04,0.0
2019-06-05,0.0
2019-06-06,0.0
2019-06-07,0.0
2019-06-08,0.0
2019-06-09,0.0
2019-06-10,0.0
2019-06-11,0.0
2019-06-12,0.0
2019-06-13,205.0
2019-06-14,180.99
2019-06-15,265.03
2019-06-16,199.07
2019-06-17,0.0
2019-06-18,0.0
2019-06-19,0.0
2019-06-20,0.0
2019-06-21,0.0
2019-06-22,0.0
2019-06-23,107.63
2019-06-24,75.2
2019-06-25,109.61
2019-06-26,130.33
2019-06-27,223.52
2019-06-28,230.82
2019-06-29,264.71
2019-06-30,294.66
2019-07-01,215.41
2019-07-02,277.55
2019-07-03,111.72
2019-07-04,76.43
2019-07-05,60.31
2019-07-06,61.39
2019-07-07,79.65
2019-07-08,126.94
2019-07-09,223.74
2019-07-10,277.24
2019-07-11,327.81
2019-07-12,196.26
2019-07-13,201.93
2019-07-14,268.94
2019-07-15,170.31
2019-07-16,88.05
2019-07-17,67.29
2019-07-18,52.47
2019-07-19,122.84
2019-07-20,71.07
2019-07-21,85.8
2019-07-22,71.8
2019-07-23,117.66
2019-07-24,105.22
2019-07-25,36.03
2019-07-26,27.88
2019-07-27,34.06
2019-07-28,37.3
2019-07-29,50.72
2019-07-30,68.42
2019-07-31,65.02
2019-08-01,68.35
2019-08-02,82.08
2019-08-03,69.44
2019-08-04,69.56
2019-08-05,46.66
2019-08-06,49.91
2019-08-07,60.25
2019-08-08,70.47
2019-08-09,56.92
2019-08-10,51.94
2019-08-11,34.19
2019-08-12,64.5
2019-08-13,60.09
2019-08-14,51.71
2019-08-15,56.79
2019-08-16,38.87
2019-08-17,39.61
2019-08-18,0.0
2019-08-19,117.61
2019-08-20,100.63
2019-08-21,153.43
2019-08-22,117.96
2019-08-23,0.0
2019-08-24,0.0
2019-08-25,0.0
2019-08-26,0.0
2019-08-27,76.8
2019-08-28,83.05
2019-08-29,81.47
2019-08-30,52.55
2019-08-31,91.49
2019-09-01,12.48
2019-09-02,10.0
2019-09-03,24.94
2019-09-04,142.29
2019-09-05,77.31
2019-09-06,82.21
2019-09-07,68.99
2019-09-08,71.93
2019-09-09,102.22
2019-09-10,151.93
2019-09-11,166.53
2019-09-12,118.66
2019-09-13,78.87
2019-09-14,67.98
2019-09-15,60.84
2019-09-16,99.88
2019-09-17,124.72
2019-09-18,84.63
2019-09-19,54.11
2019-09-20,76.93
2019-09-21,92.36
2019-09-22,29.6
2019-09-23,65.37
2019-09-24,71.62
2019-09-25,82.06
2019-09-26,94.74
2019-09-27,45.27
2019-09-28,51.58
2019-09-29,42.51
2019-09-30,61.95
2019-10-01,75.21
2019-10-02,84.2
2019-10-03,52.26
2019-10-04,128.94
2019-10-05,48.34
2019-10-06,73.05
2019-10-07,86.44
2019-10-08,65.49
2019-10-09,0.0
2019-10-10,0.0
2019-10-11,0.0
2019-10-12,139.69
2019-10-13,186.3
2019-10-14,210.65
2019-10-15,205.28
2019-10-16,261.97
2019-10-17,217.06
2019-10-18,197.17
2019-10-19,170.46
2019-10-20,180.87
2019-10-21,205.75
2019-10-22,190.02
2019-10-23,229.29
2019-10-24,249.81
2019-10-25,206.1
2019-10-26,212.16
2019-10-27,219.37
2019-10-28,355.98
2019-10-29,344.33
2019-10-30,361.77
2019-10-31,369.65
2019-11-01,581.44
2019-11-02,491.79
2019-11-03,651.05
2019-11-04,319.29
2019-11-05,244.2
2019-11-06,158.87
2019-11-07,279.95
2019-11-08,255.53
2019-11-09,214.16
2019-11-10,256.26
2019-11-11,330.45
2019-11-12,481.04
2019-11-13,513.91
2019-11-14,573.72
2019-11-15,638.62
2019-11-16,299.85
2019-11-17,124.7
2019-11-18,111.61
2019-11-19,152.86
2019-11-20,193.65
2019-11-21,260.27
2019-11-22,279.87
2019-11-23,201.36
2019-11-24,178.86
2019-11-25,177.95
2019-11-26,189.47
2019-11-27,121.15
2019-11-28,66.95
2019-11-29,107.1
2019-11-30,127.45
2019-12-01,143.66
2019-12-02,180.59
2019-12-03,198.47
2019-12-04,212.55
2019-12-05,296.79
2019-12-06,364.36
2019-12-07,343.16
2019-12-08,315.4
2019-12-09,265.85
2019-12-10,299.38
2019-12-11,342.42
2019-12-12,359.8
2019-12-13,92.12
2019-12-14,102.19
2019-12-15,143.09
2019-12-16,106.03
2019-12-17,115.4
2019-12-18,188.12
2019-12-19,285.04
2019-12-20,360.69
2019-12-21,324.47
2019-12-22,183.92
2019-12-23,220.82
2019-12-24,422.12
2019-12-25,226.93
2019-12-26,332.22
2019-12-27,319.08
2019-12-28,398.43
2019-12-29,533.71
2019-12-30,384.26
2019-12-31,282.1
2020-01-01,357.72
2020-01-02,281.71
2020-01-03,216.52
2020-01-04,218.37
2020-01-05,233.92
2020-01-06,201.3
2020-01-07,140.0
2020-01-08,123.2
2020-01-09,101.18
2020-01-10,147.3
2020-01-11,179.38
2020-01-12,243.8
2020-01-13,241.22
2020-01-14,119.57
2020-01-15,162.36
2020-01-16,188.91
2020-01-17,127.02
2020-01-18,159.55
2020-01-19,159.19
2020-01-20,161.08
2020-01-21,222.54
2020-01-22,216.6
2020-01-23,92.62
2020-01-24,92.58
2020-01-25,161.1
2020-01-26,232.16
2020-01-27,200.66
2020-01-28,164.64
2020-01-29,90.49
2020-01-30,130.06
2020-01-31,127.12
2020-02-01,162.58
2020-02-02,137.94
2020-02-03,182.76
2020-02-04,181.95
2020-02-05,228.69
2020-02-06,169.37
2020-02-07,230.34
2020-02-08,210.84
2020-02-09,199.79
2020-02-10,256.86
2020-02-11,249.19
2020-02-12,284.78
2020-02-13,123.14
2020-02-14,134.91
2020-02-15,112.08
2020-02-16,185.61
2020-02-17,228.3
2020-02-18,166.21
2020-02-19,166.82
2020-02-20,173.5
2020-02-21,79.23
2020-02-22,96.42
2020-02-23,167.11
2020-02-24,126.64
2020-02-25,206.09
2020-02-26,231.82
2020-02-27,158.92
2020-02-28,130.39
2020-02-29,102.76
2020-03-01,50.03
2020-03-02,139.73
2020-03-03,177.56
2020-03-04,148.75
2020-03-05,57.05
2020-03-06,32.59
2020-03-07,67.45
2020-03-08,107.07
2020-03-09,112.32
2020-03-10,144.37
2020-03-11,100.26
2020-03-12,139.66
2020-03-13,182.58
2020-03-14,99.84
2020-03-15,137.62
2020-03-16,152.93
2020-03-17,169.8
2020-03-18,191.47
2020-03-19,200.51
2020-03-20,183.37
2020-03-21,129.3
2020-03-22,150.43
2020-03-23,103.56
2020-03-24,113.66
2020-03-25,60.71
2020-03-26,65.28
2020-03-27,41.61
2020-03-28,35.7
2020-03-29,56.89
2020-03-30,57.58
2020-03-31,57.22
2020-04-01,55.37
2020-04-02,59.79
2020-04-03,48.38
2020-04-04,61.47
2020-04-05,87.4
2020-04-06,94.54
2020-04-07,86.25
2020-04-08,79.84
2020-04-09,68.97
2020-04-10,96.26
2020-04-11,103.83
2020-04-12,68.78
2020-04-13,121.47
2020-04-14,131.79
2020-04-15,185.92
2020-04-16,154.53
2020-04-17,79.28
2020-04-18,87.29
2020-04-19,70.61
2020-04-20,93.89
2020-04-21,72.37
2020-04-22,102.91
2020-04-23,105.97
2020-04-24,100.68
2020-04-25,63.78
2020-04-26,119.82
2020-04-27,46.63
2020-04-28,58.26
2020-04-29,111.67
2020-04-30,122.56
2020-05-01,134.75
2020-05-02,104.29
2020-05-03,86.75
2020-05-04,45.29
2020-05-05,94.42
2020-05-06,138.24
2020-05-07,89.12
2020-05-08,102.78
2020-05-09,120.48
2020-05-10,112.01
2020-05-11,92.6
2020-05-12,92.82
2020-05-13,140.61
2020-05-14,128.05
2020-05-15,89.14
2020-05-16,111.56
2020-05-17,149.96
2020-05-18,115.94
2020-05-19,146.61
2020-05-20,124.58
2020-05-21,130.77
2020-05-22,153.39
2020-05-23,187.33
2020-05-24,154.36
2020-05-25,148.39
2020-05-26,184.71
2020-05-27,205.39
2020-05-28,257.56
2020-05-29,69.05
2020-05-30,56.28
2020-05-31,63.92
2020-06-01,87.51
2020-06-02,141.66
2020-06-03,117.56
2020-06-04,143.56
2020-06-05,75.0
2020-06-06,91.47
2020-06-07,92.32
2020-06-08,91.34
2020-06-09,141.77
2020-06-10,123.83
2020-06-11,110.92
2020-06-12,157.12
2020-06-13,138.26
2020-06-14,166.94
2020-06-15,117.53
2020-06-16,108.22
2020-06-17,92.67
2020-06-18,119.83
2020-06-19,244.35
2020-06-20,156.48
2020-06-21,103.78
2020-06-22,97.08
2020-06-23,74.69
2020-06-24,75.89
2020-06-25,111.09
2020-06-26,141.92
2020-06-27,158.08
2020-06-28,261.05
2020-06-29,154.0
2020-06-30,114.29
2020-07-01,174.08
2019-02-16,187.08
2019-02-17,118.01
2019-02-18,85.39
2019-02-19,78.04
2019-02-20,92.36
2019-02-21,134.1
2019-02-22,243.91
2019-02-23,219.95
2019-02-24,114.89
2019-02-25,234.82
2019-02-26,173.04
2019-02-27,98.85
2019-02-28,76.05
2019-03-01,104.75
2019-03-02,152.36
2019-03-03,199.74
2019-03-04,185.68
2019-03-05,119.93
2019-03-06,90.92
2019-03-07,112.75
2019-03-08,177.76
2019-03-09,206.29
2019-03-10,237.1
2019-03-11,213.84
2019-03-12,206.87
2019-03-13,187.83
2019-03-14,258.63
2019-03-15,280.4
2019-03-16,322.56
2019-03-17,191.58
2019-03-18,269.54
2019-03-19,145.24
2019-03-20,100.2
2019-03-21,200.77
2019-03-22,244.18
2019-03-23,139.67
2019-03-24,143.99
2019-03-25,236.55
2019-03-26,225.03
2019-03-27,87.81
2019-03-28,138.38
2019-03-29,203.18
2019-03-30,225.28
2019-03-31,64.89
2019-04-01,50.06
2019-04-02,91.04
2019-04-03,153.45
2019-04-04,62.01
2019-04-05,36.21
2019-04-06,82.28
2019-04-07,69.9
2019-04-08,40.1
2019-04-09,40.09
2019-04-10,67.42
2019-04-11,135.87
2019-04-12,153.64
2019-04-13,141.6
2019-04-14,76.17
2019-04-15,61.7
2019-04-16,56.26
2019-04-17,110.57
2019-04-18,108.28
2019-04-19,108.56
2019-04-20,99.12
2019-04-21,55.86
2019-04-22,61.08
2019-04-23,88.14
2019-04-24,133.16
2019-04-25,168.91
2019-04-26,149.31
2019-04-27,87.53
2019-04-28,39.5
2019-04-29,36.05
2019-04-30,21.96
2019-05-01,14.5
2019-05-02,46.41
2019-05-03,37.94
2019-05-04,1000.0
2019-05-05,91.04
2019-05-06,87.31
2019-05-07,77.72
2019-05-08,56.37
2019-05-09,44.86
2019-05-10,44.79
2019-05-11,38.97
2019-05-12,57.32
2019-05-13,85.31
2019-05-14,43.75
2019-05-15,31.95
2019-05-16,42.72
2019-05-17,34.43
2019-05-18,33.06
2019-05-19,68.51
2019-05-20,67.11
2019-05-21,52.71
2019-05-22,43.89
2019-05-23,22.87
2019-05-24,60.02
2019-05-25,626.63
2019-05-26,492.89
2019-05-27,47.82
2019-05-28,37.36
2019-05-29,81.41
2019-05-30,83.59
2019-05-31,44.89
2019-06-01,75.12
2019-06-02,110.62
2019-06-03,42.39
2019-06-04,21.47
2019-06-05,34.47
2019-06-06,86.21
2019-06-07,59.02
2019-06-08,21.4
2019-06-09,31.33
2019-06-10,38.23
2019-06-11,41.4
2019-06-12,72.67
2019-06-13,87.66
2019-06-14,31.6
2019-06-15,40.88
2019-06-16,43.13
2019-06-17,49.9
2019-06-18,55.87
2019-06-19,102.95
2019-06-20,77.63
2019-06-21,63.97
2019-06-22,50.76
2019-06-23,35.11
2019-06-24,43.56
2019-06-25,57.35
2019-06-26,29.17
2019-06-27,25.88
2019-06-28,43.21
2019-06-29,34.39
2019-06-30,60.43
2019-07-01,62.82
2019-07-02,27.33
2019-07-03,25.28
2019-07-04,32.63
2019-07-05,43.36
2019-07-06,75.98
2019-07-07,10.53
2019-07-08,76.75
2019-07-09,491.54
2019-07-10,94.28
2019-07-11,34.16
2019-07-12,34.66
2019-07-13,43.9
2019-07-14,37.61
2019-07-15,69.57
2019-07-16,149.69
2019-07-17,135.68
2019-07-18,73.42
2019-07-19,70.87
2019-07-20,167.95
2019-07-21,39.38
2019-07-22,79.72
2019-07-23,118.36
2019-07-24,76.32
2019-07-25,50.9
2019-07-26,79.88
2019-07-27,26.31
2019-07-28,49.12
2019-07-29,220.16
2019-07-30,153.57
2019-07-31,150.89
2019-08-01,52.31
2019-08-02,157.77
2019-08-03,117.59
2019-08-04,40.47
2019-08-05,194.51
2019-08-06,91.02
2019-08-07,34.75
2019-08-08,66.2
2019-08-09,427.84
2019-08-10,190.86
2019-08-11,164.97
2019-08-12,847.41
2019-08-13,554.83
2019-08-14,27.49
2019-08-15,35.6
2019-08-16,67.25
2019-08-17,54.16
2019-08-18,43.52
2019-08-19,38.04
2019-08-20,47.12
2019-08-21,49.44
2019-08-22,68.83
2019-08-23,44.49
2019-08-24,19.11
2019-08-25,21.98
2019-08-26,36.86
2019-08-27,46.99
2019-08-28,42.76
2019-08-29,35.25
2019-08-30,37.24
2019-08-31,33.16
2019-09-01,56.42
2019-09-02,66.26
2019-09-03,33.81
2019-09-04,32.1
2019-09-05,29.83
2019-09-06,26.77
2019-09-07,47.56
2019-09-08,48.97
2019-09-09,44.1
2019-09-10,45.15
2019-09-11,59.01
2019-09-12,62.32
2019-09-13,28.7
2019-09-14,44.23
2019-09-15,42.48
2019-09-16,42.44
2019-09-17,48.51
2019-09-18,41.41
2019-09-19,66.47
2019-09-20,75.6
2019-09-21,63.53
2019-09-22,60.78
2019-09-23,21.62
2019-09-24,18.96
2019-09-25,21.57
2019-09-26,49.24
2019-09-27,43.0
2019-09-28,49.25
2019-09-29,38.18
2019-09-30,32.53
2019-10-01,22.1
2019-10-02,41.61
2019-10-03,60.78
2019-10-04,64.05
2019-10-05,72.7
2019-10-06,97.74
2019-10-07,53.93
2019-10-08,26.86
2019-10-09,32.5
2019-10-10,40.97
2019-10-11,63.9
2019-10-12,82.09
2019-10-13,105.48
2019-10-14,103.55
2019-10-15,75.22
2019-10-16,96.37
2019-10-17,94.31
2019-10-18,112.77
2019-10-19,101.76
2019-10-20,89.37
2019-10-21,96.19
2019-10-22,130.98
2019-10-23,152.07
2019-10-24,84.17
2019-10-25,16.8
2019-10-26,12.02
2019-10-27,124.95
2019-10-28,258.02
2019-10-29,132.05
2019-10-30,81.6
2019-10-31,145.35
2019-11-01,124.06
2019-11-02,105.97
2019-11-03,99.52
2019-11-04,127.35
2019-11-05,130.43
2019-11-06,73.87
2019-11-07,112.41
2019-11-08,101.47
2019-11-09,72.78
2019-11-10,28.8
2019-11-11,50.97
2019-11-12,115.05
2019-11-13,91.14
2019-11-14,101.59
2019-11-15,198.38
2019-11-16,140.29
2019-11-17,151.83
2019-11-18,172.29
2019-11-19,155.67
2019-11-20,94.31
2019-11-21,129.07
2019-11-22,125.67
2019-11-23,143.51
2019-11-24,138.8
2019-11-25,143.37
2019-11-26,165.55
2019-11-27,126.46
2019-11-28,135.39
2019-11-29,166.82
2019-11-30,167.22
2019-12-01,125.23
2019-12-02,108.71
2019-12-03,140.23
2019-12-04,160.65
2019-12-05,138.03
2019-12-06,163.87
2019-12-07,160.39
2019-12-08,166.41
2019-12-09,191.09
2019-12-10,212.45
2019-12-11,174.54
2019-12-12,162.11
2019-12-13,161.14
2019-12-14,162.85
2019-12-15,172.89
2019-12-16,205.02
2019-12-17,155.46
2019-12-18,183.08
2019-12-19,209.45
2019-12-20,197.3
2019-12-21,154.52
2019-12-22,172.33
2019-12-23,223.93
2019-12-24,254.82
2019-12-25,338.0
2019-12-26,267.99
2019-12-27,162.48
2019-12-28,177.9
2019-12-29,226.01
2019-12-30,254.51
2019-12-31,248.02
2020-01-01,199.53
2020-01-02,100.53
2020-01-03,102.68
2020-01-04,122.49
2020-01-05,146.43
2020-01-06,147.58
2020-01-07,278.65
2020-01-08,224.39
2020-01-09,210.0
2020-01-10,225.9
2020-01-11,242.79
2020-01-12,225.76
2020-01-13,240.56
2020-01-14,270.35
2020-01-15,489.02
2020-01-16,237.56
2020-01-17,202.88
2020-01-18,240.6
2020-01-19,196.86
2020-01-20,120.4
2020-01-21,183.95
2020-01-22,218.79
2020-01-23,204.78
2020-01-24,260.58
2020-01-25,286.81
2020-01-26,241.87
2020-01-27,242.58
2020-01-28,317.84
2020-01-29,334.8
2020-01-30,247.32
2020-01-31,105.99
2020-02-01,184.52
2020-02-02,170.35
2020-02-03,199.91
2020-02-04,223.32
2020-02-05,256.72
2020-02-06,243.84
2020-02-07,233.73
2020-02-08,240.31
2020-02-09,190.71
2020-02-10,209.1
2020-02-11,225.78
2020-02-12,225.18
2020-02-13,253.03
2020-02-14,264.36
2020-02-15,279.03
2020-02-16,300.36
2020-02-17,299.17
2020-02-18,319.73
2020-02-19,123.99
2020-02-20,193.45
2020-02-21,177.35
2020-02-22,214.04
2020-02-23,203.28
2020-02-24,157.53
2020-02-25,140.07
2020-02-26,53.53
2020-02-27,79.77
2020-02-28,137.52
2020-02-29,168.91
2020-03-01,198.43
2020-03-02,191.86
2020-03-03,108.82
2020-03-04,65.66
2020-03-05,108.44
2020-03-06,102.63
2020-03-07,125.31
2020-03-08,128.2
2020-03-09,169.5
2020-03-10,167.83
2020-03-11,158.25
2020-03-12,219.23
2020-03-13,178.48
2020-03-14,212.49
2020-03-15,154.9
2020-03-16,171.03
2020-03-17,195.79
2020-03-18,211.78
2020-03-19,227.07
2020-03-20,200.94
2020-03-21,166.05
2020-03-22,152.63
2020-03-23,115.42
2020-03-24,134.65
2020-03-25,136.28
2020-03-26,139.7
2020-03-27,165.09
2020-03-28,224.36
2020-03-29,211.55
2020-03-30,149.95
2020-03-31,232.55
2020-04-01,206.76
2020-04-02,215.27
2020-04-03,220.49
2020-04-04,148.29
2020-04-05,179.25
2020-04-06,137.99
2020-04-07,230.77
2020-04-08,190.7
2020-04-09,112.46
2020-04-10,115.1
2020-04-11,93.25
2020-04-12,126.06
2020-04-13,154.37
2020-04-14,152.8
2020-04-15,122.65
2020-04-16,54.22
2020-04-17,33.51
2020-04-18,26.17
2020-04-19,46.15
2020-04-20,31.08
2020-04-21,28.89
2020-04-22,35.06
2020-04-23,46.48
2020-04-24,29.46
2020-04-25,18.64
2020-04-26,30.65
2020-04-27,42.15
2020-04-28,39.31
2020-04-29,44.45
2020-04-30,36.16
2020-05-01,32.95
2020-05-02,36.19
2020-05-03,41.35
2020-05-04,44.71
2020-05-05,41.37
2020-05-06,33.11
2020-05-07,35.6
2020-05-08,52.66
2020-05-09,54.9
2020-05-10,69.53
2020-05-11,80.22
2020-05-12,72.78
2020-05-13,39.27
2020-05-14,30.16
2020-05-15,27.08
2020-05-16,29.4
2020-05-17,27.04
2020-05-18,65.9
2020-05-19,86.02
2020-05-20,65.67
2020-05-21,15.91
2020-05-22,37.4
2020-05-23,22.34
2020-05-24,18.58
2020-05-25,29.98
2020-05-26,15.15
2020-05-27,16.77
2020-05-28,28.91
2020-05-29,27.93
2020-05-30,41.14
2020-05-31,44.54
2020-06-01,39.27
2020-06-02,40.33
2020-06-03,30.52
2020-06-04,26.6
2020-06-05,25.37
2020-06-06,20.53
2020-06-07,30.78
2020-06-08,46.41
2020-06-09,51.03
2020-06-10,72.94
2020-06-11,69.88
2020-06-12,26.0
2020-06-13,29.81
2020-06-14,26.31
2020-06-15,27.58
2020-06-16,26.82
2020-06-17,17.95
2020-06-18,11.66
2020-06-19,21.4
2020-06-20,40.94
2020-06-21,34.82
2020-06-22,35.88
2020-06-23,34.18
2020-06-24,34.42
2020-06-25,31.55
2020-06-26,23.75
2020-06-27,25.71
2020-06-28,28.79
2020-06-29,33.14
2020-06-30,32.51
2020-07-01,53.0
2015-01-04,0.0
2015-01-05,0.0
2015-01-06,0.0
2015-01-07,0.0
2015-01-08,0.0
2015-01-09,0.0
2015-01-10,0.0
2015-01-11,0.0
2015-01-12,0.0
2015-01-13,0.0
2015-01-14,0.0
2015-01-15,0.0
2015-01-16,0.0
2015-01-17,0.0
2015-01-18,0.0
2015-01-19,0.0
2015-01-20,0.0
2015-01-21,0.0
2015-01-22,0.0
2015-01-23,0.0
2015-01-24,0.0
2015-01-25,0.0
2015-01-26,0.0
2015-01-27,0.0
2015-01-28,0.0
2015-01-29,0.0
2015-01-30,0.0
2015-01-31,0.0
2015-02-01,0.0
2015-02-02,0.0
2015-02-03,0.0
2015-02-04,0.0
2015-02-05,0.0
2015-02-06,0.0
2015-02-07,0.0
2015-02-08,0.0
2015-02-09,0.0
2015-02-10,0.0
2015-02-11,0.0
2015-02-12,0.0
2015-02-13,0.0
2015-02-14,0.0
2015-02-15,0.0
2015-02-16,0.0
2015-02-17,0.0
2015-02-18,0.0
2015-02-19,0.0
2015-02-20,0.0
2015-02-21,0.0
2015-02-22,0.0
2015-02-23,0.0
2015-02-24,0.0
2015-02-25,0.0
2015-02-26,0.0
2015-02-27,0.0
2015-02-28,0.0
2015-03-01,0.0
2015-03-02,0.0
2015-03-03,0.0
2015-03-04,0.0
2015-03-05,0.0
2015-03-06,0.0
2015-03-07,0.0
2015-03-08,0.0
2015-03-09,0.0
2015-03-10,0.0
2015-03-11,0.0
2015-03-12,0.0
2015-03-13,0.0
2015-03-14,0.0
2015-03-15,0.0
2015-03-16,0.0
2015-03-17,0.0
2015-03-18,0.0
2015-03-19,0.0
2015-03-20,0.0
2015-03-21,0.0
2015-03-22,0.0
2015-03-23,0.0
2015-03-24,0.0
2015-03-25,0.0
2015-03-26,0.0
2015-03-27,0.0
2015-03-28,0.0
2015-03-29,0.0
2015-03-30,0.0
2015-03-31,0.0
2015-04-01,0.0
2015-04-02,0.0
2015-04-03,0.0
2015-04-04,0.0
2015-04-05,0.0
2015-04-06,0.0
2015-04-07,0.0
2015-04-08,0.0
2015-04-09,0.0
2015-04-10,0.0
2015-04-11,0.0
2015-04-12,0.0
2015-04-13,0.0
2015-04-14,0.0
2015-04-15,0.0
2015-04-16,0.0
2015-04-17,0.0
2015-04-18,0.0
2015-04-19,0.0
2015-04-20,0.0
2015-04-21,0.0
2015-04-22,0.0
2015-04-23,0.0
2015-04-24,0.0
2015-04-25,0.0
2015-04-26,0.0
2015-04-27,0.0
2015-04-28,0.0
2015-04-29,0.0
2015-04-30,0.0
2015-05-01,0.0
2015-05-02,0.0
2015-05-03,0.0
2015-05-04,0.0
2015-05-05,0.0
2015-05-06,0.0
2015-05-07,0.0
2015-05-08,0.0
2015-05-09,0.0
2015-05-10,0.0
2015-05-11,0.0
2015-05-12,0.0
2015-05-13,0.0
2015-05-14,0.0
2015-05-15,0.0
2015-05-16,0.0
2015-05-17,0.0
2015-05-18,0.0
2015-05-19,0.0
2015-05-20,0.0
2015-05-21,0.0
2015-05-22,0.0
2015-05-23,0.0
2015-05-24,0.0
2015-05-25,0.0
2015-05-26,0.0
2015-05-27,0.0
2015-05-28,0.0
2015-05-29,0.0
2015-05-30,0.0
2015-05-31,0.0
2015-06-01,0.0
2015-06-02,0.0
2015-06-03,0.0
2015-06-04,0.0
2015-06-05,0.0
2015-06-06,0.0
2015-06-07,0.0
2015-06-08,0.0
2015-06-09,0.0
2015-06-10,0.0
2015-06-11,0.0
2015-06-12,0.0
2015-06-13,0.0
2015-06-14,0.0
2015-06-15,0.0
2015-06-16,0.0
2015-06-17,0.0
2015-06-18,0.0
2015-06-19,0.0
2015-06-20,0.0
2015-06-21,0.0
2015-06-22,0.0
2015-06-23,0.0
2015-06-24,0.0
2015-06-25,0.0
2015-06-26,0.0
2015-06-27,0.0
2015-06-28,0.0
2015-06-29,0.0
2015-06-30,0.0
2015-07-01,0.0
2015-07-02,0.0
2015-07-03,0.0
2015-07-04,0.0
2015-07-05,0.0
2015-07-06,0.0
2015-07-07,0.0
2015-07-08,0.0
2015-07-09,0.0
2015-07-10,0.0
2015-07-11,0.0
2015-07-12,0.0
2015-07-13,0.0
2015-07-14,0.0
2015-07-15,0.0
2015-07-16,0.0
2015-07-17,0.0
2015-07-18,0.0
2015-07-19,0.0
2015-07-20,0.0
2015-07-21,0.0
2015-07-22,0.0
2015-07-23,0.0
2015-07-24,0.0
2015-07-25,0.0
2015-07-26,0.0
2015-07-27,0.0
2015-07-28,0.0
2015-07-29,0.0
2015-07-30,0.0
2015-07-31,0.0
2015-08-01,0.0
2015-08-02,0.0
2015-08-03,0.0
2015-08-04,0.0
2015-08-05,0.0
2015-08-06,0.0
2015-08-07,0.0
2015-08-08,0.0
2015-08-09,0.0
2015-08-10,0.0
2015-08-11,0.0
2015-08-12,0.0
2015-08-13,0.0
2015-08-14,0.0
2015-08-15,0.0
2015-08-16,0.0
2015-08-17,0.0
2015-08-18,0.0
2015-08-19,0.0
2015-08-20,0.0
2015-08-21,0.0
2015-08-22,0.0
2015-08-23,0.0
2015-08-24,0.0
2015-08-25,0.0
2015-08-26,0.0
2015-08-27,0.0
2015-08-28,0.0
2015-08-29,0.0
2015-08-30,0.0
2015-08-31,0.0
2015-09-01,0.0
2015-09-02,93.0
2015-09-03,0.0
2015-09-04,0.0
2015-09-05,0.0
2015-09-06,64.55
2015-09-07,30.79
2015-09-08,32.94
2015-09-09,40.81
2015-09-10,44.89
2015-09-11,51.27
2015-09-12,41.31
2015-09-13,36.67
2015-09-14,35.28
2015-09-15,30.48
2015-09-16,37.06
2015-09-17,29.64
2015-09-18,0.0
2015-09-19,0.0
2015-09-20,0.0
2015-09-21,0.0
2015-09-22,0.0
2015-09-23,0.0
2015-09-24,0.0
2015-09-25,0.0
2015-09-26,0.0
2015-09-27,0.0
2015-09-28,0.0
2015-09-29,0.0
2015-09-30,0.0
2015-10-01,92.29
2015-10-02,76.0
2015-10-03,63.06
2015-10-04,59.29
2015-10-05,81.99
2015-10-06,108.82
2015-10-07,110.33
2015-10-08,110.09
2015-10-09,93.47
2015-10-10,81.48
2015-10-11,62.98
2015-10-12,94.07
2015-10-13,109.03
2015-10-14,105.62
2015-10-15,104.9
2015-10-16,116.1
2015-10-17,112.22
2015-10-18,107.16
2015-10-19,102.27
2015-10-20,116.14
2015-10-21,113.0
2015-10-22,116.0
2015-10-23,107.94
2015-10-24,104.98
2015-10-25,102.9
2015-10-26,101.17
2015-10-27,114.7
2015-10-28,97.96
2015-10-29,64.38
2015-10-30,82.97
2015-10-31,104.38
2015-11-01,94.33
2015-11-02,93.72
2015-11-03,97.74
2015-11-04,90.56
2015-11-05,90.53
2015-11-06,107.82
2015-11-07,105.81
2015-11-08,101.07
2015-11-09,118.33
2015-11-10,114.47
2015-11-11,115.5
2015-11-12,106.33
2015-11-13,111.94
2015-11-14,99.33
2015-11-15,100.62
2015-11-16,98.3
2015-11-17,107.15
2015-11-18,92.72
2015-11-19,102.3
2015-11-20,74.28
2015-11-21,106.93
2015-11-22,104.88
2015-11-23,98.22
2015-11-24,94.94
2015-11-25,112.36
2015-11-26,108.82
2015-11-27,115.67
2015-11-28,110.9
2015-11-29,109.51
2015-11-30,106.29
2015-12-01,102.51
2015-12-02,80.84
2015-12-03,98.69
2015-12-04,103.72
2015-12-05,109.53
2015-12-06,0.0
2015-12-07,105.66
2015-12-08,104.94
2015-12-09,104.11
2015-12-10,117.53
2015-12-11,64.47
2015-12-12,87.86
2015-12-13,93.23
2015-12-14,95.47
2015-12-15,98.14
2015-12-16,85.59
2015-12-17,81.25
2015-12-18,75.84
2015-12-19,103.29
2015-12-20,98.28
2015-12-21,82.51
2015-12-22,84.19
2015-12-23,83.4
2015-12-24,108.11
2015-12-25,94.0
2015-12-26,99.88
2015-12-27,97.83
2015-12-28,99.88
2015-12-29,98.43
2015-12-30,102.69
2015-12-31,98.01
2016-01-01,108.2
2016-01-02,111.72
2016-01-03,105.15
2016-01-04,109.29
2016-01-05,113.23
2016-01-06,105.67
2016-01-07,102.61
2016-01-08,100.47
2016-01-09,108.77
2016-01-10,101.26
2016-01-11,107.05
2016-01-12,103.49
2016-01-13,99.88
2016-01-14,98.54
2016-01-15,104.73
2016-01-16,93.52
2016-01-17,99.69
2016-01-18,82.25
2016-01-19,79.94
2016-01-20,102.17
2016-01-21,114.92
2016-01-22,103.09
2016-01-23,97.42
2016-01-24,105.01
2016-01-25,103.83
2016-01-26,101.29
2016-01-27,94.48
2016-01-28,103.98
2016-01-29,101.32
2016-01-30,95.96
2016-01-31,99.57
2016-02-01,104.62
2016-02-02,96.69
2016-02-03,100.26
2016-02-04,95.5
2016-02-05,107.67
2016-02-06,102.86
2016-02-07,101.15
2016-02-08,108.26
2016-02-09,106.72
2016-02-10,99.08
2016-02-11,109.31
2016-02-12,96.56
2016-02-13,102.95
2016-02-14,100.33
2016-02-15,98.59
2016-02-16,72.15
2016-02-17,121.88
2016-02-18,107.06
2016-02-19,91.3
2016-02-20,113.67
2016-02-21,94.0
2016-02-22,95.54
2016-02-23,107.3
2016-02-24,95.03
2016-02-25,101.93
2016-02-26,96.82
2016-02-27,80.62
2016-02-28,91.18
2016-02-29,93.99
2016-03-01,86.74
2016-03-02,98.72
2016-03-03,88.76
2016-03-04,99.76
2016-03-05,105.71
2016-03-06,96.52
2016-03-07,85.11
2016-03-08,75.47
2016-03-09,86.52
2016-03-10,98.21
2016-03-11,96.69
2016-03-12,109.62
2016-03-13,98.74
2016-03-14,96.78
2016-03-15,87.46
2016-03-16,83.28
2016-03-17,77.21
2016-03-18,98.88
2016-03-19,91.79
2016-03-20,98.55
2016-03-21,105.42
2016-03-22,103.22
2016-03-23,101.33
2016-03-24,105.96
2016-03-25,104.01
2016-03-26,106.24
2016-03-27,108.55
2016-03-28,111.27
2016-03-29,101.14
2016-03-30,95.45
2016-03-31,89.56
2016-04-01,99.89
2016-04-02,100.69
2016-04-03,100.96
2016-04-04,104.14
2016-04-05,116.28
2016-04-06,114.32
2016-04-07,96.54
2016-04-08,84.57
2016-04-09,70.0
2016-04-10,75.69
2016-04-11,100.44
2016-04-12,87.94
2016-04-13,98.92
2016-04-14,109.42
2016-04-15,102.11
2016-04-16,96.84
2016-04-17,95.59
2016-04-18,108.24
2016-04-19,78.68
2016-04-20,93.9
2016-04-21,87.02
2016-04-22,103.25
2016-04-23,93.08
2016-04-24,0.0
2016-04-25,89.62
2016-04-26,109.0
2016-04-27,108.3
2016-04-28,89.26
2016-04-29,85.11
2016-04-30,76.71
2016-05-01,107.77
2016-05-02,84.02
2016-05-03,87.52
2016-05-04,56.02
2016-05-05,60.54
2016-05-06,66.45
2016-05-07,94.11
2016-05-08,50.94
2016-05-09,82.05
2016-05-10,56.0
2016-05-11,81.89
2016-05-12,96.09
2016-05-13,82.71
2016-05-14,90.98
2016-05-15,65.19
2016-05-16,73.3
2016-05-17,66.3
2016-05-18,72.39
2016-05-19,68.51
2016-05-20,53.7
2016-05-21,71.8
2016-05-22,87.0
2016-05-23,66.12
2016-05-24,72.51
2016-05-25,67.89
2016-05-26,44.45
2016-05-27,57.84
2016-05-28,63.82
2016-05-29,76.71
2016-05-30,0.0
2016-05-31,0.0
2016-06-01,0.0
2016-06-02,0.0
2016-06-03,0.0
2016-06-04,0.0
2016-06-05,0.0
2016-06-06,0.0
2016-06-07,0.0
2016-06-08,0.0
2016-06-09,0.0
2016-06-10,0.0
2016-06-11,0.0
2016-06-12,0.0
2016-06-13,0.0
2016-06-14,0.0
2016-06-15,0.0
2016-06-16,0.0
2016-06-17,0.0
2016-06-18,0.0
2016-06-19,0.0
2016-06-20,0.0
2016-06-21,0.0
2016-06-22,0.0
2016-06-23,0.0
2016-06-24,0.0
2016-06-25,0.0
2016-06-26,0.0
2016-06-27,0.0
2016-06-28,0.0
2016-06-29,0.0
2016-06-30,0.0
2016-07-01,0.0
2016-07-02,0.0
2016-07-03,0.0
2016-07-04,0.0
2016-07-05,0.0
2016-07-06,0.0
2016-07-07,0.0
2016-07-08,0.0
2016-07-09,0.0
2016-07-10,0.0
2016-07-11,0.0
2016-07-12,0.0
2016-07-13,0.0
2016-07-14,0.0
2016-07-15,0.0
2016-07-16,0.0
2016-07-17,0.0
2016-07-18,0.0
2016-07-19,0.0
2016-07-20,0.0
2016-07-21,0.0
2016-07-22,0.0
2016-07-23,0.0
2016-07-24,0.0
2016-07-25,0.0
2016-07-26,0.0
2016-07-27,0.0
2016-07-28,0.0
2016-07-29,0.0
2016-07-30,0.0
2016-07-31,0.0
2016-08-01,0.0
2016-08-02,0.0
2016-08-03,0.0
2016-08-04,0.0
2016-08-05,0.0
2016-08-06,0.0
2016-08-07,0.0
2016-08-08,0.0
2016-08-09,41.75
2016-08-10,38.77
2016-08-11,26.51
2016-08-12,0.0
2016-08-13,0.0
2016-08-14,0.0
2016-08-15,0.0
2016-08-16,0.0
2016-08-17,0.0
2016-08-18,0.0
2016-08-19,0.0
2016-08-20,0.0
2016-08-21,0.0
2016-08-22,0.0
2016-08-23,0.0
2016-08-24,0.0
2016-08-25,0.0
2016-08-26,0.0
2016-08-27,0.0
2016-08-28,0.0
2016-08-29,0.0
2016-08-30,0.0
2016-08-31,0.0
2016-09-01,46.57
2016-09-02,28.63
2016-09-03,30.27
2016-09-04,62.17
2016-09-05,65.0
2016-09-06,87.32
2016-09-07,99.05
2016-09-08,82.86
2016-09-09,103.41
2016-09-10,82.11
2016-09-11,59.97
2016-09-12,69.68
2016-09-13,43.26
2016-09-14,46.02
2016-09-15,36.7
2016-09-16,22.54
2016-09-17,21.44
2016-09-18,0.0
2016-09-19,24.83
2016-09-20,21.82
2016-09-21,31.93
2016-09-22,34.21
2016-09-23,11.0
2016-09-24,21.72
2016-09-25,37.15
2016-09-26,71.78
2016-09-27,76.67
2016-09-28,91.44
2016-09-29,103.83
2016-09-30,101.49
2016-10-01,31.02
2016-10-02,24.85
2016-10-03,33.72
2016-10-04,35.51
2016-10-05,32.3
2016-10-06,52.36
2016-10-07,57.53
2016-10-08,37.54
2016-10-09,45.38
2016-10-10,94.08
2016-10-11,0.0
2016-10-12,108.27
2016-10-13,99.86
2016-10-14,94.36
2016-10-15,101.0
2016-10-16,104.28
2016-10-17,94.42
2016-10-18,94.51
2016-10-19,101.67
2016-10-20,106.2
2016-10-21,100.29
2016-10-22,108.28
2016-10-23,106.91
2016-10-24,108.26
2016-10-25,103.01
2016-10-26,105.64
2016-10-27,101.48
2016-10-28,99.01
2016-10-29,104.96
2016-10-30,97.16
2016-10-31,84.2
2016-11-01,106.62
2016-11-02,100.92
2016-11-03,97.54
2016-11-04,101.16
2016-11-05,100.75
2016-11-06,104.57
2016-11-07,112.8
2016-11-08,107.1
2016-11-09,103.8
2016-11-10,106.32
2016-11-11,97.74
2016-11-12,104.38
2016-11-13,98.46
2016-11-14,99.72
2016-11-15,102.5
2016-11-16,101.38
2016-11-17,103.32
2016-11-18,95.29
2016-11-19,98.96
2016-11-20,96.5
2016-11-21,85.33
2016-11-22,89.17
2016-11-23,91.64
2016-11-24,95.85
2016-11-25,102.09
2016-11-26,90.29
2016-11-27,98.75
2016-11-28,103.2
2016-11-29,95.5
2016-11-30,95.61
2016-12-01,97.97
2016-12-02,101.59
2016-12-03,89.69
2016-12-04,94.88
2016-12-05,104.04
2016-12-06,100.21
2016-12-07,91.26
2016-12-08,102.1
2016-12-09,106.83
2016-12-10,103.12
2016-12-11,97.38
2016-12-12,104.26
2016-12-13,103.88
2016-12-14,62.82
2016-12-15,93.83
2016-12-16,96.25
2016-12-17,95.79
2016-12-18,94.68
2016-12-19,96.74
2016-12-20,94.81
2016-12-21,95.55
2016-12-22,96.04
2016-12-23,95.54
2016-12-24,103.11
2016-12-25,103.5
2016-12-26,99.82
2016-12-27,92.67
2016-12-28,101.25
2016-12-29,98.82
2016-12-30,104.8
2016-12-31,110.38
2017-01-01,100.46
2017-01-02,80.12
2017-01-03,132.09
2017-01-04,197.89
2017-01-05,162.27
2017-01-06,147.99
2017-01-07,104.25
2017-01-08,100.56
2017-01-09,80.46
2017-01-10,112.53
2017-01-11,168.93
2017-01-12,212.64
2017-01-13,166.25
2017-01-14,114.17
2017-01-15,120.38
2017-01-16,140.24
2017-01-17,116.31
2017-01-18,81.16
2017-01-19,109.2
2017-01-20,135.24
2017-01-21,137.83
2017-01-22,111.85
2017-01-23,150.97
2017-01-24,148.62
2017-01-25,144.81
2017-01-26,108.56
2017-01-27,100.4
2017-01-28,131.75
2017-01-29,157.28
2017-01-30,124.01
2017-01-31,115.66
2017-02-01,87.45
2017-02-02,96.1
2017-02-03,109.98
2017-02-04,141.85
2017-02-05,117.29
2017-02-06,136.36
2017-02-07,188.21
2017-02-08,163.13
2017-02-09,134.14
2017-02-10,108.1
2017-02-11,0.0
2017-02-12,0.0
2017-02-13,99.1
2017-02-14,115.04
2017-02-15,129.76
2017-02-16,173.28
2017-02-17,203.34
2017-02-18,197.99
2017-02-19,163.83
2017-02-20,157.84
2017-02-21,144.79
2017-02-22,167.51
2017-02-23,184.43
2017-02-24,178.16
2017-02-25,198.07
2017-02-26,163.99
2017-02-27,148.99
2017-02-28,177.21
2017-03-01,161.94
2017-03-02,130.83
2017-03-03,87.02
2017-03-04,90.8
2017-03-05,69.14
2017-03-06,106.15
2017-03-07,80.09
2017-03-08,118.95
2017-03-09,189.5
2017-03-10,89.71
2017-03-11,111.84
2017-03-12,146.18
2017-03-13,181.89
2017-03-14,132.94
2017-03-15,57.52
2017-03-16,44.62
2017-03-17,118.8
2017-03-18,186.0
2017-03-19,216.97
2017-03-20,186.28
2017-03-21,191.22
2017-03-22,175.69
2017-03-23,158.98
2017-03-24,135.47
2017-03-25,148.34
2017-03-26,152.69
2017-03-27,144.64
2017-03-28,128.17
2017-03-29,117.75
2017-03-30,122.96
2017-03-31,119.32
2017-04-01,117.72
2017-04-02,144.41
2017-04-03,125.87
2017-04-04,105.3
2017-04-05,98.46
2017-04-06,118.21
2017-04-07,119.71
2017-04-08,186.2
2017-04-09,193.33
2017-04-10,184.29
2017-04-11,235.99
2017-04-12,485.88
2017-04-13,161.14
2017-04-14,155.57
2017-04-15,161.11
2017-04-16,172.7
2017-04-17,221.35
2017-04-18,219.74
2017-04-19,157.84
2017-04-20,155.18
2017-04-21,146.01
2017-04-22,173.04
2017-04-23,187.29
2017-04-24,195.54
2017-04-25,186.41
2017-04-26,178.52
2017-04-27,195.29
2017-04-28,90.98
2017-04-29,97.09
2017-04-30,71.82
2017-05-01,68.79
2017-05-02,70.91
2017-05-03,85.68
2017-05-04,111.88
2017-05-05,113.26
2017-05-06,89.14
2017-05-07,80.54
2017-05-08,82.02
2017-05-09,91.33
2017-05-10,71.48
2017-05-11,66.24
2017-05-12,77.97
2017-05-13,94.82
2017-05-14,101.34
2017-05-15,80.34
2017-05-16,108.52
2017-05-17,102.58
2017-05-18,159.97
2017-05-19,153.81
2017-05-20,143.04
2017-05-21,119.47
2017-05-22,117.36
2017-05-23,173.1
2017-05-24,177.19
2017-05-25,115.26
2017-05-26,135.42
2017-05-27,79.38
2017-05-28,79.05
2017-05-29,78.46
2017-05-30,78.58
2017-05-31,45.33
2017-06-01,35.01
2017-06-02,45.45
2017-06-03,42.98
2017-06-04,40.42
2017-06-05,54.35
2017-06-06,57.12
2017-06-07,31.28
2017-06-08,27.93
2017-06-09,39.07
2017-06-10,21.21
2017-06-11,18.39
2017-06-12,11.67
2017-06-13,16.59
2017-06-14,42.88
2017-06-15,30.33
2017-06-16,21.19
2017-06-17,35.43
2017-06-18,33.71
2017-06-19,18.66
2017-06-20,23.73
2017-06-21,29.59
2017-06-22,39.16
2017-06-23,37.59
2017-06-24,39.43
2017-06-25,37.65
2017-06-26,38.79
2017-06-27,36.34
2017-06-28,29.13
2017-06-29,39.46
2017-06-30,53.54
2017-07-01,42.56
2017-07-02,37.86
2017-07-03,46.69
2017-07-04,48.65
2017-07-05,37.0
2017-07-06,45.03
2017-07-07,43.48
2017-07-08,55.27
2017-07-09,47.47
2017-07-10,39.94
2017-07-11,59.13
2017-07-12,47.25
2017-07-13,42.92
2017-07-14,35.06
2017-07-15,63.46
2017-07-16,34.05
2017-07-17,27.38
2017-07-18,18.17
2017-07-19,14.48
2017-07-20,16.81
2017-07-21,34.66
2017-07-22,53.26
2017-07-23,66.76
2017-07-24,52.3
2017-07-25,56.61
2017-07-26,61.4
2017-07-27,49.0
2017-07-28,41.75
2017-07-29,47.66
2017-07-30,60.16
2017-07-31,57.47
2017-08-01,49.6
2017-08-02,54.83
2017-08-03,34.3
2017-08-04,44.95
2017-08-05,64.87
2017-08-06,80.57
2017-08-07,81.09
2017-08-08,68.32
2017-08-09,43.45
2017-08-10,32.93
2017-08-11,44.97
2017-08-12,36.13
2017-08-13,37.86
2017-08-14,40.24
2017-08-15,44.14
2017-08-16,56.17
2017-08-17,76.01
2017-08-18,80.23
2017-08-19,36.53
2017-08-20,10.54
2017-08-21,26.2
2017-08-22,37.28
2017-08-23,54.16
2017-08-24,60.91
2017-08-25,32.41
2017-08-26,21.88
2017-08-27,22.77
2017-08-28,12.31
2017-08-29,11.4
2017-08-30,33.08
2017-08-31,49.77
2017-09-01,63.66
2017-09-02,75.72
2017-09-03,37.21
2017-09-04,49.36
2017-09-05,62.12
2017-09-06,70.96
2017-09-07,80.64
2017-09-08,58.94
2017-09-09,57.8
2017-09-10,41.91
2017-09-11,30.25
2017-09-12,27.36
2017-09-13,36.34
2017-09-14,17.55
2017-09-15,27.69
2017-09-16,19.92
2017-09-17,27.18
2017-09-18,16.29
2017-09-19,19.23
2017-09-20,24.64
2017-09-21,28.99
2017-09-22,35.75
2017-09-23,63.17
2017-09-24,108.57
2017-09-25,87.46
2017-09-26,98.84
2017-09-27,108.16
2017-09-28,74.16
2017-09-29,58.36
2017-09-30,61.2
2017-10-01,50.52
2017-10-02,31.41
2017-10-03,36.84
2017-10-04,77.06
2017-10-05,89.52
2017-10-06,54.04
2017-10-07,46.38
2017-10-08,42.02
2017-10-09,41.72
2017-10-10,46.53
2017-10-11,51.78
2017-10-12,69.1
2017-10-13,39.46
2017-10-14,60.37
2017-10-15,61.1
2017-10-16,154.52
2017-10-17,133.53
2017-10-18,137.82
2017-10-19,144.81
2017-10-20,112.82
2017-10-21,105.44
2017-10-22,98.82
2017-10-23,83.34
2017-10-24,97.66
2017-10-25,159.54
2017-10-26,139.05
2017-10-27,146.09
2017-10-28,163.27
2017-10-29,147.82
2017-10-30,0.0
2017-10-31,141.15
2017-11-01,149.12
2017-11-02,141.02
2017-11-03,126.96
2017-11-04,97.93
2017-11-05,68.47
2017-11-06,67.08
2017-11-07,81.64
2017-11-08,82.74
2017-11-09,84.55
2017-11-10,83.57
2017-11-11,115.98
2017-11-12,109.26
2017-11-13,107.88
2017-11-14,118.47
2017-11-15,100.21
2017-11-16,82.13
2017-11-17,80.34
2017-11-18,71.59
2017-11-19,77.41
2017-11-20,89.51
2017-11-21,87.99
2017-11-22,75.97
2017-11-23,88.36
2017-11-24,125.61
2017-11-25,133.01
2017-11-26,137.59
2017-11-27,145.39
2017-11-28,144.06
2017-11-29,122.5
2017-11-30,121.51
2017-12-01,128.64
2017-12-02,123.66
2017-12-03,125.86
2017-12-04,119.15
2017-12-05,96.64
2017-12-06,85.9
2017-12-07,127.59
2017-12-08,153.15
2017-12-09,149.05
2017-12-10,108.63
2017-12-11,117.26
2017-12-12,140.38
2017-12-13,136.56
2017-12-14,120.92
2017-12-15,119.88
2017-12-16,131.11
2017-12-17,142.76
2017-12-18,143.78
2017-12-19,130.67
2017-12-20,152.17
2017-12-21,148.17
2017-12-22,162.0
2017-12-23,170.76
2017-12-24,156.46
2017-12-25,144.94
2017-12-26,151.9
2017-12-27,129.4
2017-12-28,139.18
2017-12-29,152.12
2017-12-30,132.99
2017-12-31,126.76
2018-01-01,119.64
2018-01-02,135.87
2018-01-03,149.51
2018-01-04,164.76
2018-01-05,160.28
2018-01-06,150.95
2018-01-07,144.54
2018-01-08,141.46
2018-01-09,160.44
2018-01-10,158.74
2018-01-11,162.88
2018-01-12,159.96
2018-01-13,157.0
2018-01-14,141.02
2018-01-15,115.26
2018-01-16,126.51
2018-01-17,128.06
2018-01-18,141.85
2018-01-19,139.54
2018-01-20,143.85
2018-01-21,140.77
2018-01-22,142.1
2018-01-23,117.57
2018-01-24,131.41
2018-01-25,155.17
2018-01-26,155.11
2018-01-27,156.79
2018-01-28,145.17
2018-01-29,149.79
2018-01-30,152.71
2018-01-31,141.76
2018-02-01,129.95
2018-02-02,120.39
2018-02-03,115.8
2018-02-04,105.44
2018-02-05,112.02
2018-02-06,124.69
2018-02-07,135.34
2018-02-08,105.04
2018-02-09,116.97
2018-02-10,119.66
2018-02-11,88.76
2018-02-12,87.6
2018-02-13,85.63
2018-02-14,100.95
2018-02-15,118.54
2018-02-16,116.94
2018-02-17,121.32
2018-02-18,126.08
2018-02-19,112.55
2018-02-20,101.62
2018-02-21,118.2
2018-02-22,131.06
2018-02-23,125.93
2018-02-24,112.47
2018-02-25,105.66
2018-02-26,119.73
2018-02-27,123.59
2018-02-28,139.53
2018-03-01,127.04
2018-03-02,120.49
2018-03-03,122.0
2018-03-04,116.74
2018-03-05,111.76
2018-03-06,104.93
2018-03-07,101.89
2018-03-08,114.59
2018-03-09,120.43
2018-03-10,133.3
2018-03-11,108.18
2018-03-12,96.19
2018-03-13,87.82
2018-03-14,101.24
2018-03-15,103.11
2018-03-16,134.44
2018-03-17,78.33
2018-03-18,71.63
2018-03-19,92.55
2018-03-20,102.17
2018-03-21,118.46
2018-03-22,139.34
2018-03-23,146.7
2018-03-24,149.81
2018-03-25,150.7
2018-03-26,126.86
2018-03-27,124.78
2018-03-28,113.07
2018-03-29,135.91
2018-03-30,114.81
2018-03-31,112.36
2018-04-01,89.8
2018-04-02,75.96
2018-04-03,97.31
2018-04-04,91.88
2018-04-05,86.82
2018-04-06,103.01
2018-04-07,79.03
2018-04-08,61.55
2018-04-09,91.86
2018-04-10,97.46
2018-04-11,72.09
2018-04-12,79.04
2018-04-13,66.21
2018-04-14,58.22
2018-04-15,63.54
2018-04-16,103.38
2018-04-17,90.45
2018-04-18,92.25
2018-04-19,118.3
2018-04-20,120.61
2018-04-21,139.55
2018-04-22,110.65
2018-04-23,80.06
2018-04-24,95.19
2018-04-25,86.24
2018-04-26,92.67
2018-04-27,99.47
2018-04-28,86.22
2018-04-29,95.6
2018-04-30,106.84
2018-05-01,133.09
2018-05-02,95.82
2018-05-03,86.12
2018-05-04,48.18
2018-05-05,68.37
2018-05-06,81.65
2018-05-07,93.43
2018-05-08,110.15
2018-05-09,101.87
2018-05-10,74.91
2018-05-11,80.97
2018-05-12,81.54
2018-05-13,76.51
2018-05-14,67.84
2018-05-15,46.54
2018-05-16,90.88
2018-05-17,103.29
2018-05-18,88.67
2018-05-19,136.63
2018-05-20,106.87
2018-05-21,137.04
2018-05-22,108.84
2018-05-23,122.16
2018-05-24,93.09
2018-05-25,108.46
2018-05-26,67.93
2018-05-27,69.28
2018-05-28,76.56
2018-05-29,91.62
2018-05-30,80.59
2018-05-31,83.68
2018-06-01,77.09
2018-06-02,63.45
2018-06-03,73.89
2018-06-04,64.8
2018-06-05,67.42
2018-06-06,62.83
2018-06-07,25.82
2018-06-08,33.87
2018-06-09,42.57
2018-06-10,32.8
2018-06-11,55.94
2018-06-12,88.06
2018-06-13,89.47
2018-06-14,92.58
2018-06-15,86.25
2018-06-16,63.65
2018-06-17,66.18
2018-06-18,48.97
2018-06-19,29.85
2018-06-20,26.79
2018-06-21,33.35
2018-06-22,45.55
2018-06-23,34.46
2018-06-24,37.87
2018-06-25,41.38
2018-06-26,41.54
2018-06-27,46.04
2018-06-28,50.36
2018-06-29,57.2
2018-06-30,57.03
2018-07-01,39.49
2018-07-02,42.25
2018-07-03,41.16
2018-07-04,58.87
2018-07-05,40.07
2018-07-06,48.6
2018-07-07,51.43
2018-07-08,45.9
2018-07-09,36.37
2018-07-10,44.03
2018-07-11,45.74
2018-07-12,16.09
2018-07-13,26.26
2018-07-14,40.97
2018-07-15,39.28
2018-07-16,20.0
2018-07-17,26.59
2018-07-18,36.01
2018-07-19,38.34
2018-07-20,32.59
2018-07-21,51.45
2018-07-22,54.49
2018-07-23,53.6
2018-07-24,44.78
2018-07-25,53.74
2018-07-26,42.62
2018-07-27,43.56
2018-07-28,55.98
2018-07-29,74.2
2018-07-30,84.97
2018-07-31,66.84
2018-08-01,75.6
2018-08-02,76.03
2018-08-03,101.48
2018-08-04,76.16
2018-08-05,55.76
2018-08-06,71.45
2018-08-07,55.72
2018-08-08,46.48
2018-08-09,37.67
2018-08-10,41.09
2018-08-11,29.84
2018-08-12,28.35
2018-08-13,24.68
2018-08-14,46.65
2018-08-15,68.81
2018-08-16,10.87
2018-08-17,46.57
2018-08-18,41.14
2018-08-19,34.82
2018-08-20,31.47
2018-08-21,23.02
2018-08-22,29.62
2018-08-23,38.94
2018-08-24,56.52
2018-08-25,55.37
2018-08-26,45.18
2018-08-27,40.27
2018-08-28,45.72
2018-08-29,64.42
2018-08-30,82.96
2018-08-31,75.11
2018-09-01,71.26
2018-09-02,47.92
2018-09-03,39.37
2018-09-04,66.88
2018-09-05,87.39
2018-09-06,83.21
2018-09-07,79.97
2018-09-08,55.67
2018-09-09,91.9
2018-09-10,94.94
2018-09-11,66.55
2018-09-12,53.38
2018-09-13,77.55
2018-09-14,85.86
2018-09-15,89.53
2018-09-16,89.05
2018-09-17,61.65
2018-09-18,63.97
2018-09-19,84.63
2018-09-20,97.71
2018-09-21,78.9
2018-09-22,58.1
2018-09-23,62.49
2018-09-24,68.68
2018-09-25,86.95
2018-09-26,107.41
2018-09-27,78.57
2018-09-28,99.06
2018-09-29,107.62
2018-09-30,129.23
2018-10-01,122.8
2018-10-02,80.37
2018-10-03,79.0
2018-10-04,85.85
2018-10-05,103.38
2018-10-06,136.25
2018-10-07,139.95
2018-10-08,144.33
2018-10-09,146.71
2018-10-10,150.65
2018-10-11,148.36
2018-10-12,132.24
2018-10-13,130.27
2018-10-14,111.45
2018-10-15,107.55
2018-10-16,90.41
2018-10-17,53.89
2018-10-18,57.72
2018-10-19,80.57
2018-10-20,128.56
2018-10-21,131.27
2018-10-22,144.33
2018-10-23,139.91
2018-10-24,125.13
2018-10-25,124.74
2018-10-26,123.62
2018-10-27,145.22
2018-10-28,134.88
2018-10-29,130.4
2018-10-30,121.32
2018-10-31,120.91
2018-11-01,109.17
2018-11-02,76.12
2018-11-03,59.8
2018-11-04,48.95
2018-11-05,68.87
2018-11-06,94.97
2018-11-07,103.16
2018-11-08,109.93
2018-11-09,125.75
2018-11-10,136.07
2018-11-11,129.81
2018-11-12,148.54
2018-11-13,150.01
2018-11-14,159.01
2018-11-15,140.37
2018-11-16,115.57
2018-11-17,59.77
2018-11-18,50.4
2018-11-19,61.77
2018-11-20,112.36
2018-11-21,139.98
2018-11-22,137.89
2018-11-23,147.11
2018-11-24,155.13
2018-11-25,149.67
2018-11-26,150.75
2018-11-27,152.94
2018-11-28,155.16
2018-11-29,153.14
2018-11-30,145.96
2018-12-01,147.06
2018-12-02,145.82
2018-12-03,145.29
2018-12-04,147.65
2018-12-05,118.13
2018-12-06,111.3
2018-12-07,92.8
2018-12-08,122.93
2018-12-09,131.2
2018-12-10,132.25
2018-12-11,145.09
2018-12-12,134.84
2018-12-13,123.7
2018-12-14,119.8
2018-12-15,134.26
2018-12-16,149.24
2018-12-17,95.42
2018-12-18,34.08
2018-12-19,62.25
2018-12-20,93.15
2018-12-21,107.95
2018-12-22,139.71
2018-12-23,138.69
2018-12-24,154.46
2018-12-25,149.61
2018-12-26,119.15
2018-12-27,134.16
2018-12-28,138.43
2018-12-29,140.93
2018-12-30,142.41
2018-12-31,136.91
2019-01-01,143.42
2019-01-02,153.99
2019-01-03,146.69
2019-01-04,158.34
2019-01-05,140.13
2019-01-06,153.78
2019-01-07,157.71
2019-01-08,165.61
2019-01-09,164.93
2019-01-10,161.34
2019-01-11,143.85
2019-01-12,146.0
2019-01-13,120.93
2019-01-14,132.9
2019-01-15,145.13
2019-01-16,150.46
2019-01-17,156.89
2019-01-18,154.77
2019-01-19,159.37
2019-01-20,148.16
2019-01-21,129.97
2019-01-22,93.9
2019-01-23,106.81
2019-01-24,112.52
2019-01-25,80.89
2019-01-26,62.98
2019-01-27,74.22
2019-01-28,104.9
2019-01-29,114.66
2019-01-30,118.88
2019-01-31,121.95
2019-02-01,115.34
2019-02-02,117.17
2019-02-03,107.15
2019-02-04,115.35
2019-02-05,120.36
2019-02-06,130.57
2019-02-07,110.45
2019-02-08,133.58
2019-02-09,157.47
2019-02-10,162.47
2019-02-11,119.01
2019-02-12,119.19
2019-02-13,137.41
2019-02-14,128.51
2019-02-15,86.91
2019-02-16,103.18
2019-02-17,94.43
2019-02-18,136.33
2019-02-19,113.45
2019-02-20,79.95
2019-02-21,89.56
2019-02-22,107.69
2019-02-23,133.36
2019-02-24,104.32
2019-02-25,119.44
2019-02-26,136.81
2019-02-27,126.1
2019-02-28,127.96
2019-03-01,129.12
2019-03-02,72.5
2019-03-03,68.92
2019-03-04,95.61
2019-03-05,160.94
2019-03-06,160.54
2019-03-07,166.23
2019-03-08,154.68
2019-03-09,118.38
2019-03-10,108.68
2019-03-11,95.23
2019-03-12,105.87
2019-03-13,112.41
2019-03-14,110.33
2019-03-15,121.89
2019-03-16,110.0
2019-03-17,95.18
2019-03-18,102.44
2019-03-19,74.26
2019-03-20,94.54
2019-03-21,90.51
2019-03-22,86.97
2019-03-23,111.13
2019-03-24,118.89
2019-03-25,117.86
2019-03-26,123.44
2019-03-27,115.06
2019-03-28,136.99
2019-03-29,146.25
2019-03-30,140.7
2019-03-31,137.92
2019-04-01,115.93
2019-04-02,119.4
2019-04-03,116.3
2019-04-04,104.02
2019-04-05,84.24
2019-04-06,80.2
2019-04-07,79.56
2019-04-08,85.8
2019-04-09,99.2
2019-04-10,105.98
2019-04-11,73.52
2019-04-12,98.89
2019-04-13,82.36
2019-04-14,102.32
2019-04-15,97.74
2019-04-16,111.85
2019-04-17,87.34
2019-04-18,109.83
2019-04-19,67.2
2019-04-20,60.36
2019-04-21,59.67
2019-04-22,61.15
2019-04-23,83.12
2019-04-24,81.6
2019-04-25,98.68
2019-04-26,116.45
2019-04-27,134.45
2019-04-28,112.97
2019-04-29,98.53
2019-04-30,101.79
2019-05-01,111.66
2019-05-02,141.06
2019-05-03,146.83
2019-05-04,123.19
2019-05-05,126.81
2019-05-06,135.12
2019-05-07,152.18
2019-05-08,152.96
2019-05-09,139.1
2019-05-10,139.05
2019-05-11,136.64
2019-05-12,95.62
2019-05-13,108.46
2019-05-14,105.12
2019-05-15,110.8
2019-05-16,102.17
2019-05-17,123.1
2019-05-18,144.54
2019-05-19,158.9
2019-05-20,124.74
2019-05-21,114.83
2019-05-22,94.33
2019-05-23,111.01
2019-05-24,92.55
2019-05-25,128.82
2019-05-26,144.06
2019-05-27,124.03
2019-05-28,128.79
2019-05-29,148.7
2019-05-30,120.31
2019-05-31,107.63
2019-06-01,95.7
2019-06-02,127.37
2019-06-03,71.14
2019-06-04,54.95
2019-06-05,92.7
2019-06-06,104.77
2019-06-07,68.55
2019-06-08,65.33
2019-06-09,67.58
2019-06-10,54.49
2019-06-11,38.63
2019-06-12,31.33
2019-06-13,28.99
2019-06-14,40.79
2019-06-15,62.18
2019-06-16,61.02
2019-06-17,73.19
2019-06-18,62.52
2019-06-19,63.26
2019-06-20,56.2
2019-06-21,64.68
2019-06-22,40.82
2019-06-23,48.17
2019-06-24,48.67
2019-06-25,52.03
2019-06-26,38.92
2019-06-27,25.11
2019-06-28,21.02
2019-06-29,24.02
2019-06-30,35.16
2019-07-01,38.86
2019-07-02,29.98
2019-07-03,45.27
2019-07-04,38.88
2019-07-05,33.26
2019-07-06,38.56
2019-07-07,37.91
2019-07-08,44.22
2019-07-09,34.76
2019-07-10,31.67
2019-07-11,39.46
2019-07-12,39.59
2019-07-13,34.14
2019-07-14,42.52
2019-07-15,40.84
2019-07-16,72.98
2019-07-17,61.44
2019-07-18,83.02
2019-07-19,73.21
2019-07-20,38.84
2019-07-21,36.16
2019-07-22,37.69
2019-07-23,27.42
2019-07-24,33.46
2019-07-25,34.31
2019-07-26,37.9
2019-07-27,32.82
2019-07-28,32.98
2019-07-29,24.55
2019-07-30,16.54
2019-07-31,24.67
2019-08-01,22.89
2019-08-02,14.41
2019-08-03,12.53
2019-08-04,12.61
2019-08-05,16.23
2019-08-06,21.56
2019-08-07,20.37
2019-08-08,31.7
2019-08-09,36.39
2019-08-10,36.04
2019-08-11,49.51
2019-08-12,66.23
2019-08-13,83.11
2019-08-14,65.91
2019-08-15,52.66
2019-08-16,56.16
2019-08-17,78.62
2019-08-18,96.6
2019-08-19,75.83
2019-08-20,86.73
2019-08-21,79.58
2019-08-22,56.42
2019-08-23,61.82
2019-08-24,48.14
2019-08-25,36.89
2019-08-26,51.14
2019-08-27,65.41
2019-08-28,62.16
2019-08-29,53.81
2019-08-30,35.21
2019-08-31,26.77
2019-09-01,19.79
2019-09-02,31.72
2019-09-03,25.24
2019-09-04,22.06
2019-09-05,23.81
2019-09-06,26.23
2019-09-07,26.13
2019-09-08,23.28
2019-09-09,31.13
2019-09-10,39.67
2019-09-11,52.44
2019-09-12,54.59
2019-09-13,39.18
2019-09-14,43.73
2019-09-15,44.63
2019-09-16,63.7
2019-09-17,65.7
2019-09-18,47.59
2019-09-19,42.83
2019-09-20,35.92
2019-09-21,56.75
2019-09-22,56.52
2019-09-23,62.68
2019-09-24,45.66
2019-09-25,34.73
2019-09-26,37.11
2019-09-27,30.07
2019-09-28,47.6
2019-09-29,65.29
2019-09-30,65.51
2019-10-01,62.5
2019-10-02,69.4
2019-10-03,72.14
2019-10-04,70.39
2019-10-05,75.69
2019-10-06,65.7
2019-10-07,81.52
2019-10-08,83.53
2019-10-09,79.18
2019-10-10,64.26
2019-10-11,56.51
2019-10-12,61.3
2019-10-13,61.96
2019-10-14,94.89
2019-10-15,100.99
2019-10-16,104.37
2019-10-17,94.64
2019-10-18,52.38
2019-10-19,54.35
2019-10-20,51.18
2019-10-21,46.72
2019-10-22,71.08
2019-10-23,70.86
2019-10-24,43.48
2019-10-25,56.62
2019-10-26,42.64
2019-10-27,51.1
2019-10-28,94.5
2019-10-29,74.5
2019-10-30,72.97
2019-10-31,51.57
2019-11-01,54.11
2019-11-02,70.0
2019-11-03,84.04
2019-11-04,115.79
2019-11-05,157.6
2019-11-06,155.75
2019-11-07,125.56
2019-11-08,129.17
2019-11-09,146.94
2019-11-10,133.78
2019-11-11,122.21
2019-11-12,111.69
2019-11-13,120.38
2019-11-14,124.6
2019-11-15,130.32
2019-11-16,134.25
2019-11-17,135.59
2019-11-18,153.76
2019-11-19,159.66
2019-11-20,153.06
2019-11-21,137.03
2019-11-22,143.27
2019-11-23,146.29
2019-11-24,147.9
2019-11-25,152.32
2019-11-26,147.41
2019-11-27,141.73
2019-11-28,141.9
2019-11-29,117.76
2019-11-30,129.5
2019-12-01,115.41
2019-12-02,78.45
2019-12-03,80.56
2019-12-04,134.99
2019-12-05,152.49
2019-12-06,164.16
2019-12-07,152.67
2019-12-08,126.99
2019-12-09,111.21
2019-12-10,116.77
2019-12-11,122.45
2019-12-12,109.27
2019-12-13,69.75
2019-12-14,83.56
2019-12-15,78.64
2019-12-16,100.38
2019-12-17,129.71
2019-12-18,146.93
2019-12-19,147.41
2019-12-20,152.23
2019-12-21,156.27
2019-12-22,141.72
2019-12-23,132.56
2019-12-24,109.07
2019-12-25,123.2
2019-12-26,114.8
2019-12-27,119.06
2019-12-28,141.13
2019-12-29,149.05
2019-12-30,127.34
2019-12-31,82.17
2020-01-01,69.42
2020-01-02,56.0
2020-01-03,57.88
2020-01-04,106.32
2020-01-05,113.98
2020-01-06,101.12
2020-01-07,89.73
2020-01-08,74.46
2020-01-09,88.34
2020-01-10,129.65
2020-01-11,141.86
2020-01-12,137.74
2020-01-13,135.4
2020-01-14,139.44
2020-01-15,86.93
2020-01-16,65.41
2020-01-17,63.66
2020-01-18,74.36
2020-01-19,71.2
2020-01-20,83.38
2020-01-21,89.76
2020-01-22,85.47
2020-01-23,115.76
2020-01-24,128.53
2020-01-25,141.41
2020-01-26,138.48
2020-01-27,119.51
2020-01-28,105.71
2020-01-29,132.5
2020-01-30,149.58
2020-01-31,131.21
2020-02-01,83.63
2020-02-02,86.11
2020-02-03,79.23
2020-02-04,68.94
2020-02-05,79.91
2020-02-06,83.58
2020-02-07,85.67
2020-02-08,82.42
2020-02-09,67.47
2020-02-10,71.1
2020-02-11,80.0
2020-02-12,105.86
2020-02-13,130.5
2020-02-14,149.4
2020-02-15,142.86
2020-02-16,134.24
2020-02-17,138.05
2020-02-18,120.32
2020-02-19,116.05
2020-02-20,94.57
2020-02-21,76.37
2020-02-22,77.15
2020-02-23,64.14
2020-02-24,77.92
2020-02-25,107.78
2020-02-26,134.28
2020-02-27,108.25
2020-02-28,103.27
2020-02-29,94.49
2020-03-01,93.93
2020-03-02,98.66
2020-03-03,101.91
2020-03-04,109.13
2020-03-05,135.4
2020-03-06,85.6
2020-03-07,92.91
2020-03-08,68.49
2020-03-09,75.09
2020-03-10,60.08
2020-03-11,75.82
2020-03-12,86.96
2020-03-13,78.19
2020-03-14,83.27
2020-03-15,81.84
2020-03-16,68.18
2020-03-17,69.94
2020-03-18,68.45
2020-03-19,97.86
2020-03-20,72.83
2020-03-21,103.66
2020-03-22,85.6
2020-03-23,72.32
2020-03-24,59.24
2020-03-25,59.28
2020-03-26,60.99
2020-03-27,67.6
2020-03-28,67.08
2020-03-29,75.41
2020-03-30,65.96
2020-03-31,72.92
2020-04-01,83.65
2020-04-02,80.7
2020-04-03,69.42
2020-04-04,72.16
2020-04-05,57.17
2020-04-06,64.99
2020-04-07,39.6
2020-04-08,43.45
2020-04-09,61.5
2020-04-10,36.93
2020-04-11,43.01
2020-04-12,59.02
2020-04-13,66.35
2020-04-14,78.8
2020-04-15,68.75
2020-04-16,68.87
2020-04-17,75.93
2020-04-18,63.08
2020-04-19,61.21
2020-04-20,57.08
2020-04-21,42.44
2020-04-22,46.3
2020-04-23,62.7
2020-04-24,54.72
2020-04-25,72.38
2020-04-26,59.77
2020-04-27,56.45
2020-04-28,53.68
2020-04-29,37.73
2020-04-30,54.39
2020-05-01,53.46
2020-05-02,51.4
2020-05-03,80.72
2020-05-04,69.69
2020-05-05,75.39
2020-05-06,59.71
2020-05-07,58.71
2020-05-08,66.53
2020-05-09,61.16
2020-05-10,47.77
2020-05-11,82.55
2020-05-12,62.6
2020-05-13,54.77
2020-05-14,53.65
2020-05-15,56.89
2020-05-16,61.38
2020-05-17,72.72
2020-05-18,71.9
2020-05-19,122.45
2020-05-20,134.25
2020-05-21,118.03
2020-05-22,137.19
2020-05-23,147.59
2020-05-24,124.09
2020-05-25,97.27
2020-05-26,85.85
2020-05-27,90.2
2020-05-28,96.67
2020-05-29,79.56
2020-05-30,60.6
2020-05-31,60.07
2020-06-01,54.63
2020-06-02,31.29
2020-06-03,24.32
2020-06-04,28.72
2020-06-05,52.74
2020-06-06,74.58
2020-06-07,59.86
2020-06-08,68.79
2020-06-09,56.02
2020-06-10,42.43
2020-06-11,45.14
2020-06-12,35.96
2020-06-13,23.48
2020-06-14,22.79
2020-06-15,31.78
2020-06-16,20.76
2020-06-17,20.97
2020-06-18,33.09
2020-06-19,55.14
2020-06-20,63.77
2020-06-21,72.01
2020-06-22,68.3
2020-06-23,56.6
2020-06-24,45.4
2020-06-25,46.29
2020-06-26,54.96
2020-06-27,44.2
2020-06-28,32.18
2020-06-29,44.74
2020-06-30,41.95
2020-07-01,66.5
2017-06-14,0.0
2017-06-15,0.0
2017-06-16,0.0
2017-06-17,0.0
2017-06-18,0.0
2017-06-19,99.43
2017-06-20,75.55
2017-06-21,93.8
2017-06-22,31.95
2017-06-23,47.4
2017-06-24,73.69
2017-06-25,79.52
2017-06-26,100.61
2017-06-27,65.54
2017-06-28,23.81
2017-06-29,14.47
2017-06-30,23.25
2017-07-01,26.17
2017-07-02,33.12
2017-07-03,51.67
2017-07-04,76.36
2017-07-05,91.07
2017-07-06,101.47
2017-07-07,80.86
2017-07-08,1.02
2017-07-09,0.0
2017-07-10,0.0
2017-07-11,120.51
2017-07-12,0.42
2017-07-13,34.01
2017-07-14,41.65
2017-07-15,64.8
2017-07-16,83.5
2017-07-17,76.56
2017-07-18,84.18
2017-07-19,52.25
2017-07-20,89.06
2017-07-21,73.55
2017-07-22,55.4
2017-07-23,70.7
2017-07-24,58.7
2017-07-25,86.2
2017-07-26,89.59
2017-07-27,80.29
2017-07-28,93.94
2017-07-29,0.0
2017-07-30,0.0
2017-07-31,95.5
2017-08-01,113.04
2017-08-02,123.14
2017-08-03,95.79
2017-08-04,175.36
2017-08-05,190.23
2017-08-06,214.16
2017-08-07,162.79
2017-08-08,120.88
2017-08-09,116.45
2017-08-10,95.86
2017-08-11,91.05
2017-08-12,75.22
2017-08-13,84.76
2017-08-14,107.44
2017-08-15,122.7
2017-08-16,123.6
2017-08-17,0.0
2017-08-18,0.0
2017-08-19,0.0
2017-08-20,0.0
2017-08-21,88.05
2017-08-22,101.56
2017-08-23,71.91
2017-08-24,87.22
2017-08-25,78.76
2017-08-26,111.8
2017-08-27,105.38
2017-08-28,107.75
2017-08-29,82.67
2017-08-30,73.02
2017-08-31,62.19
2017-09-01,129.39
2017-09-02,76.9
2017-09-03,76.67
2017-09-04,105.84
2017-09-05,107.61
2017-09-06,119.22
2017-09-07,134.85
2017-09-08,127.1
2017-09-09,141.03
2017-09-10,134.31
2017-09-11,119.65
2017-09-12,100.32
2017-09-13,93.43
2017-09-14,129.25
2017-09-15,159.03
2017-09-16,166.8
2017-09-17,158.2
2017-09-18,166.38
2017-09-19,138.75
2017-09-20,147.92
2017-09-21,123.45
2017-09-22,86.61
2017-09-23,99.61
2017-09-24,103.16
2017-09-25,91.97
2017-09-26,0.0
2017-09-27,121.45
2017-09-28,93.76
2017-09-29,135.61
2017-09-30,156.57
2017-10-01,132.15
2017-10-02,103.81
2017-10-03,126.14
2017-10-04,168.86
2017-10-05,49.68
2017-10-06,127.56
2017-10-07,136.85
2017-10-08,137.4
2017-10-09,167.67
2017-10-10,137.5
2017-10-11,148.16
2017-10-12,163.82
2017-10-13,185.03
2017-10-14,203.48
2017-10-15,177.3
2017-10-16,183.07
2017-10-17,199.42
2017-10-18,209.76
2017-10-19,185.42
2017-10-20,242.1
2017-10-21,220.78
2017-10-22,164.83
2017-10-23,157.92
2017-10-24,169.87
2017-10-25,241.74
2017-10-26,233.76
2017-10-27,191.48
2017-10-28,179.77
2017-10-29,149.33
2017-10-30,192.4
2017-10-31,199.97
2017-11-01,191.69
2017-11-02,149.72
2017-11-03,179.69
2017-11-04,208.45
2017-11-05,179.0
2017-11-06,184.37
2017-11-07,235.07
2017-11-08,206.93
2017-11-09,202.82
2017-11-10,245.62
2017-11-11,245.38
2017-11-12,221.93
2017-11-13,224.06
2017-11-14,152.03
2017-11-15,159.11
2017-11-16,176.02
2017-11-17,189.76
2017-11-18,143.58
2017-11-19,220.31
2017-11-20,124.92
2017-11-21,121.42
2017-11-22,138.6
2017-11-23,165.07
2017-11-24,208.73
2017-11-25,224.97
2017-11-26,251.58
2017-11-27,200.67
2017-11-28,198.49
2017-11-29,226.64
2017-11-30,223.61
2017-12-01,176.81
2017-12-02,160.86
2017-12-03,171.25
2017-12-04,196.77
2017-12-05,170.11
2017-12-06,154.46
2017-12-07,153.87
2017-12-08,178.79
2017-12-09,195.03
2017-12-10,142.66
2017-12-11,104.96
2017-12-12,103.7
2017-12-13,103.23
2017-12-14,81.34
2017-12-15,95.76
2017-12-16,84.63
2017-12-17,162.87
2017-12-18,122.76
2017-12-19,233.77
2017-12-20,157.34
2017-12-21,114.04
2017-12-22,82.12
2017-12-23,143.67
2017-12-24,145.27
2017-12-25,139.44
2017-12-26,179.15
2017-12-27,194.31
2017-12-28,173.48
2017-12-29,169.41
2017-12-30,203.76
2017-12-31,167.95
2018-01-01,178.65
2018-01-02,206.62
2018-01-03,246.82
2018-01-04,184.38
2018-01-05,168.34
2018-01-06,188.25
2018-01-07,148.31
2018-01-08,186.29
2018-01-09,193.76
2018-01-10,201.64
2018-01-11,192.72
2018-01-12,204.94
2018-01-13,225.04
2018-01-14,177.58
2018-01-15,147.77
2018-01-16,147.79
2018-01-17,95.02
2018-01-18,150.86
2018-01-19,162.69
2018-01-20,171.49
2018-01-21,159.86
2018-01-22,151.15
2018-01-23,139.83
2018-01-24,150.18
2018-01-25,136.44
2018-01-26,165.34
2018-01-27,125.73
2018-01-28,125.41
2018-01-29,128.24
2018-01-30,255.39
2018-01-31,194.82
2018-02-01,202.91
2018-02-02,163.54
2018-02-03,142.6
2018-02-04,131.3
2018-02-05,143.84
2018-02-06,122.86
2018-02-07,125.18
2018-02-08,133.57
2018-02-09,142.45
2018-02-10,130.41
2018-02-11,153.69
2018-02-12,94.19
2018-02-13,115.9
2018-02-14,95.49
2018-02-15,120.24
2018-02-16,151.38
2018-02-17,195.09
2018-02-18,206.35
2018-02-19,170.79
2018-02-20,169.44
2018-02-21,191.24
2018-02-22,218.51
2018-02-23,200.22
2018-02-24,173.37
2018-02-25,132.12
2018-02-26,111.95
2018-02-27,140.03
2018-02-28,135.15
2018-03-01,125.46
2018-03-02,96.5
2018-03-03,106.4
2018-03-04,112.89
2018-03-05,65.63
2018-03-06,76.99
2018-03-07,87.4
2018-03-08,74.35
2018-03-09,93.2
2018-03-10,101.44
2018-03-11,93.48
2018-03-12,114.52
2018-03-13,134.5
2018-03-14,149.6
2018-03-15,145.77
2018-03-16,145.28
2018-03-17,110.91
2018-03-18,95.43
2018-03-19,117.03
2018-03-20,102.34
2018-03-21,170.32
2018-03-22,137.88
2018-03-23,99.92
2018-03-24,99.02
2018-03-25,120.57
2018-03-26,122.38
2018-03-27,193.53
2018-03-28,145.62
2018-03-29,123.85
2018-03-30,165.81
2018-03-31,128.46
2018-04-01,150.31
2018-04-02,147.7
2018-04-03,164.25
2018-04-04,159.23
2018-04-05,168.6
2018-04-06,165.54
2018-04-07,130.82
2018-04-08,131.99
2018-04-09,114.73
2018-04-10,132.35
2018-04-11,107.11
2018-04-12,57.9
2018-04-13,67.81
2018-04-14,96.36
2018-04-15,114.8
2018-04-16,188.52
2018-04-17,162.73
2018-04-18,155.48
2018-04-19,167.26
2018-04-20,283.19
2018-04-21,476.74
2018-04-22,123.99
2018-04-23,109.14
2018-04-24,132.15
2018-04-25,141.44
2018-04-26,167.8
2018-04-27,203.97
2018-04-28,182.58
2018-04-29,181.87
2018-04-30,182.6
2018-05-01,210.23
2018-05-02,224.58
2018-05-03,155.74
2018-05-04,132.15
2018-05-05,148.22
2018-05-06,168.37
2018-05-07,145.71
2018-05-08,295.96
2018-05-09,148.03
2018-05-10,126.26
2018-05-11,146.01
2018-05-12,155.01
2018-05-13,223.93
2018-05-14,266.9
2018-05-15,202.16
2018-05-16,196.66
2018-05-17,199.7
2018-05-18,153.33
2018-05-19,166.85
2018-05-20,223.76
2018-05-21,143.79
2018-05-22,189.57
2018-05-23,203.48
2018-05-24,168.39
2018-05-25,159.11
2018-05-26,138.06
2018-05-27,196.27
2018-05-28,188.11
2018-05-29,161.76
2018-05-30,190.37
2018-05-31,137.75
2018-06-01,179.51
2018-06-02,491.01
2018-06-03,219.89
2018-06-04,234.51
2018-06-05,225.77
2018-06-06,191.06
2018-06-07,197.39
2018-06-08,256.32
2018-06-09,101.89
2018-06-10,113.8
2018-06-11,152.0
2018-06-12,248.63
2018-06-13,361.08
2018-06-14,324.0
2018-06-15,216.17
2018-06-16,158.06
2018-06-17,130.08
2018-06-18,239.87
2018-06-19,125.66
2018-06-20,99.87
2018-06-21,198.31
2018-06-22,145.43
2018-06-23,143.46
2018-06-24,116.5
2018-06-25,93.53
2018-06-26,80.01
2018-06-27,70.62
2018-06-28,45.71
2018-06-29,50.54
2018-06-30,66.1
2018-07-01,127.94
2018-07-02,92.06
2018-07-03,64.43
2018-07-04,75.61
2018-07-05,132.67
2018-07-06,164.14
2018-07-07,171.89
2018-07-08,174.4
2018-07-09,169.73
2018-07-10,125.02
2018-07-11,82.22
2018-07-12,82.09
2018-07-13,55.56
2018-07-14,59.32
2018-07-15,41.93
2018-07-16,52.99
2018-07-17,49.09
2018-07-18,62.93
2018-07-19,50.27
2018-07-20,73.79
2018-07-21,58.65
2018-07-22,51.94
2018-07-23,58.85
2018-07-24,56.67
2018-07-25,74.65
2018-07-26,154.02
2018-07-27,137.81
2018-07-28,115.76
2018-07-29,122.45
2018-07-30,107.31
2018-07-31,139.8
2018-08-01,178.41
2018-08-02,191.11
2018-08-03,187.2
2018-08-04,173.12
2018-08-05,164.36
2018-08-06,133.34
2018-08-07,113.08
2018-08-08,92.53
2018-08-09,54.06
2018-08-10,75.27
2018-08-11,82.0
2018-08-12,76.2
2018-08-13,98.64
2018-08-14,106.87
2018-08-15,174.59
2018-08-16,63.99
2018-08-17,50.48
2018-08-18,59.66
2018-08-19,54.67
2018-08-20,63.08
2018-08-21,74.71
2018-08-22,72.22
2018-08-23,54.46
2018-08-24,66.95
2018-08-25,66.07
2018-08-26,89.44
2018-08-27,121.42
2018-08-28,184.45
2018-08-29,81.65
2018-08-30,142.72
2018-08-31,108.97
2018-09-01,82.3
2018-09-02,58.8
2018-09-03,52.13
2018-09-04,75.55
2018-09-05,125.37
2018-09-06,111.45
2018-09-07,84.08
2018-09-08,66.71
2018-09-09,36.25
2018-09-10,69.66
2018-09-11,81.34
2018-09-12,86.86
2018-09-13,86.72
2018-09-14,93.5
2018-09-15,96.66
2018-09-16,95.56
2018-09-17,105.2
2018-09-18,108.36
2018-09-19,125.88
2018-09-20,131.03
2018-09-21,152.06
2018-09-22,42.51
2018-09-23,29.29
2018-09-24,49.27
2018-09-25,119.84
2018-09-26,148.79
2018-09-27,137.69
2018-09-28,133.41
2018-09-29,204.24
2018-09-30,169.67
2018-10-01,120.65
2018-10-02,130.6
2018-10-03,117.24
2018-10-04,86.8
2018-10-05,103.51
2018-10-06,118.1
2018-10-07,112.71
2018-10-08,104.33
2018-10-09,118.42
2018-10-10,149.94
2018-10-11,164.77
2018-10-12,135.2
2018-10-13,129.21
2018-10-14,175.48
2018-10-15,143.41
2018-10-16,156.8
2018-10-17,128.48
2018-10-18,147.49
2018-10-19,147.93
2018-10-20,136.15
2018-10-21,181.3
2018-10-22,113.03
2018-10-23,108.54
2018-10-24,121.51
2018-10-25,123.68
2018-10-26,131.48
2018-10-27,137.79
2018-10-28,151.56
2018-10-29,172.78
2018-10-30,168.18
2018-10-31,192.07
2018-11-01,159.56
2018-11-02,139.07
2018-11-03,111.45
2018-11-04,155.07
2018-11-05,96.51
2018-11-06,143.3
2018-11-07,147.91
2018-11-08,228.55
2018-11-09,256.31
2018-11-10,243.42
2018-11-11,171.85
2018-11-12,171.55
2018-11-13,193.07
2018-11-14,120.91
2018-11-15,179.8
2018-11-16,180.6
2018-11-17,171.56
2018-11-18,132.79
2018-11-19,123.11
2018-11-20,145.57
2018-11-21,160.78
2018-11-22,144.07
2018-11-23,168.41
2018-11-24,159.27
2018-11-25,193.58
2018-11-26,139.42
2018-11-27,132.45
2018-11-28,150.3
2018-11-29,159.61
2018-11-30,171.07
2018-12-01,177.14
2018-12-02,159.49
2018-12-03,154.57
2018-12-04,135.66
2018-12-05,147.49
2018-12-06,148.21
2018-12-07,128.71
2018-12-08,131.45
2018-12-09,142.75
2018-12-10,145.21
2018-12-11,132.43
2018-12-12,95.9
2018-12-13,80.8
2018-12-14,74.59
2018-12-15,80.6
2018-12-16,184.78
2018-12-17,97.21
2018-12-18,114.26
2018-12-19,196.71
2018-12-20,188.66
2018-12-21,192.65
2018-12-22,142.72
2018-12-23,124.86
2018-12-24,133.18
2018-12-25,133.25
2018-12-26,142.13
2018-12-27,160.86
2018-12-28,150.5
2018-12-29,175.54
2018-12-30,173.96
2018-12-31,184.89
2019-01-01,212.37
2019-01-02,190.06
2019-01-03,167.25
2019-01-04,140.16
2019-01-05,130.37
2019-01-06,173.96
2019-01-07,108.94
2019-01-08,154.85
2019-01-09,144.19
2019-01-10,145.13
2019-01-11,109.93
2019-01-12,148.73
2019-01-13,151.52
2019-01-14,118.65
2019-01-15,144.21
2019-01-16,145.41
2019-01-17,174.82
2019-01-18,199.04
2019-01-19,204.21
2019-01-20,139.62
2019-01-21,136.56
2019-01-22,84.68
2019-01-23,104.94
2019-01-24,120.1
2019-01-25,128.72
2019-01-26,89.54
2019-01-27,94.5
2019-01-28,115.61
2019-01-29,109.38
2019-01-30,116.55
2019-01-31,90.54
2019-02-01,127.06
2019-02-02,126.12
2019-02-03,136.68
2019-02-04,122.01
2019-02-05,132.47
2019-02-06,116.91
2019-02-07,138.74
2019-02-08,130.76
2019-02-09,114.07
2019-02-10,119.98
2019-02-11,103.34
2019-02-12,103.97
2019-02-13,100.35
2019-02-14,93.74
2019-02-15,112.12
2019-02-16,79.48
2019-02-17,98.3
2019-02-18,125.28
2019-02-19,152.36
2019-02-20,105.01
2019-02-21,110.79
2019-02-22,85.23
2019-02-23,77.06
2019-02-24,97.62
2019-02-25,99.75
2019-02-26,86.36
2019-02-27,90.05
2019-02-28,82.02
2019-03-01,93.01
2019-03-02,95.81
2019-03-03,92.74
2019-03-04,104.75
2019-03-05,76.61
2019-03-06,88.21
2019-03-07,98.3
2019-03-08,86.8
2019-03-09,109.92
2019-03-10,78.2
2019-03-11,106.43
2019-03-12,113.73
2019-03-13,112.89
2019-03-14,103.28
2019-03-15,69.78
2019-03-16,97.93
2019-03-17,90.2
2019-03-18,88.88
2019-03-19,95.8
2019-03-20,113.06
2019-03-21,120.22
2019-03-22,94.58
2019-03-23,87.27
2019-03-24,116.74
2019-03-25,109.51
2019-03-26,78.85
2019-03-27,93.5
2019-03-28,110.43
2019-03-29,134.35
2019-03-30,125.59
2019-03-31,121.18
2019-04-01,96.36
2019-04-02,93.61
2019-04-03,106.73
2019-04-04,113.56
2019-04-05,162.11
2019-04-06,135.7
2019-04-07,224.38
2019-04-08,473.02
2019-04-09,161.64
2019-04-10,149.74
2019-04-11,157.93
2019-04-12,368.18
2019-04-13,129.76
2019-04-14,116.91
2019-04-15,183.47
2019-04-16,132.07
2019-04-17,48.73
2019-04-18,61.5
2019-04-19,83.64
2019-04-20,84.96
2019-04-21,99.17
2019-04-22,132.85
2019-04-23,159.44
2019-04-24,147.99
2019-04-25,183.88
2019-04-26,226.52
2019-04-27,135.05
2019-04-28,158.98
2019-04-29,156.09
2019-04-30,140.33
2019-05-01,160.14
2019-05-02,186.04
2019-05-03,127.27
2019-05-04,102.97
2019-05-05,123.61
2019-05-06,138.44
2019-05-07,190.08
2019-05-08,253.87
2019-05-09,249.34
2019-05-10,116.66
2019-05-11,126.72
2019-05-12,263.62
2019-05-13,109.65
2019-05-14,104.64
2019-05-15,345.65
2019-05-16,272.87
2019-05-17,288.94
2019-05-18,72.58
2019-05-19,89.54
2019-05-20,105.8
2019-05-21,113.58
2019-05-22,95.82
2019-05-23,92.55
2019-05-24,111.48
2019-05-25,84.22
2019-05-26,98.64
2019-05-27,120.86
2019-05-28,88.86
2019-05-29,110.77
2019-05-30,113.74
2019-05-31,129.06
2019-06-01,126.37
2019-06-02,135.33
2019-06-03,179.22
2019-06-04,231.37
2019-06-05,212.32
2019-06-06,132.26
2019-06-07,165.0
2019-06-08,111.22
2019-06-09,106.15
2019-06-10,148.37
2019-06-11,112.71
2019-06-12,86.77
2019-06-13,54.96
2019-06-14,91.31
2019-06-15,98.75
2019-06-16,83.67
2019-06-17,99.1
2019-06-18,93.21
2019-06-19,40.69
2019-06-20,63.58
2019-06-21,106.02
2019-06-22,133.44
2019-06-23,98.69
2019-06-24,63.19
2019-06-25,94.08
2019-06-26,86.19
2019-06-27,278.62
2019-06-28,126.7
2019-06-29,92.83
2019-06-30,113.38
2019-07-01,95.18
2019-07-02,109.13
2019-07-03,90.87
2019-07-04,66.84
2019-07-05,72.35
2019-07-06,60.06
2019-07-07,63.56
2019-07-08,106.73
2019-07-09,102.12
2019-07-10,129.19
2019-07-11,113.69
2019-07-12,98.81
2019-07-13,95.25
2019-07-14,91.76
2019-07-15,110.12
2019-07-16,117.34
2019-07-17,99.4
2019-07-18,76.34
2019-07-19,64.03
2019-07-20,78.8
2019-07-21,88.64
2019-07-22,65.44
2019-07-23,57.44
2019-07-24,58.55
2019-07-25,38.6
2019-07-26,53.06
2019-07-27,60.43
2019-07-28,41.61
2019-07-29,34.12
2019-07-30,52.87
2019-07-31,63.57
2019-08-01,60.62
2019-08-02,51.22
2019-08-03,59.18
2019-08-04,53.25
2019-08-05,69.69
2019-08-06,52.14
2019-08-07,47.41
2019-08-08,52.15
2019-08-09,47.3
2019-08-10,35.13
2019-08-11,39.86
2019-08-12,59.12
2019-08-13,86.92
2019-08-14,59.34
2019-08-15,51.56
2019-08-16,35.01
2019-08-17,32.83
2019-08-18,50.61
2019-08-19,78.41
2019-08-20,83.01
2019-08-21,71.19
2019-08-22,74.26
2019-08-23,65.97
2019-08-24,65.64
2019-08-25,62.54
2019-08-26,47.48
2019-08-27,50.73
2019-08-28,54.28
2019-08-29,51.05
2019-08-30,53.09
2019-08-31,59.9
2019-09-01,62.25
2019-09-02,59.21
2019-09-03,80.25
2019-09-04,59.59
2019-09-05,63.85
2019-09-06,66.62
2019-09-07,59.48
2019-09-08,55.73
2019-09-09,70.51
2019-09-10,115.21
2019-09-11,100.18
2019-09-12,86.65
2019-09-13,77.7
2019-09-14,58.29
2019-09-15,53.45
2019-09-16,88.55
2019-09-17,91.4
2019-09-18,77.85
2019-09-19,62.65
2019-09-20,50.06
2019-09-21,54.39
2019-09-22,38.05
2019-09-23,54.24
2019-09-24,130.77
2019-09-25,51.3
2019-09-26,41.7
2019-09-27,44.42
2019-09-28,41.82
2019-09-29,54.95
2019-09-30,72.81
2019-10-01,65.55
2019-10-02,66.13
2019-10-03,90.64
2019-10-04,73.74
2019-10-05,73.3
2019-10-06,95.61
2019-10-07,100.67
2019-10-08,92.61
2019-10-09,98.12
2019-10-10,92.04
2019-10-11,101.36
2019-10-12,107.82
2019-10-13,141.72
2019-10-14,127.04
2019-10-15,138.94
2019-10-16,128.95
2019-10-17,143.55
2019-10-18,113.18
2019-10-19,106.5
2019-10-20,152.29
2019-10-21,126.29
2019-10-22,150.71
2019-10-23,164.0
2019-10-24,129.05
2019-10-25,156.27
2019-10-26,128.1
2019-10-27,167.46
2019-10-28,317.48
2019-10-29,258.16
2019-10-30,142.43
2019-10-31,149.59
2019-11-01,117.66
2019-11-02,204.73
2019-11-03,177.57
2019-11-04,135.82
2019-11-05,147.13
2019-11-06,113.7
2019-11-07,86.17
2019-11-08,156.68
2019-11-09,144.05
2019-11-10,143.75
2019-11-11,153.14
2019-11-12,171.8
2019-11-13,213.07
2019-11-14,229.9
2019-11-15,136.96
2019-11-16,143.57
2019-11-17,94.09
2019-11-18,95.75
2019-11-19,93.86
2019-11-20,108.09
2019-11-21,112.33
2019-11-22,136.99
2019-11-23,183.61
2019-11-24,154.12
2019-11-25,137.38
2019-11-26,106.04
2019-11-27,115.98
2019-11-28,173.58
2019-11-29,114.1
2019-11-30,113.4
2019-12-01,113.24
2019-12-02,103.89
2019-12-03,133.0
2019-12-04,127.29
2019-12-05,110.43
2019-12-06,154.65
2019-12-07,170.28
2019-12-08,129.83
2019-12-09,143.97
2019-12-10,170.32
2019-12-11,159.87
2019-12-12,133.17
2019-12-13,110.13
2019-12-14,67.13
2019-12-15,88.25
2019-12-16,85.13
2019-12-17,96.44
2019-12-18,145.26
2019-12-19,114.33
2019-12-20,132.48
2019-12-21,124.14
2019-12-22,74.88
2019-12-23,102.75
2019-12-24,107.85
2019-12-25,110.92
2019-12-26,137.0
2019-12-27,151.74
2019-12-28,164.04
2019-12-29,156.69
2019-12-30,183.66
2019-12-31,168.36
2020-01-01,153.05
2020-01-02,96.26
2020-01-03,119.11
2020-01-04,120.23
2020-01-05,143.95
2020-01-06,127.91
2020-01-07,103.39
2020-01-08,116.72
2020-01-09,64.83
2020-01-10,88.47
2020-01-11,116.17
2020-01-12,119.43
2020-01-13,124.35
2020-01-14,96.06
2020-01-15,92.31
2020-01-16,94.23
2020-01-17,108.73
2020-01-18,101.53
2020-01-19,119.35
2020-01-20,137.1
2020-01-21,93.14
2020-01-22,107.22
2020-01-23,82.95
2020-01-24,94.73
2020-01-25,120.92
2020-01-26,152.56
2020-01-27,89.61
2020-01-28,102.11
2020-01-29,58.37
2020-01-30,76.94
2020-01-31,84.15
2020-02-01,107.15
2020-02-02,114.62
2020-02-03,105.2
2020-02-04,106.78
2020-02-05,110.26
2020-02-06,121.15
2020-02-07,109.67
2020-02-08,93.48
2020-02-09,126.91
2020-02-10,152.86
2020-02-11,129.13
2020-02-12,151.41
2020-02-13,170.52
2020-02-14,130.02
2020-02-15,121.14
2020-02-16,128.09
2020-02-17,150.22
2020-02-18,154.46
2020-02-19,153.94
2020-02-20,105.0
2020-02-21,161.44
2020-02-22,91.06
2020-02-23,104.68
2020-02-24,98.54
2020-02-25,121.82
2020-02-26,107.89
2020-02-27,115.08
2020-02-28,121.08
2020-02-29,114.53
2020-03-01,86.33
2020-03-02,86.35
2020-03-03,116.32
2020-03-04,100.89
2020-03-05,64.82
2020-03-06,62.79
2020-03-07,71.4
2020-03-08,68.45
2020-03-09,78.51
2020-03-10,79.9
2020-03-11,72.28
2020-03-12,122.98
2020-03-13,247.19
2020-03-14,181.04
2020-03-15,101.22
2020-03-16,92.2
2020-03-17,93.03
2020-03-18,97.43
2020-03-19,102.61
2020-03-20,100.6
2020-03-21,64.36
2020-03-22,67.6
2020-03-23,73.5
2020-03-24,72.85
2020-03-25,57.46
2020-03-26,31.24
2020-03-27,19.14
2020-03-28,27.54
2020-03-29,35.04
2020-03-30,39.81
2020-03-31,46.95
2020-04-01,67.35
2020-04-02,44.31
2020-04-03,37.37
2020-04-04,48.46
2020-04-05,62.17
2020-04-06,81.56
2020-04-07,78.6
2020-04-08,54.61
2020-04-09,56.49
2020-04-10,63.6
2020-04-11,88.94
2020-04-12,80.61
2020-04-13,96.61
2020-04-14,116.07
2020-04-15,92.25
2020-04-16,94.49
2020-04-17,147.95
2020-04-18,143.5
2020-04-19,72.79
2020-04-20,51.02
2020-04-21,36.53
2020-04-22,50.6
2020-04-23,45.72
2020-04-24,54.55
2020-04-25,71.1
2020-04-26,76.78
2020-04-27,48.21
2020-04-28,50.57
2020-04-29,66.25
2020-04-30,193.04
2020-05-01,92.73
2020-05-02,109.34
2020-05-03,102.62
2020-05-04,55.48
2020-05-05,49.15
2020-05-06,65.09
2020-05-07,49.74
2020-05-08,96.85
2020-05-09,119.29
2020-05-10,146.77
2020-05-11,84.08
2020-05-12,45.03
2020-05-13,252.96
2020-05-14,67.1
2020-05-15,114.11
2020-05-16,79.61
2020-05-17,112.29
2020-05-18,142.31
2020-05-19,122.71
2020-05-20,104.68
2020-05-21,104.48
2020-05-22,141.08
2020-05-23,179.36
2020-05-24,152.88
2020-05-25,119.96
2020-05-26,127.41
2020-05-27,148.49
2020-05-28,192.43
2020-05-29,154.79
2020-05-30,70.43
2020-05-31,60.0
2020-06-01,59.16
2020-06-02,59.38
2020-06-03,68.89
2020-06-04,57.31
2020-06-05,38.46
2020-06-06,59.04
2020-06-07,74.68
2020-06-08,76.92
2020-06-09,80.86
2020-06-10,89.36
2020-06-11,89.02
2020-06-12,94.71
2020-06-13,97.19
2020-06-14,78.89
2020-06-15,80.35
2020-06-16,113.24
2020-06-17,105.61
2020-06-18,121.22
2020-06-19,103.34
2020-06-20,134.98
2020-06-21,81.15
2020-06-22,67.36
2020-06-23,56.81
2020-06-24,51.1
2020-06-25,202.53
2020-06-26,118.34
2020-06-27,76.66
2020-06-28,67.44
2020-06-29,77.3
2020-06-30,64.26
2020-07-01,103.68
2017-04-20,119.49
2017-04-21,170.61
2017-04-22,124.64
2017-04-23,107.36
2017-04-24,178.28
2017-04-25,178.55
2017-04-26,312.48
2017-04-27,261.1
2017-04-28,151.89
2017-04-29,188.39
2017-04-30,99.66
2017-05-01,89.09
2017-05-02,105.54
2017-05-03,87.13
2017-05-04,121.63
2017-05-05,124.83
2017-05-06,169.22
2017-05-07,107.19
2017-05-08,103.55
2017-05-09,135.11
2017-05-10,156.37
2017-05-11,128.4
2017-05-12,87.52
2017-05-13,205.38
2017-05-14,194.08
2017-05-15,149.04
2017-05-16,92.3
2017-05-17,120.26
2017-05-18,115.24
2017-05-19,111.91
2017-05-20,94.15
2017-05-21,130.72
2017-05-22,154.29
2017-05-23,149.02
2017-05-24,195.18
2017-05-25,136.9
2017-05-26,98.77
2017-05-27,83.56
2017-05-28,78.74
2017-05-29,109.26
2017-05-30,116.99
2017-05-31,129.23
2017-06-01,101.19
2017-06-02,167.86
2017-06-03,197.14
2017-06-04,175.7
2017-06-05,130.9
2017-06-06,119.44
2017-06-07,177.78
2017-06-08,154.1
2017-06-09,105.49
2017-06-10,97.97
2017-06-11,107.84
2017-06-12,84.11
2017-06-13,138.42
2017-06-14,186.63
2017-06-15,81.65
2017-06-16,122.54
2017-06-17,107.21
2017-06-18,161.58
2017-06-19,110.27
2017-06-20,51.38
2017-06-21,63.41
2017-06-22,99.72
2017-06-23,155.17
2017-06-24,184.27
2017-06-25,0.0
2017-06-26,0.0
2017-06-27,0.0
2017-06-28,0.0
2017-06-29,189.13
2017-06-30,92.0
2017-07-01,0.0
2017-07-02,0.0
2017-07-03,71.43
2017-07-04,16.39
2017-07-05,20.45
2017-07-06,0.0
2017-07-07,69.48
2017-07-08,0.0
2017-07-09,37.55
2017-07-10,49.74
2017-07-11,76.65
2017-07-12,83.4
2017-07-13,0.0
2017-07-14,0.0
2017-07-15,0.0
2017-07-16,0.0
2017-07-17,59.05
2017-07-18,57.2
2017-07-19,41.89
2017-07-20,54.63
2017-07-21,53.05
2017-07-22,0.0
2017-07-23,41.13
2017-07-24,25.83
2017-07-25,18.49
2017-07-26,29.83
2017-07-27,0.0
2017-07-28,0.0
2017-07-29,0.0
2017-07-30,0.0
2017-07-31,0.0
2017-08-01,79.25
2017-08-02,56.09
2017-08-03,43.57
2017-08-04,61.97
2017-08-05,75.72
2017-08-06,66.17
2017-08-07,46.57
2017-08-08,49.97
2017-08-09,45.45
2017-08-10,37.48
2017-08-11,45.92
2017-08-12,36.23
2017-08-13,54.73
2017-08-14,97.64
2017-08-15,0.0
2017-08-16,59.33
2017-08-17,79.33
2017-08-18,88.58
2017-08-19,0.0
2017-08-20,0.0
2017-08-21,59.42
2017-08-22,44.52
2017-08-23,0.0
2017-08-24,39.51
2017-08-25,38.25
2017-08-26,0.0
2017-08-27,0.0
2017-08-28,0.0
2017-08-29,0.0
2017-08-30,0.0
2017-08-31,0.0
2017-09-01,1.5
2017-09-02,0.0
2017-09-03,0.0
2017-09-04,0.0
2017-09-05,56.6
2017-09-06,0.0
2017-09-07,0.0
2017-09-08,0.0
2017-09-09,0.0
2017-09-10,0.0
2017-09-11,0.0
2017-09-12,0.0
2017-09-13,0.0
2017-09-14,0.0
2017-09-15,0.0
2017-09-16,0.0
2017-09-17,0.0
2017-09-18,0.0
2017-09-19,0.0
2017-09-20,0.0
2017-09-21,0.0
2017-09-22,0.0
2017-09-23,0.0
2017-09-24,0.0
2017-09-25,0.0
2017-09-26,0.0
2017-09-27,0.0
2017-09-28,0.0
2017-09-29,0.0
2017-09-30,0.0
2017-10-01,0.0
2017-10-02,0.0
2017-10-03,0.0
2017-10-04,94.23
2017-10-05,0.0
2017-10-06,0.0
2017-10-07,0.0
2017-10-08,0.0
2017-10-09,34.7
2017-10-10,0.0
2017-10-11,0.0
2017-10-12,0.0
2017-10-13,0.0
2017-10-14,0.0
2017-10-15,0.0
2017-10-16,185.55
2017-10-17,0.0
2017-10-18,0.0
2017-10-19,72.57
2017-10-20,0.0
2017-10-21,13.7
2017-10-22,0.0
2017-10-23,0.0
2017-10-24,0.0
2017-10-25,0.0
2017-10-26,0.0
2017-10-27,0.0
2017-10-28,0.0
2017-10-29,0.0
2017-10-30,0.0
2017-10-31,262.62
2017-11-01,53.56
2017-11-02,99.23
2017-11-03,58.0
2017-11-04,110.9
2017-11-05,95.08
2017-11-06,97.4
2017-11-07,0.0
2017-11-08,0.0
2017-11-09,259.7
2017-11-10,110.4
2017-11-11,0.0
2017-11-12,0.0
2017-11-13,144.78
2017-11-14,212.3
2017-11-15,129.1
2017-11-16,0.0
2017-11-17,0.0
2017-11-18,115.91
2017-11-19,0.0
2017-11-20,0.0
2017-11-21,0.0
2017-11-22,0.0
2017-11-23,196.1
2017-11-24,231.0
2017-11-25,235.05
2017-11-26,0.0
2017-11-27,244.01
2017-11-28,151.5
2017-11-29,184.55
2017-11-30,0.0
2017-12-01,0.0
2017-12-02,0.0
2017-12-03,0.0
2017-12-04,0.0
2017-12-05,0.0
2017-12-06,0.0
2017-12-07,0.0
2017-12-08,0.0
2017-12-09,0.0
2017-12-10,0.0
2017-12-11,0.0
2017-12-12,0.0
2017-12-13,0.0
2017-12-14,0.0
2017-12-15,0.0
2017-12-16,0.0
2017-12-17,0.0
2017-12-18,0.0
2017-12-19,0.0
2017-12-20,177.37
2017-12-21,147.58
2017-12-22,125.99
2017-12-23,185.76
2017-12-24,183.64
2017-12-25,0.0
2017-12-26,155.52
2017-12-27,145.69
2017-12-28,200.02
2017-12-29,231.28
2017-12-30,279.45
2017-12-31,269.77
2018-01-01,276.75
2018-01-02,133.28
2018-01-03,102.45
2018-01-04,160.61
2018-01-05,274.55
2018-01-06,0.0
2018-01-07,0.0
2018-01-08,0.0
2018-01-09,0.0
2018-01-10,168.98
2018-01-11,168.65
2018-01-12,295.04
2018-01-13,184.4
2018-01-14,157.44
2018-01-15,158.25
2018-01-16,202.4
2018-01-17,241.21
2018-01-18,165.49
2018-01-19,197.7
2018-01-20,137.24
2018-01-21,146.55
2018-01-22,246.1
2018-01-23,165.4
2018-01-24,237.11
2018-01-25,89.61
2018-01-26,123.43
2018-01-27,128.31
2018-01-28,90.25
2018-01-29,203.31
2018-01-30,164.43
2018-01-31,117.28
2018-02-01,153.48
2018-02-02,173.34
2018-02-03,265.75
2018-02-04,225.9
2018-02-05,315.27
2018-02-06,211.45
2018-02-07,245.7
2018-02-08,141.45
2018-02-09,289.1
2018-02-10,273.86
2018-02-11,137.15
2018-02-12,151.52
2018-02-13,155.41
2018-02-14,58.74
2018-02-15,85.3
2018-02-16,98.39
2018-02-17,99.2
2018-02-18,0.0
2018-02-19,226.15
2018-02-20,199.04
2018-02-21,144.54
2018-02-22,147.96
2018-02-23,159.26
2018-02-24,178.2
2018-02-25,240.43
2018-02-26,130.66
2018-02-27,127.78
2018-02-28,127.41
2018-03-01,232.78
2018-03-02,130.12
2018-03-03,124.44
2018-03-04,202.58
2018-03-05,270.09
2018-03-06,116.91
2018-03-07,193.53
2018-03-08,199.47
2018-03-09,146.95
2018-03-10,123.73
2018-03-11,133.96
2018-03-12,214.59
2018-03-13,160.38
2018-03-14,130.73
2018-03-15,167.31
2018-03-16,224.71
2018-03-17,99.24
2018-03-18,129.45
2018-03-19,189.85
2018-03-20,220.36
2018-03-21,255.57
2018-03-22,361.07
2018-03-23,301.27
2018-03-24,167.69
2018-03-25,139.75
2018-03-26,0.0
2018-03-27,0.0
2018-03-28,290.3
2018-03-29,0.0
2018-03-30,0.0
2018-03-31,0.0
2018-04-01,0.0
2018-04-02,0.0
2018-04-03,298.46
2018-04-04,0.0
2018-04-05,0.0
2018-04-06,125.87
2018-04-07,583.35
2018-04-08,0.0
2018-04-09,0.0
2018-04-10,0.0
2018-04-11,165.86
2018-04-12,84.74
2018-04-13,28.06
2018-04-14,0.0
2018-04-15,0.0
2018-04-16,0.0
2018-04-17,0.0
2018-04-18,0.0
2018-04-19,142.58
2018-04-20,120.66
2018-04-21,46.22
2018-04-22,0.0
2018-04-23,120.74
2018-04-24,140.02
2018-04-25,153.75
2018-04-26,45.41
2018-04-27,0.0
2018-04-28,59.0
2018-04-29,0.0
2018-04-30,407.0
2018-05-01,76.4
2018-05-02,0.0
2018-05-03,46.81
2018-05-04,46.7
2018-05-05,46.34
2018-05-06,0.0
2018-05-07,0.0
2018-05-08,0.0
2018-05-09,0.0
2018-05-10,0.0
2018-05-11,0.0
2018-05-12,0.0
2018-05-13,0.0
2018-05-14,0.0
2018-05-15,0.0
2018-05-16,0.0
2018-05-17,0.0
2018-05-18,0.0
2018-05-19,0.0
2018-05-20,0.0
2018-05-21,0.0
2018-05-22,0.0
2018-05-23,0.0
2018-05-24,0.0
2018-05-25,0.0
2018-05-26,0.0
2018-05-27,0.0
2018-05-28,0.0
2018-05-29,49.8
2018-05-30,0.0
2018-05-31,0.0
2018-06-01,0.0
2018-06-02,81.84
2018-06-03,105.91
2018-06-04,144.27
2018-06-05,171.14
2018-06-06,136.1
2018-06-07,148.89
2018-06-08,113.36
2018-06-09,0.0
2018-06-10,0.0
2018-06-11,0.0
2018-06-12,0.0
2018-06-13,0.0
2018-06-14,0.0
2018-06-15,160.53
2018-06-16,0.0
2018-06-17,0.0
2018-06-18,0.0
2018-06-19,0.0
2018-06-20,0.0
2018-06-21,0.0
2018-06-22,0.0
2018-06-23,0.0
2018-06-24,0.0
2018-06-25,0.0
2018-06-26,0.0
2018-06-27,0.0
2018-06-28,0.0
2018-06-29,0.0
2018-06-30,0.0
2018-07-01,0.0
2018-07-02,0.0
2018-07-03,99.28
2018-07-04,49.82
2018-07-05,65.94
2018-07-06,159.22
2018-07-07,113.33
2018-07-08,96.66
2018-07-09,81.75
2018-07-10,86.9
2018-07-11,100.95
2018-07-12,98.9
2018-07-13,89.74
2018-07-14,66.96
2018-07-15,69.66
2018-07-16,69.45
2018-07-17,59.99
2018-07-18,88.62
2018-07-19,112.81
2018-07-20,116.51
2018-07-21,68.22
2018-07-22,49.91
2018-07-23,52.53
2018-07-24,74.82
2018-07-25,83.12
2018-07-26,61.97
2018-07-27,50.86
2018-07-28,91.23
2018-07-29,120.11
2018-07-30,179.33
2018-07-31,86.95
2018-08-01,86.96
2018-08-02,70.68
2018-08-03,77.32
2018-08-04,135.24
2018-08-05,191.13
2018-08-06,120.67
2018-08-07,109.67
2018-08-08,104.7
2018-08-09,109.37
2018-08-10,119.04
2018-08-11,117.11
2018-08-12,117.12
2018-08-13,147.82
2018-08-14,118.01
2018-08-15,116.96
2018-08-16,97.55
2018-08-17,115.41
2018-08-18,163.25
2018-08-19,194.13
2018-08-20,91.71
2018-08-21,85.73
2018-08-22,111.4
2018-08-23,129.96
2018-08-24,143.75
2018-08-25,152.22
2018-08-26,146.81
2018-08-27,93.89
2018-08-28,102.98
2018-08-29,99.33
2018-08-30,146.37
2018-08-31,146.62
2018-09-01,123.14
2018-09-02,100.79
2018-09-03,67.46
2018-09-04,106.0
2018-09-05,88.89
2018-09-06,84.94
2018-09-07,67.82
2018-09-08,121.14
2018-09-09,0.0
2018-09-10,0.0
2018-09-11,0.0
2018-09-12,0.0
2018-09-13,0.0
2018-09-14,0.0
2018-09-15,0.0
2018-09-16,0.0
2018-09-17,0.0
2018-09-18,0.0
2018-09-19,0.0
2018-09-20,0.0
2018-09-21,0.0
2018-09-22,0.0
2018-09-23,0.0
2018-09-24,159.15
2018-09-25,0.0
2018-09-26,0.0
2018-09-27,0.0
2018-09-28,0.0
2018-09-29,0.0
2018-09-30,0.0
2018-10-01,0.0
2018-10-02,0.0
2018-10-03,204.97
2018-10-04,305.39
2018-10-05,342.4
2018-10-06,315.84
2018-10-07,310.64
2018-10-08,343.78
2018-10-09,362.61
2018-10-10,358.43
2018-10-11,105.58
2018-10-12,134.55
2018-10-13,134.45
2018-10-14,127.22
2018-10-15,0.0
2018-10-16,379.98
2018-10-17,286.64
2018-10-18,293.44
2018-10-19,283.64
2018-10-20,222.86
2018-10-21,292.8
2018-10-22,397.63
2018-10-23,379.78
2018-10-24,262.56
2018-10-25,258.84
2018-10-26,299.21
2018-10-27,267.77
2018-10-28,254.9
2018-10-29,278.32
2018-10-30,192.25
2018-10-31,227.19
2018-11-01,268.34
2018-11-02,295.6
2018-11-03,300.9
2018-11-04,338.4
2018-11-05,320.33
2018-11-06,314.2
2018-11-07,429.17
2018-11-08,466.99
2018-11-09,330.12
2018-11-10,365.35
2018-11-11,339.24
2018-11-12,388.77
2018-11-13,396.72
2018-11-14,488.67
2018-11-15,454.92
2018-11-16,0.0
2018-11-17,0.0
2018-11-18,0.0
2018-11-19,0.0
2018-11-20,735.36
2018-11-21,469.99
2018-11-22,326.64
2018-11-23,336.19
2018-11-24,322.36
2018-11-25,397.89
2018-11-26,458.18
2018-11-27,456.38
2018-11-28,369.99
2018-11-29,373.13
2018-11-30,354.37
2018-12-01,389.15
2018-12-02,388.47
2018-12-03,350.58
2018-12-04,410.45
2018-12-05,639.27
2018-12-06,417.79
2018-12-07,330.05
2018-12-08,0.0
2018-12-09,0.0
2018-12-10,599.35
2018-12-11,528.33
2018-12-12,493.89
2018-12-13,488.84
2018-12-14,499.41
2018-12-15,301.18
2018-12-16,343.44
2018-12-17,266.98
2018-12-18,117.61
2018-12-19,268.12
2018-12-20,493.13
2018-12-21,373.4
2018-12-22,519.85
2018-12-23,0.0
2018-12-24,249.85
2018-12-25,0.0
2018-12-26,493.48
2018-12-27,378.14
2018-12-28,296.7
2018-12-29,357.16
2018-12-30,362.09
2018-12-31,413.78
2019-01-01,484.34
2019-01-02,422.12
2019-01-03,502.23
2019-01-04,559.79
2019-01-05,599.3
2019-01-06,500.88
2019-01-07,549.21
2019-01-08,331.19
2019-01-09,278.74
2019-01-10,200.64
2019-01-11,242.69
2019-01-12,262.83
2019-01-13,300.54
2019-01-14,297.14
2019-01-15,156.89
2019-01-16,175.15
2019-01-17,199.94
2019-01-18,192.38
2019-01-19,204.44
2019-01-20,222.39
2019-01-21,218.59
2019-01-22,288.67
2019-01-23,228.51
2019-01-24,218.6
2019-01-25,191.07
2019-01-26,180.63
2019-01-27,113.37
2019-01-28,120.12
2019-01-29,107.66
2019-01-30,145.37
2019-01-31,234.17
2019-02-01,216.22
2019-02-02,184.04
2019-02-03,203.47
2019-02-04,181.49
2019-02-05,174.35
2019-02-06,189.46
2019-02-07,243.09
2019-02-08,211.96
2019-02-09,116.84
2019-02-10,135.09
2019-02-11,158.19
2019-02-12,153.71
2019-02-13,188.76
2019-02-14,184.48
2019-02-15,162.28
2019-02-16,38.27
2019-02-17,72.82
2019-02-18,105.56
2019-02-19,197.98
2019-02-20,184.17
2019-02-21,187.59
2019-02-22,231.32
2019-02-23,138.7
2019-02-24,119.52
2019-02-25,72.1
2019-02-26,106.55
2019-02-27,73.18
2019-02-28,62.61
2019-03-01,86.86
2019-03-02,140.36
2019-03-03,152.5
2019-03-04,127.69
2019-03-05,145.5
2019-03-06,139.63
2019-03-07,84.04
2019-03-08,105.21
2019-03-09,137.38
2019-03-10,206.88
2019-03-11,159.49
2019-03-12,166.13
2019-03-13,228.18
2019-03-14,129.63
2019-03-15,95.48
2019-03-16,71.28
2019-03-17,110.17
2019-03-18,68.99
2019-03-19,111.43
2019-03-20,129.0
2019-03-21,136.87
2019-03-22,90.59
2019-03-23,93.14
2019-03-24,141.18
2019-03-25,159.38
2019-03-26,205.23
2019-03-27,114.83
2019-03-28,150.68
2019-03-29,181.61
2019-03-30,0.0
2019-03-31,0.0
2019-04-01,85.61
2019-04-02,112.2
2019-04-03,169.61
2019-04-04,124.63
2019-04-05,112.16
2019-04-06,105.36
2019-04-07,72.37
2019-04-08,71.88
2019-04-09,101.85
2019-04-10,90.02
2019-04-11,129.73
2019-04-12,116.52
2019-04-13,116.8
2019-04-14,103.33
2019-04-15,126.33
2019-04-16,143.92
2019-04-17,255.49
2019-04-18,94.13
2019-04-19,69.51
2019-04-20,73.45
2019-04-21,113.98
2019-04-22,81.89
2019-04-23,75.39
2019-04-24,93.85
2019-04-25,70.53
2019-04-26,91.32
2019-04-27,113.19
2019-04-28,162.53
2019-04-29,233.79
2019-04-30,106.54
2019-05-01,60.46
2019-05-02,40.09
2019-05-03,44.95
2019-05-04,34.07
2019-05-05,61.33
2019-05-06,119.83
2019-05-07,154.78
2019-05-08,179.52
2019-05-09,191.75
2019-05-10,196.25
2019-05-11,191.93
2019-05-12,153.82
2019-05-13,160.09
2019-05-14,71.3
2019-05-15,86.04
2019-05-16,49.95
2019-05-17,94.92
2019-05-18,94.62
2019-05-19,78.92
2019-05-20,71.05
2019-05-21,71.57
2019-05-22,60.69
2019-05-23,53.47
2019-05-24,61.22
2019-05-25,69.58
2019-05-26,0.0
2019-05-27,86.47
2019-05-28,92.21
2019-05-29,51.11
2019-05-30,62.5
2019-05-31,66.2
2019-06-01,38.08
2019-06-02,76.4
2019-06-03,314.52
2019-06-04,0.0
2019-06-05,0.0
2019-06-06,0.0
2019-06-07,0.0
2019-06-08,0.0
2019-06-09,0.0
2019-06-10,0.0
2019-06-11,0.0
2019-06-12,0.0
2019-06-13,0.0
2019-06-14,0.0
2019-06-15,0.0
2019-06-16,0.0
2019-06-17,0.0
2019-06-18,0.0
2019-06-19,0.0
2019-06-20,0.0
2019-06-21,0.0
2019-06-22,0.0
2019-06-23,0.0
2019-06-24,0.0
2019-06-25,0.0
2019-06-26,0.0
2019-06-27,0.0
2019-06-28,0.0
2019-06-29,0.0
2019-06-30,0.0
2019-07-01,0.0
2019-07-02,0.0
2019-07-03,0.0
2019-07-04,0.0
2019-07-05,0.0
2019-07-06,0.0
2019-07-07,0.0
2019-07-08,0.0
2019-07-09,0.0
2019-07-10,0.0
2019-07-11,0.0
2019-07-12,133.45
2019-07-13,25.75
2019-07-14,33.74
2019-07-15,40.08
2019-07-16,40.2
2019-07-17,45.76
2019-07-18,42.62
2019-07-19,34.86
2019-07-20,36.28
2019-07-21,28.58
2019-07-22,30.11
2019-07-23,26.67
2019-07-24,29.38
2019-07-25,37.58
2019-07-26,29.45
2019-07-27,24.18
2019-07-28,0.0
2019-07-29,26.66
2019-07-30,22.78
2019-07-31,23.39
2019-08-01,26.68
2019-08-02,36.71
2019-08-03,38.25
2019-08-04,32.95
2019-08-05,24.85
2019-08-06,33.06
2019-08-07,18.43
2019-08-08,17.47
2019-08-09,19.15
2019-08-10,18.62
2019-08-11,2.48
2019-08-12,21.17
2019-08-13,34.14
2019-08-14,24.7
2019-08-15,22.39
2019-08-16,29.22
2019-08-17,34.28
2019-08-18,27.22
2019-08-19,28.89
2019-08-20,27.41
2019-08-21,35.77
2019-08-22,30.72
2019-08-23,29.06
2019-08-24,26.48
2019-08-25,22.42
2019-08-26,26.6
2019-08-27,30.25
2019-08-28,24.05
2019-08-29,34.5
2019-08-30,26.22
2019-08-31,34.68
2019-09-01,29.74
2019-09-02,37.34
2019-09-03,27.03
2019-09-04,25.63
2019-09-05,17.54
2019-09-06,22.39
2019-09-07,21.19
2019-09-08,20.58
2019-09-09,23.54
2019-09-10,27.46
2019-09-11,28.62
2019-09-12,36.2
2019-09-13,28.54
2019-09-14,28.1
2019-09-15,31.77
2019-09-16,69.54
2019-09-17,24.57
2019-09-18,42.67
2019-09-19,44.17
2019-09-20,33.07
2019-09-21,51.6
2019-09-22,53.8
2019-09-23,70.73
2019-09-24,63.67
2019-09-25,61.86
2019-09-26,60.16
2019-09-27,59.19
2019-09-28,61.98
2019-09-29,64.9
2019-09-30,54.85
2019-10-01,0.0
2019-10-02,0.0
2019-10-03,65.62
2019-10-04,57.83
2019-10-05,65.31
2019-10-06,68.22
2019-10-07,65.3
2019-10-08,62.51
2019-10-09,61.22
2019-10-10,67.7
2019-10-11,73.54
2019-10-12,65.74
2019-10-13,68.79
2019-10-14,65.79
2019-10-15,73.07
2019-10-16,59.7
2019-10-17,70.56
2019-10-18,69.3
2019-10-19,96.55
2019-10-20,99.26
2019-10-21,93.33
2019-10-22,97.1
2019-10-23,107.17
2019-10-24,97.26
2019-10-25,93.26
2019-10-26,91.49
2019-10-27,102.92
2019-10-28,92.45
2019-10-29,111.14
2019-10-30,95.27
2019-10-31,103.78
2019-11-01,101.4
2019-11-02,97.62
2019-11-03,113.21
2019-11-04,116.47
2019-11-05,111.58
2019-11-06,107.97
2019-11-07,122.77
2019-11-08,115.11
2019-11-09,98.21
2019-11-10,98.61
2019-11-11,125.52
2019-11-12,110.06
2019-11-13,210.86
2019-11-14,168.74
2019-11-15,167.98
2019-11-16,161.63
2019-11-17,164.01
2019-11-18,176.42
2019-11-19,154.23
2019-11-20,183.67
2019-11-21,205.88
2019-11-22,139.64
2019-11-23,175.59
2019-11-24,223.58
2019-11-25,230.44
2019-11-26,250.22
2019-11-27,276.18
2019-11-28,283.52
2019-11-29,207.3
2019-11-30,188.06
2019-12-01,154.86
2019-12-02,160.28
2019-12-03,179.12
2019-12-04,185.9
2019-12-05,181.81
2019-12-06,200.99
2019-12-07,249.96
2019-12-08,241.05
2019-12-09,211.02
2019-12-10,220.76
2019-12-11,233.43
2019-12-12,245.4
2019-12-13,256.39
2019-12-14,182.45
2019-12-15,169.59
2019-12-16,107.38
2019-12-17,95.36
2019-12-18,149.78
2019-12-19,139.3
2019-12-20,177.59
2019-12-21,218.68
2019-12-22,260.27
2019-12-23,297.5
2019-12-24,264.4
2019-12-25,240.28
2019-12-26,211.8
2019-12-27,178.65
2019-12-28,165.24
2019-12-29,170.35
2019-12-30,181.4
2019-12-31,219.83
2020-01-01,186.03
2020-01-02,140.69
2020-01-03,103.69
2020-01-04,138.23
2020-01-05,103.93
2020-01-06,162.81
2020-01-07,212.13
2020-01-08,263.8
2020-01-09,179.78
2020-01-10,129.94
2020-01-11,121.55
2020-01-12,127.13
2020-01-13,175.52
2020-01-14,237.74
2020-01-15,288.08
2020-01-16,269.38
2020-01-17,206.68
2020-01-18,182.83
2020-01-19,140.68
2020-01-20,110.04
2020-01-21,179.88
2020-01-22,254.13
2020-01-23,199.88
2020-01-24,135.63
2020-01-25,152.25
2020-01-26,156.13
2020-01-27,141.78
2020-01-28,319.28
2020-01-29,215.07
2020-01-30,207.86
2020-01-31,131.69
2020-02-01,146.95
2020-02-02,119.47
2020-02-03,151.35
2020-02-04,213.44
2020-02-05,193.97
2020-02-06,142.64
2020-02-07,194.27
2020-02-08,279.62
2020-02-09,0.0
2020-02-10,164.12
2020-02-11,148.76
2020-02-12,151.91
2020-02-13,182.25
2020-02-14,263.41
2020-02-15,132.82
2020-02-16,136.42
2020-02-17,170.36
2020-02-18,178.91
2020-02-19,303.64
2020-02-20,292.12
2020-02-21,245.78
2020-02-22,202.98
2020-02-23,167.02
2020-02-24,130.94
2020-02-25,108.44
2020-02-26,116.93
2020-02-27,115.01
2020-02-28,146.96
2020-02-29,179.26
2020-03-01,197.27
2020-03-02,185.34
2020-03-03,276.26
2020-03-04,101.22
2020-03-05,93.97
2020-03-06,0.0
2020-03-07,0.0
2020-03-08,0.0
2020-03-09,0.0
2020-03-10,0.0
2020-03-11,0.0
2020-03-12,0.0
2020-03-13,0.0
2020-03-14,0.0
2020-03-15,0.0
2020-03-16,227.4
2020-03-17,117.83
2020-03-18,75.54
2020-03-19,89.55
2020-03-20,78.79
2020-03-21,106.75
2020-03-22,87.15
2020-03-23,90.97
2020-03-24,93.0
2020-03-25,86.3
2020-03-26,61.28
2020-03-27,72.67
2020-03-28,72.58
2020-03-29,53.28
2020-03-30,61.31
2020-03-31,79.48
2020-04-01,99.85
2020-04-02,110.3
2020-04-03,99.09
2020-04-04,119.98
2020-04-05,105.92
2020-04-06,92.36
2020-04-07,119.5
2020-04-08,113.38
2020-04-09,92.0
2020-04-10,127.19
2020-04-11,125.82
2020-04-12,122.07
2020-04-13,124.78
2020-04-14,124.47
2020-04-15,118.68
2020-04-16,107.72
2020-04-17,118.49
2020-04-18,128.92
2020-04-19,106.17
2020-04-20,109.11
2020-04-21,85.11
2020-04-22,94.42
2020-04-23,110.15
2020-04-24,92.89
2020-04-25,87.6
2020-04-26,94.54
2020-04-27,95.32
2020-04-28,88.68
2020-04-29,98.46
2020-04-30,113.36
2020-05-01,99.9
2020-05-02,87.66
2020-05-03,98.09
2020-05-04,119.93
2020-05-05,139.89
2020-05-06,122.4
2020-05-07,128.72
2020-05-08,104.75
2020-05-09,100.36
2020-05-10,97.73
2020-05-11,80.81
2020-05-12,86.13
2020-05-13,76.77
2020-05-14,83.05
2020-05-15,84.04
2020-05-16,127.28
2020-05-17,159.13
2020-05-18,169.86
2020-05-19,160.03
2020-05-20,150.51
2020-05-21,138.61
2020-05-22,150.29
2020-05-23,162.18
2020-05-24,161.21
2020-05-25,164.75
2020-05-26,161.9
2020-05-27,168.65
2020-05-28,155.98
2020-05-29,153.2
2020-05-30,161.84
2020-05-31,152.68
2020-06-01,152.57
2020-06-02,155.42
2020-06-03,155.23
2020-06-04,163.98
2020-06-05,150.2
2020-06-06,152.03
2020-06-07,173.57
2020-06-08,165.25
2020-06-09,170.46
2020-06-10,159.89
2020-06-11,161.62
2020-06-12,109.67
2020-06-13,71.5
2020-06-14,75.38
2020-06-15,70.02
2020-06-16,71.22
2020-06-17,69.94
2020-06-18,66.66
2020-06-19,73.82
2020-06-20,85.09
2020-06-21,75.89
2020-06-22,75.71
2020-06-23,74.86
2020-06-24,69.49
2020-06-25,75.64
2020-06-26,69.49
2020-06-27,73.41
2020-06-28,74.52
2020-06-29,75.22
2020-06-30,80.51
2020-07-01,102.38
2020-01-22,113.87
2020-01-23,110.34
2020-01-24,114.86
2020-01-25,113.7
2020-01-26,113.24
2020-01-27,114.06
2020-01-28,119.42
2020-01-29,119.6
2020-01-30,99.98
2020-01-31,109.08
2020-02-01,95.77
2020-02-02,83.08
2020-02-03,97.71
2020-02-04,107.42
2020-02-05,108.51
2020-02-06,96.72
2020-02-07,108.96
2020-02-08,140.63
2020-02-09,111.94
2020-02-10,123.94
2020-02-11,122.94
2020-02-12,136.05
2020-02-13,136.7
2020-02-14,140.51
2020-02-15,140.64
2020-02-16,115.31
2020-02-17,134.46
2020-02-18,131.39
2020-02-19,201.76
2020-02-20,120.58
2020-02-21,121.04
2020-02-22,99.69
2020-02-23,85.13
2020-02-24,109.65
2020-02-25,95.35
2020-02-26,113.52
2020-02-27,100.73
2020-02-28,97.41
2020-02-29,158.39
2020-03-01,128.53
2020-03-02,102.17
2020-03-03,97.42
2020-03-04,93.48
2020-03-05,101.4
2020-03-06,256.55
2020-03-07,209.44
2020-03-08,179.02
2020-03-09,116.84
2020-03-10,129.32
2020-03-11,130.88
2020-03-12,82.01
2020-03-13,107.54
2020-03-14,119.02
2020-03-15,108.39
2020-03-16,160.29
2020-03-17,158.21
2020-03-18,137.54
2020-03-19,117.31
2020-03-20,91.65
2020-03-21,90.44
2020-03-22,41.62
2020-03-23,76.06
2020-03-24,48.51
2020-03-25,31.87
2020-03-26,40.93
2020-03-27,52.8
2020-03-28,55.58
2020-03-29,34.28
2020-03-30,41.28
2020-03-31,42.23
2020-04-01,52.03
2020-04-02,53.13
2020-04-03,46.07
2020-04-04,39.45
2020-04-05,29.48
2020-04-06,21.13
2020-04-07,23.28
2020-04-08,40.42
2020-04-09,40.0
2020-04-10,28.51
2020-04-11,27.99
2020-04-12,30.75
2020-04-13,47.4
2020-04-14,46.91
2020-04-15,32.39
2020-04-16,32.7
2020-04-17,31.14
2020-04-18,29.26
2020-04-19,39.15
2020-04-20,32.49
2020-04-21,25.64
2020-04-22,22.91
2020-04-23,25.83
2020-04-24,27.63
2020-04-25,40.0
2020-04-26,48.1
2020-04-27,31.3
2020-04-28,33.47
2020-04-29,24.74
2020-04-30,43.48
2020-05-01,36.21
2020-05-02,35.46
2020-05-03,39.08
2020-05-04,40.1
2020-05-05,45.89
2020-05-06,42.51
2020-05-07,49.33
2020-05-08,28.83
2020-05-09,28.02
2020-05-10,32.4
2020-05-11,23.51
2020-05-12,49.33
2020-05-13,25.58
2020-05-14,39.4
2020-05-15,40.78
2020-05-16,19.19
2020-05-17,36.35
2020-05-18,30.74
2020-05-19,38.57
2020-05-20,38.16
2020-05-21,18.65
2020-05-22,22.3
2020-05-23,45.46
2020-05-24,47.41
2020-05-25,50.99
2020-05-26,40.29
2020-05-27,40.36
2020-05-28,25.81
2020-05-29,53.05
2020-05-30,45.16
2020-05-31,16.45
2020-06-01,20.53
2020-06-02,15.06
2020-06-03,19.41
2020-06-04,24.34
2020-06-05,17.91
2020-06-06,13.78
2020-06-07,17.09
2020-06-08,44.7
2020-06-09,52.99
2020-06-10,43.64
2020-06-11,23.46
2020-06-12,32.58
2020-06-13,41.13
2020-06-14,16.96
2020-06-15,66.09
2020-06-16,33.77
2020-06-17,39.49
2020-06-18,45.85
2020-06-19,27.81
2020-06-20,41.2
2020-06-21,11.25
2020-06-22,24.5
2020-06-23,50.98
2020-06-24,62.4
2020-06-25,39.28
2020-06-26,26.27
2020-06-27,26.08
2020-06-28,19.38
2020-06-29,38.86
2020-06-30,41.74
2020-07-01,10.97
2018-04-10,57.0
2018-04-11,50.87
2018-04-12,43.04
2018-04-13,46.49
2018-04-14,42.1
2018-04-15,54.89
2018-04-16,51.27
2018-04-17,40.66
2018-04-18,0.0
2018-04-19,0.0
2018-04-20,0.0
2018-04-21,0.0
2018-04-22,0.0
2018-04-23,0.0
2018-04-24,0.0
2018-04-25,0.0
2018-04-26,0.0
2018-04-27,0.0
2018-04-28,0.0
2018-04-29,0.0
2018-04-30,0.0
2018-05-01,0.0
2018-05-02,0.0
2018-05-03,0.0
2018-05-04,0.0
2018-05-05,0.0
2018-05-06,0.0
2018-05-07,0.0
2018-05-08,0.0
2018-05-09,0.0
2018-05-10,0.0
2018-05-11,0.0
2018-05-12,0.0
2018-05-13,0.0
2018-05-14,0.0
2018-05-15,0.0
2018-05-16,0.0
2018-05-17,0.0
2018-05-18,0.0
2018-05-19,27.5
2018-05-20,0.0
2018-05-21,0.0
2018-05-22,0.0
2018-05-23,0.0
2018-05-24,0.0
2018-05-25,0.0
2018-05-26,0.0
2018-05-27,0.0
2018-05-28,0.0
2018-05-29,0.0
2018-05-30,0.0
2018-05-31,0.0
2018-06-01,0.0
2018-06-02,0.0
2018-06-03,0.0
2018-06-04,12.03
2018-06-05,0.0
2018-06-06,0.0
2018-06-07,7.12
2018-06-08,0.0
2018-06-09,0.0
2018-06-10,0.0
2018-06-11,0.0
2018-06-12,0.0
2018-06-13,0.0
2018-06-14,0.0
2018-06-15,133.18
2018-06-16,128.66
2018-06-17,107.03
2018-06-18,105.68
2018-06-19,87.24
2018-06-20,53.19
2018-06-21,60.16
2018-06-22,48.96
2018-06-23,44.58
2018-06-24,46.54
2018-06-25,45.36
2018-06-26,46.08
2018-06-27,33.83
2018-06-28,26.42
2018-06-29,35.0
2018-06-30,55.13
2018-07-01,57.99
2018-07-02,55.35
2018-07-03,50.73
2018-07-04,53.17
2018-07-05,47.83
2018-07-06,65.18
2018-07-07,37.89
2018-07-08,28.42
2018-07-09,30.91
2018-07-10,38.66
2018-07-11,36.07
2018-07-12,36.92
2018-07-13,40.49
2018-07-14,30.87
2018-07-15,19.72
2018-07-16,20.65
2018-07-17,28.06
2018-07-18,29.44
2018-07-19,33.09
2018-07-20,37.53
2018-07-21,16.48
2018-07-22,12.6
2018-07-23,36.75
2018-07-24,47.38
2018-07-25,62.02
2018-07-26,37.21
2018-07-27,45.99
2018-07-28,65.45
2018-07-29,66.64
2018-07-30,58.03
2018-07-31,63.95
2018-08-01,39.94
2018-08-02,64.64
2018-08-03,86.59
2018-08-04,80.48
2018-08-05,57.79
2018-08-06,67.16
2018-08-07,34.3
2018-08-08,36.65
2018-08-09,39.71
2018-08-10,46.16
2018-08-11,41.21
2018-08-12,35.46
2018-08-13,29.3
2018-08-14,26.66
2018-08-15,19.88
2018-08-16,31.55
2018-08-17,35.59
2018-08-18,39.15
2018-08-19,54.35
2018-08-20,23.27
2018-08-21,25.76
2018-08-22,36.64
2018-08-23,48.8
2018-08-24,47.99
2018-08-25,39.66
2018-08-26,25.17
2018-08-27,26.27
2018-08-28,26.25
2018-08-29,32.85
2018-08-30,46.54
2018-08-31,58.22
2018-09-01,29.29
2018-09-02,28.39
2018-09-03,54.09
2018-09-04,75.89
2018-09-05,47.56
2018-09-06,27.02
2018-09-07,39.94
2018-09-08,45.48
2018-09-09,42.79
2018-09-10,51.97
2018-09-11,56.64
2018-09-12,73.8
2018-09-13,92.4
2018-09-14,87.69
2018-09-15,96.62
2018-09-16,98.68
2018-09-17,108.13
2018-09-18,103.62
2018-09-19,113.28
2018-09-20,35.0
2018-09-21,15.53
2018-09-22,31.7
2018-09-23,43.42
2018-09-24,46.6
2018-09-25,63.79
2018-09-26,75.42
2018-09-27,88.21
2018-09-28,97.56
2018-09-29,94.97
2018-09-30,108.46
2018-10-01,134.51
2018-10-02,113.68
2018-10-03,111.2
2018-10-04,140.16
2018-10-05,147.47
2018-10-06,161.16
2018-10-07,161.62
2018-10-08,169.29
2018-10-09,91.84
2018-10-10,24.85
2018-10-11,19.92
2018-10-12,36.08
2018-10-13,32.48
2018-10-14,56.81
2018-10-15,76.41
2018-10-16,100.25
2018-10-17,133.92
2018-10-18,124.87
2018-10-19,126.23
2018-10-20,152.59
2018-10-21,151.9
2018-10-22,155.61
2018-10-23,173.2
2018-10-24,164.83
2018-10-25,150.75
2018-10-26,203.94
2018-10-27,165.18
2018-10-28,140.86
2018-10-29,47.29
2018-10-30,33.52
2018-10-31,27.49
2018-11-01,41.36
2018-11-02,62.59
2018-11-03,78.82
2018-11-04,51.67
2018-11-05,56.14
2018-11-06,136.51
2018-11-07,264.82
2018-11-08,360.75
2018-11-09,285.82
2018-11-10,266.69
2018-11-11,210.28
2018-11-12,262.32
2018-11-13,294.5
2018-11-14,293.29
2018-11-15,299.16
2018-11-16,263.76
2018-11-17,237.02
2018-11-18,257.04
2018-11-19,217.97
2018-11-20,241.45
2018-11-21,230.9
2018-11-22,331.35
2018-11-23,297.11
2018-11-24,347.61
2018-11-25,378.31
2018-11-26,272.33
2018-11-27,175.44
2018-11-28,161.2
2018-11-29,176.31
2018-11-30,218.42
2018-12-01,254.9
2018-12-02,237.95
2018-12-03,285.2
2018-12-04,316.43
2018-12-05,371.23
2018-12-06,349.49
2018-12-07,418.89
2018-12-08,388.94
2018-12-09,386.88
2018-12-10,358.27
2018-12-11,343.07
2018-12-12,306.69
2018-12-13,227.88
2018-12-14,225.36
2018-12-15,228.39
2018-12-16,219.86
2018-12-17,187.51
2018-12-18,98.44
2018-12-19,121.56
2018-12-20,198.5
2018-12-21,325.61
2018-12-22,349.32
2018-12-23,303.95
2018-12-24,264.89
2018-12-25,341.74
2018-12-26,311.48
2018-12-27,384.73
2018-12-28,336.24
2018-12-29,348.02
2018-12-30,285.55
2018-12-31,276.41
2019-01-01,326.78
2019-01-02,261.09
2019-01-03,381.78
2019-01-04,385.24
2019-01-05,332.24
2019-01-06,252.16
2019-01-07,263.39
2019-01-08,265.22
2019-01-09,283.42
2019-01-10,326.44
2019-01-11,317.78
2019-01-12,385.31
2019-01-13,318.17
2019-01-14,417.05
2019-01-15,320.85
2019-01-16,255.7
2019-01-17,348.3
2019-01-18,363.72
2019-01-19,394.67
2019-01-20,392.0
2019-01-21,419.43
2019-01-22,469.32
2019-01-23,396.97
2019-01-24,322.12
2019-01-25,246.66
2019-01-26,203.17
2019-01-27,188.34
2019-01-28,180.14
2019-01-29,175.72
2019-01-30,181.31
2019-01-31,270.09
2019-02-01,273.34
2019-02-02,322.73
2019-02-03,336.02
2019-02-04,293.11
2019-02-05,290.85
2019-02-06,342.34
2019-02-07,295.97
2019-02-08,264.95
2019-02-09,167.61
2019-02-10,112.72
2019-02-11,161.6
2019-02-12,212.8
2019-02-13,254.19
2019-02-14,345.73
2019-02-15,339.86
2019-02-16,208.77
2019-02-17,160.84
2019-02-18,183.53
2019-02-19,245.83
2019-02-20,159.86
2019-02-21,272.5
2019-02-22,158.75
2019-02-23,193.57
2019-02-24,221.88
2019-02-25,131.38
2019-02-26,75.42
2019-02-27,42.82
2019-02-28,52.25
2019-03-01,107.96
2019-03-02,146.83
2019-03-03,202.87
2019-03-04,170.15
2019-03-05,109.62
2019-03-06,124.15
2019-03-07,167.12
2019-03-08,165.43
2019-03-09,175.94
2019-03-10,122.77
2019-03-11,127.44
2019-03-12,154.9
2019-03-13,119.24
2019-03-14,140.82
2019-03-15,155.33
2019-03-16,100.16
2019-03-17,132.31
2019-03-18,108.15
2019-03-19,103.34
2019-03-20,118.0
2019-03-21,97.86
2019-03-22,83.88
2019-03-23,122.27
2019-03-24,152.03
2019-03-25,210.26
2019-03-26,174.78
2019-03-27,134.81
2019-03-28,119.54
2019-03-29,103.52
2019-03-30,105.96
2019-03-31,92.3
2019-04-01,57.67
2019-04-02,89.35
2019-04-03,90.75
2019-04-04,80.25
2019-04-05,81.36
2019-04-06,82.13
2019-04-07,58.14
2019-04-08,64.37
2019-04-09,65.76
2019-04-10,55.27
2019-04-11,63.16
2019-04-12,61.52
2019-04-13,74.74
2019-04-14,63.15
2019-04-15,67.16
2019-04-16,101.54
2019-04-17,123.58
2019-04-18,171.99
2019-04-19,151.69
2019-04-20,98.35
2019-04-21,75.8
2019-04-22,85.76
2019-04-23,72.86
2019-04-24,66.55
2019-04-25,59.51
2019-04-26,79.62
2019-04-27,89.61
2019-04-28,77.14
2019-04-29,102.42
2019-04-30,141.78
2019-05-01,94.91
2019-05-02,83.54
2019-05-03,56.12
2019-05-04,39.22
2019-05-05,108.43
2019-05-06,127.11
2019-05-07,126.2
2019-05-08,133.0
2019-05-09,132.1
2019-05-10,129.42
2019-05-11,121.13
2019-05-12,109.67
2019-05-13,97.99
2019-05-14,82.31
2019-05-15,88.6
2019-05-16,87.16
2019-05-17,96.98
2019-05-18,99.23
2019-05-19,96.62
2019-05-20,91.54
2019-05-21,88.64
2019-05-22,91.94
2019-05-23,72.04
2019-05-24,79.78
2019-05-25,66.61
2019-05-26,72.29
2019-05-27,92.1
2019-05-28,89.93
2019-05-29,87.26
2019-05-30,77.52
2019-05-31,71.66
2019-06-01,69.53
2019-06-02,57.42
2019-06-03,57.27
2019-06-04,60.06
2019-06-05,47.01
2019-06-06,34.49
2019-06-07,33.84
2019-06-08,29.35
2019-06-09,48.86
2019-06-10,62.72
2019-06-11,58.4
2019-06-12,64.75
2019-06-13,75.56
2019-06-14,89.17
2019-06-15,65.3
2019-06-16,60.8
2019-06-17,107.48
2019-06-18,86.87
2019-06-19,92.07
2019-06-20,77.35
2019-06-21,38.81
2019-06-22,36.22
2019-06-23,35.32
2019-06-24,53.43
2019-06-25,52.12
2019-06-26,44.36
2019-06-27,49.27
2019-06-28,58.52
2019-06-29,76.1
2019-06-30,82.48
2019-07-01,48.3
2019-07-02,30.71
2019-07-03,39.15
2019-07-04,63.73
2019-07-05,54.31
2019-07-06,52.07
2019-07-07,40.85
2019-07-08,60.83
2019-07-09,60.03
2019-07-10,52.69
2019-07-11,56.45
2019-07-12,57.5
2019-07-13,69.72
2019-07-14,75.46
2019-07-15,92.7
2019-07-16,82.52
2019-07-17,104.21
2019-07-18,81.77
2019-07-19,30.29
2019-07-20,44.3
2019-07-21,47.27
2019-07-22,43.33
2019-07-23,34.69
2019-07-24,33.81
2019-07-25,63.34
2019-07-26,50.27
2019-07-27,40.45
2019-07-28,23.33
2019-07-29,20.56
2019-07-30,43.61
2019-07-31,48.28
2019-08-01,44.79
2019-08-02,34.63
2019-08-03,40.82
2019-08-04,62.25
2019-08-05,57.32
2019-08-06,45.47
2019-08-07,16.56
2019-08-08,22.78
2019-08-09,45.74
2019-08-10,58.33
2019-08-11,75.21
2019-08-12,51.62
2019-08-13,22.97
2019-08-14,54.22
2019-08-15,40.62
2019-08-16,47.39
2019-08-17,26.95
2019-08-18,24.3
2019-08-19,30.32
2019-08-20,46.94
2019-08-21,52.58
2019-08-22,55.66
2019-08-23,30.42
2019-08-24,32.41
2019-08-25,24.22
2019-08-26,22.87
2019-08-27,28.91
2019-08-28,40.02
2019-08-29,29.09
2019-08-30,36.56
2019-08-31,35.74
2019-09-01,50.5
2019-09-02,32.01
2019-09-03,19.67
2019-09-04,21.58
2019-09-05,21.17
2019-09-06,20.17
2019-09-07,21.3
2019-09-08,23.51
2019-09-09,33.89
2019-09-10,43.09
2019-09-11,34.89
2019-09-12,34.87
2019-09-13,39.58
2019-09-14,50.45
2019-09-15,54.31
2019-09-16,46.43
2019-09-17,38.64
2019-09-18,26.69
2019-09-19,22.6
2019-09-20,44.33
2019-09-21,54.04
2019-09-22,39.76
2019-09-23,27.79
2019-09-24,19.38
2019-09-25,22.26
2019-09-26,31.97
2019-09-27,33.53
2019-09-28,33.92
2019-09-29,26.69
2019-09-30,30.44
2019-10-01,61.75
2019-10-02,90.6
2019-10-03,65.5
2019-10-04,58.42
2019-10-05,66.53
2019-10-06,76.92
2019-10-07,65.76
2019-10-08,55.33
2019-10-09,30.49
2019-10-10,52.87
2019-10-11,66.97
2019-10-12,82.16
2019-10-13,108.35
2019-10-14,107.38
2019-10-15,103.94
2019-10-16,92.76
2019-10-17,85.23
2019-10-18,108.38
2019-10-19,105.64
2019-10-20,101.4
2019-10-21,128.62
2019-10-22,111.63
2019-10-23,130.56
2019-10-24,58.82
2019-10-25,42.0
2019-10-26,63.66
2019-10-27,133.73
2019-10-28,180.39
2019-10-29,177.4
2019-10-30,171.02
2019-10-31,200.92
2019-11-01,211.21
2019-11-02,157.84
2019-11-03,136.63
2019-11-04,147.98
2019-11-05,221.56
2019-11-06,244.81
2019-11-07,180.18
2019-11-08,103.92
2019-11-09,34.15
2019-11-10,43.14
2019-11-11,81.19
2019-11-12,181.97
2019-11-13,204.82
2019-11-14,171.14
2019-11-15,161.01
2019-11-16,170.48
2019-11-17,178.88
2019-11-18,203.72
2019-11-19,208.28
2019-11-20,195.42
2019-11-21,183.8
2019-11-22,187.94
2019-11-23,222.67
2019-11-24,258.0
2019-11-25,233.93
2019-11-26,229.43
2019-11-27,232.5
2019-11-28,156.41
2019-11-29,170.19
2019-11-30,224.99
2019-12-01,192.04
2019-12-02,165.95
2019-12-03,202.55
2019-12-04,203.24
2019-12-05,173.56
2019-12-06,143.09
2019-12-07,152.71
2019-12-08,163.09
2019-12-09,135.43
2019-12-10,136.04
2019-12-11,149.7
2019-12-12,140.94
2019-12-13,185.67
2019-12-14,228.18
2019-12-15,186.46
2019-12-16,131.04
2019-12-17,139.55
2019-12-18,152.91
2019-12-19,150.99
2019-12-20,185.51
2019-12-21,248.22
2019-12-22,220.65
2019-12-23,234.99
2019-12-24,262.53
2019-12-25,231.11
2019-12-26,217.34
2019-12-27,144.61
2019-12-28,212.65
2019-12-29,177.8
2019-12-30,220.29
2019-12-31,235.51
2020-01-01,247.05
2020-01-02,220.19
2020-01-03,100.05
2020-01-04,96.07
2020-01-05,170.2
2020-01-06,179.61
2020-01-07,197.16
2020-01-08,220.72
2020-01-09,160.64
2020-01-10,158.8
2020-01-11,149.81
2020-01-12,156.39
2020-01-13,191.22
2020-01-14,269.95
2020-01-15,325.84
2020-01-16,256.22
2020-01-17,211.36
2020-01-18,167.5
2020-01-19,176.12
2020-01-20,125.7
2020-01-21,157.98
2020-01-22,200.55
2020-01-23,211.3
2020-01-24,164.39
2020-01-25,134.22
2020-01-26,197.16
2020-01-27,216.85
2020-01-28,221.71
2020-01-29,121.15
2020-01-30,118.12
2020-01-31,154.08
2020-02-01,135.39
2020-02-02,158.46
2020-02-03,139.53
2020-02-04,168.58
2020-02-05,203.72
2020-02-06,161.52
2020-02-07,180.94
2020-02-08,225.37
2020-02-09,174.34
2020-02-10,169.09
2020-02-11,210.54
2020-02-12,203.59
2020-02-13,204.3
2020-02-14,217.18
2020-02-15,157.73
2020-02-16,211.64
2020-02-17,207.97
2020-02-18,190.61
2020-02-19,157.66
2020-02-20,115.09
2020-02-21,175.18
2020-02-22,208.66
2020-02-23,189.57
2020-02-24,205.48
2020-02-25,136.88
2020-02-26,84.42
2020-02-27,89.71
2020-02-28,141.5
2020-02-29,141.14
2020-03-01,173.74
2020-03-02,183.82
2020-03-03,149.76
2020-03-04,86.22
2020-03-05,71.62
2020-03-06,72.34
2020-03-07,58.09
2020-03-08,73.49
2020-03-09,110.73
2020-03-10,119.8
2020-03-11,111.27
2020-03-12,114.2
2020-03-13,110.82
2020-03-14,110.27
2020-03-15,55.65
2020-03-16,116.34
2020-03-17,118.28
2020-03-18,148.45
2020-03-19,149.16
2020-03-20,82.64
2020-03-21,86.73
2020-03-22,30.44
2020-03-23,56.35
2020-03-24,52.19
2020-03-25,77.59
2020-03-26,60.49
2020-03-27,83.63
2020-03-28,77.11
2020-03-29,68.04
2020-03-30,71.92
2020-03-31,76.1
2020-04-01,78.52
2020-04-02,62.04
2020-04-03,71.67
2020-04-04,100.15
2020-04-05,75.16
2020-04-06,70.1
2020-04-07,74.46
2020-04-08,48.43
2020-04-09,43.54
2020-04-10,37.8
2020-04-11,39.16
2020-04-12,57.98
2020-04-13,48.39
2020-04-14,50.91
2020-04-15,55.61
2020-04-16,62.36
2020-04-17,45.57
2020-04-18,39.71
2020-04-19,31.37
2020-04-20,30.86
2020-04-21,24.7
2020-04-22,29.16
2020-04-23,27.12
2020-04-24,23.68
2020-04-25,29.63
2020-04-26,27.95
2020-04-27,36.11
2020-04-28,19.98
2020-04-29,31.0
2020-04-30,29.3
2020-05-01,25.57
2020-05-02,32.46
2020-05-03,32.98
2020-05-04,42.76
2020-05-05,35.85
2020-05-06,27.77
2020-05-07,34.69
2020-05-08,32.48
2020-05-09,44.67
2020-05-10,42.14
2020-05-11,41.4
2020-05-12,59.6
2020-05-13,53.11
2020-05-14,41.75
2020-05-15,31.18
2020-05-16,30.52
2020-05-17,31.76
2020-05-18,33.06
2020-05-19,22.93
2020-05-20,23.54
2020-05-21,32.25
2020-05-22,38.11
2020-05-23,55.17
2020-05-24,49.54
2020-05-25,51.67
2020-05-26,47.74
2020-05-27,39.88
2020-05-28,31.97
2020-05-29,38.8
2020-05-30,37.46
2020-05-31,32.47
2020-06-01,32.89
2020-06-02,34.52
2020-06-03,33.88
2020-06-04,36.33
2020-06-05,28.39
2020-06-06,41.15
2020-06-07,48.4
2020-06-08,43.41
2020-06-09,43.1
2020-06-10,35.54
2020-06-11,21.41
2020-06-12,22.11
2020-06-13,25.88
2020-06-14,25.89
2020-06-15,31.75
2020-06-16,27.05
2020-06-17,41.37
2020-06-18,39.77
2020-06-19,46.04
2020-06-20,34.98
2020-06-21,27.62
2020-06-22,36.69
2020-06-23,43.17
2020-06-24,50.87
2020-06-25,43.63
2020-06-26,28.44
2020-06-27,24.73
2020-06-28,25.56
2020-06-29,32.4
2020-06-30,35.85
2020-07-01,31.58
2015-01-01,0.0
2015-01-02,0.0
2015-01-03,0.0
2015-01-04,0.0
2015-01-05,0.0
2015-01-06,0.0
2015-01-07,0.0
2015-01-08,0.0
2015-01-09,0.0
2015-01-10,0.0
2015-01-11,0.0
2015-01-12,0.0
2015-01-13,0.0
2015-01-14,0.0
2015-01-15,0.0
2015-01-16,0.0
2015-01-17,0.0
2015-01-18,0.0
2015-01-19,0.0
2015-01-20,0.0
2015-01-21,0.0
2015-01-22,0.0
2015-01-23,0.0
2015-01-24,0.0
2015-01-25,0.0
2015-01-26,0.0
2015-01-27,0.0
2015-01-28,0.0
2015-01-29,0.0
2015-01-30,0.0
2015-01-31,0.0
2015-02-01,0.0
2015-02-02,0.0
2015-02-03,0.0
2015-02-04,0.0
2015-02-05,0.0
2015-02-06,0.0
2015-02-07,0.0
2015-02-08,0.0
2015-02-09,0.0
2015-02-10,0.0
2015-02-11,0.0
2015-02-12,0.0
2015-02-13,0.0
2015-02-14,0.0
2015-02-15,0.0
2015-02-16,0.0
2015-02-17,0.0
2015-02-18,0.0
2015-02-19,0.0
2015-02-20,0.0
2015-02-21,0.0
2015-02-22,0.0
2015-02-23,0.0
2015-02-24,0.0
2015-02-25,0.0
2015-02-26,0.0
2015-02-27,0.0
2015-02-28,0.0
2015-03-01,0.0
2015-03-02,0.0
2015-03-03,0.0
2015-03-04,0.0
2015-03-05,0.0
2015-03-06,0.0
2015-03-07,0.0
2015-03-08,0.0
2015-03-09,0.0
2015-03-10,0.0
2015-03-11,0.0
2015-03-12,0.0
2015-03-13,0.0
2015-03-14,0.0
2015-03-15,0.0
2015-03-16,0.0
2015-03-17,0.0
2015-03-18,0.0
2015-03-19,0.0
2015-03-20,0.0
2015-03-21,0.0
2015-03-22,0.0
2015-03-23,0.0
2015-03-24,0.0
2015-03-25,0.0
2015-03-26,0.0
2015-03-27,0.0
2015-03-28,0.0
2015-03-29,0.0
2015-03-30,0.0
2015-03-31,0.0
2015-04-01,0.0
2015-04-02,0.0
2015-04-03,0.0
2015-04-04,0.0
2015-04-05,0.0
2015-04-06,0.0
2015-04-07,0.0
2015-04-08,0.0
2015-04-09,0.0
2015-04-10,0.0
2015-04-11,0.0
2015-04-12,0.0
2015-04-13,0.0
2015-04-14,0.0
2015-04-15,0.0
2015-04-16,0.0
2015-04-17,0.0
2015-04-18,0.0
2015-04-19,0.0
2015-04-20,0.0
2015-04-21,0.0
2015-04-22,0.0
2015-04-23,0.0
2015-04-24,0.0
2015-04-25,0.0
2015-04-26,0.0
2015-04-27,0.0
2015-04-28,0.0
2015-04-29,0.0
2015-04-30,0.0
2015-05-01,0.0
2015-05-02,0.0
2015-05-03,0.0
2015-05-04,0.0
2015-05-05,0.0
2015-05-06,0.0
2015-05-07,0.0
2015-05-08,0.0
2015-05-09,0.0
2015-05-10,0.0
2015-05-11,0.0
2015-05-12,0.0
2015-05-13,0.0
2015-05-14,0.0
2015-05-15,0.0
2015-05-16,0.0
2015-05-17,0.0
2015-05-18,0.0
2015-05-19,0.0
2015-05-20,0.0
2015-05-21,0.0
2015-05-22,0.0
2015-05-23,0.0
2015-05-24,0.0
2015-05-25,0.0
2015-05-26,0.0
2015-05-27,0.0
2015-05-28,0.0
2015-05-29,0.0
2015-05-30,0.0
2015-05-31,0.0
2015-06-01,0.0
2015-06-02,0.0
2015-06-03,0.0
2015-06-04,0.0
2015-06-05,0.0
2015-06-06,0.0
2015-06-07,0.0
2015-06-08,0.0
2015-06-09,0.0
2015-06-10,0.0
2015-06-11,0.0
2015-06-12,0.0
2015-06-13,0.0
2015-06-14,0.0
2015-06-15,0.0
2015-06-16,0.0
2015-06-17,0.0
2015-06-18,0.0
2015-06-19,0.0
2015-06-20,0.0
2015-06-21,0.0
2015-06-22,0.0
2015-06-23,0.0
2015-06-24,0.0
2015-06-25,0.0
2015-06-26,0.0
2015-06-27,0.0
2015-06-28,0.0
2015-06-29,0.0
2015-06-30,0.0
2015-07-01,0.0
2015-07-02,0.0
2015-07-03,0.0
2015-07-04,0.0
2015-07-05,0.0
2015-07-06,0.0
2015-07-07,0.0
2015-07-08,0.0
2015-07-09,0.0
2015-07-10,0.0
2015-07-11,0.0
2015-07-12,0.0
2015-07-13,0.0
2015-07-14,0.0
2015-07-15,0.0
2015-07-16,0.0
2015-07-17,0.0
2015-07-18,0.0
2015-07-19,0.0
2015-07-20,0.0
2015-07-21,0.0
2015-07-22,0.0
2015-07-23,0.0
2015-07-24,0.0
2015-07-25,0.0
2015-07-26,0.0
2015-07-27,0.0
2015-07-28,0.0
2015-07-29,0.0
2015-07-30,0.0
2015-07-31,0.0
2015-08-01,0.0
2015-08-02,0.0
2015-08-03,0.0
2015-08-04,0.0
2015-08-05,0.0
2015-08-06,0.0
2015-08-07,0.0
2015-08-08,0.0
2015-08-09,0.0
2015-08-10,0.0
2015-08-11,0.0
2015-08-12,0.0
2015-08-13,0.0
2015-08-14,0.0
2015-08-15,0.0
2015-08-16,0.0
2015-08-17,0.0
2015-08-18,0.0
2015-08-19,0.0
2015-08-20,0.0
2015-08-21,0.0
2015-08-22,0.0
2015-08-23,0.0
2015-08-24,0.0
2015-08-25,0.0
2015-08-26,0.0
2015-08-27,0.0
2015-08-28,0.0
2015-08-29,0.0
2015-08-30,0.0
2015-08-31,0.0
2015-09-01,0.0
2015-09-02,0.0
2015-09-03,0.0
2015-09-04,0.0
2015-09-05,0.0
2015-09-06,0.0
2015-09-07,0.0
2015-09-08,0.0
2015-09-09,0.0
2015-09-10,0.0
2015-09-11,0.0
2015-09-12,0.0
2015-09-13,0.0
2015-09-14,0.0
2015-09-15,0.0
2015-09-16,0.0
2015-09-17,0.0
2015-09-18,0.0
2015-09-19,0.0
2015-09-20,0.0
2015-09-21,0.0
2015-09-22,0.0
2015-09-23,0.0
2015-09-24,0.0
2015-09-25,0.0
2015-09-26,0.0
2015-09-27,0.0
2015-09-28,0.0
2015-09-29,0.0
2015-09-30,0.0
2015-10-01,0.0
2015-10-02,0.0
2015-10-03,0.0
2015-10-04,0.0
2015-10-05,0.0
2015-10-06,0.0
2015-10-07,0.0
2015-10-08,0.0
2015-10-09,0.0
2015-10-10,0.0
2015-10-11,0.0
2015-10-12,0.0
2015-10-13,0.0
2015-10-14,0.0
2015-10-15,0.0
2015-10-16,0.0
2015-10-17,0.0
2015-10-18,0.0
2015-10-19,0.0
2015-10-20,0.0
2015-10-21,0.0
2015-10-22,0.0
2015-10-23,0.0
2015-10-24,0.0
2015-10-25,0.0
2015-10-26,0.0
2015-10-27,0.0
2015-10-28,0.0
2015-10-29,0.0
2015-10-30,0.0
2015-10-31,0.0
2015-11-01,0.0
2015-11-02,0.0
2015-11-03,0.0
2015-11-04,0.0
2015-11-05,0.0
2015-11-06,0.0
2015-11-07,0.0
2015-11-08,0.0
2015-11-09,0.0
2015-11-10,0.0
2015-11-11,0.0
2015-11-12,0.0
2015-11-13,0.0
2015-11-14,0.0
2015-11-15,0.0
2015-11-16,0.0
2015-11-17,0.0
2015-11-18,0.0
2015-11-19,0.0
2015-11-20,0.0
2015-11-21,0.0
2015-11-22,0.0
2015-11-23,0.0
2015-11-24,0.0
2015-11-25,0.0
2015-11-26,0.0
2015-11-27,0.0
2015-11-28,0.0
2015-11-29,0.0
2015-11-30,0.0
2015-12-01,0.0
2015-12-02,0.0
2015-12-03,0.0
2015-12-04,0.0
2015-12-05,0.0
2015-12-06,0.0
2015-12-07,0.0
2015-12-08,0.0
2015-12-09,0.0
2015-12-10,0.0
2015-12-11,0.0
2015-12-12,0.0
2015-12-13,0.0
2015-12-14,0.0
2015-12-15,0.0
2015-12-16,0.0
2015-12-17,0.0
2015-12-18,0.0
2015-12-19,0.0
2015-12-20,0.0
2015-12-21,0.0
2015-12-22,0.0
2015-12-23,0.0
2015-12-24,0.0
2015-12-25,0.0
2015-12-26,0.0
2015-12-27,0.0
2015-12-28,0.0
2015-12-29,0.0
2015-12-30,0.0
2015-12-31,0.0
2016-01-01,0.0
2016-01-02,0.0
2016-01-03,0.0
2016-01-04,0.0
2016-01-05,0.0
2016-01-06,0.0
2016-01-07,0.0
2016-01-08,0.0
2016-01-09,0.0
2016-01-10,0.0
2016-01-11,0.0
2016-01-12,0.0
2016-01-13,0.0
2016-01-14,0.0
2016-01-15,0.0
2016-01-16,0.0
2016-01-17,0.0
2016-01-18,0.0
2016-01-19,0.0
2016-01-20,0.0
2016-01-21,0.0
2016-01-22,0.0
2016-01-23,0.0
2016-01-24,0.0
2016-01-25,0.0
2016-01-26,0.0
2016-01-27,0.0
2016-01-28,0.0
2016-01-29,0.0
2016-01-30,0.0
2016-01-31,0.0
2016-02-01,0.0
2016-02-02,0.0
2016-02-03,0.0
2016-02-04,0.0
2016-02-05,0.0
2016-02-06,0.0
2016-02-07,0.0
2016-02-08,0.0
2016-02-09,0.0
2016-02-10,0.0
2016-02-11,0.0
2016-02-12,0.0
2016-02-13,0.0
2016-02-14,0.0
2016-02-15,0.0
2016-02-16,0.0
2016-02-17,0.0
2016-02-18,0.0
2016-02-19,0.0
2016-02-20,0.0
2016-02-21,0.0
2016-02-22,0.0
2016-02-23,0.0
2016-02-24,0.0
2016-02-25,0.0
2016-02-26,0.0
2016-02-27,0.0
2016-02-28,0.0
2016-02-29,0.0
2016-03-01,0.0
2016-03-02,0.0
2016-03-03,0.0
2016-03-04,0.0
2016-03-05,0.0
2016-03-06,0.0
2016-03-07,0.0
2016-03-08,0.0
2016-03-09,0.0
2016-03-10,0.0
2016-03-11,0.0
2016-03-12,0.0
2016-03-13,0.0
2016-03-14,0.0
2016-03-15,0.0
2016-03-16,0.0
2016-03-17,0.0
2016-03-18,0.0
2016-03-19,0.0
2016-03-20,0.0
2016-03-21,0.0
2016-03-22,0.0
2016-03-23,0.0
2016-03-24,0.0
2016-03-25,0.0
2016-03-26,0.0
2016-03-27,0.0
2016-03-28,0.0
2016-03-29,0.0
2016-03-30,0.0
2016-03-31,0.0
2016-04-01,0.0
2016-04-02,0.0
2016-04-03,0.0
2016-04-04,0.0
2016-04-05,0.0
2016-04-06,0.0
2016-04-07,0.0
2016-04-08,0.0
2016-04-09,0.0
2016-04-10,0.0
2016-04-11,0.0
2016-04-12,0.0
2016-04-13,0.0
2016-04-14,0.0
2016-04-15,0.0
2016-04-16,0.0
2016-04-17,0.0
2016-04-18,0.0
2016-04-19,0.0
2016-04-20,0.0
2016-04-21,0.0
2016-04-22,0.0
2016-04-23,0.0
2016-04-24,0.0
2016-04-25,0.0
2016-04-26,0.0
2016-04-27,0.0
2016-04-28,0.0
2016-04-29,0.0
2016-04-30,0.0
2016-05-01,0.0
2016-05-02,0.0
2016-05-03,0.0
2016-05-04,0.0
2016-05-05,0.0
2016-05-06,0.0
2016-05-07,0.0
2016-05-08,0.0
2016-05-09,0.0
2016-05-10,0.0
2016-05-11,0.0
2016-05-12,0.0
2016-05-13,0.0
2016-05-14,0.0
2016-05-15,0.0
2016-05-16,0.0
2016-05-17,0.0
2016-05-18,0.0
2016-05-19,0.0
2016-05-20,0.0
2016-05-21,0.0
2016-05-22,0.0
2016-05-23,0.0
2016-05-24,0.0
2016-05-25,0.0
2016-05-26,0.0
2016-05-27,0.0
2016-05-28,0.0
2016-05-29,0.0
2016-05-30,0.0
2016-05-31,0.0
2016-06-01,0.0
2016-06-02,0.0
2016-06-03,0.0
2016-06-04,0.0
2016-06-05,0.0
2016-06-06,0.0
2016-06-07,0.0
2016-06-08,0.0
2016-06-09,0.0
2016-06-10,0.0
2016-06-11,0.0
2016-06-12,0.0
2016-06-13,0.0
2016-06-14,0.0
2016-06-15,0.0
2016-06-16,0.0
2016-06-17,0.0
2016-06-18,0.0
2016-06-19,0.0
2016-06-20,0.0
2016-06-21,0.0
2016-06-22,0.0
2016-06-23,0.0
2016-06-24,0.0
2016-06-25,0.0
2016-06-26,0.0
2016-06-27,0.0
2016-06-28,0.0
2016-06-29,0.0
2016-06-30,0.0
2016-07-01,0.0
2016-07-02,0.0
2016-07-03,0.0
2016-07-04,0.0
2016-07-05,0.0
2016-07-06,0.0
2016-07-07,0.0
2016-07-08,0.0
2016-07-09,0.0
2016-07-10,0.0
2016-07-11,0.0
2016-07-12,0.0
2016-07-13,0.0
2016-07-14,0.0
2016-07-15,0.0
2016-07-16,0.0
2016-07-17,0.0
2016-07-18,0.0
2016-07-19,0.0
2016-07-20,0.0
2016-07-21,0.0
2016-07-22,0.0
2016-07-23,0.0
2016-07-24,0.0
2016-07-25,0.0
2016-07-26,0.0
2016-07-27,0.0
2016-07-28,0.0
2016-07-29,0.0
2016-07-30,0.0
2016-07-31,0.0
2016-08-01,0.0
2016-08-02,0.0
2016-08-03,0.0
2016-08-04,0.0
2016-08-05,0.0
2016-08-06,0.0
2016-08-07,0.0
2016-08-08,0.0
2016-08-09,0.0
2016-08-10,0.0
2016-08-11,0.0
2016-08-12,0.0
2016-08-13,0.0
2016-08-14,0.0
2016-08-15,0.0
2016-08-16,0.0
2016-08-17,0.0
2016-08-18,0.0
2016-08-19,0.0
2016-08-20,0.0
2016-08-21,0.0
2016-08-22,0.0
2016-08-23,0.0
2016-08-24,0.0
2016-08-25,0.0
2016-08-26,0.0
2016-08-27,0.0
2016-08-28,0.0
2016-08-29,0.0
2016-08-30,0.0
2016-08-31,0.0
2016-09-01,0.0
2016-09-02,0.0
2016-09-03,0.0
2016-09-04,0.0
2016-09-05,0.0
2016-09-06,0.0
2016-09-07,0.0
2016-09-08,0.0
2016-09-09,0.0
2016-09-10,0.0
2016-09-11,0.0
2016-09-12,0.0
2016-09-13,0.0
2016-09-14,0.0
2016-09-15,0.0
2016-09-16,0.0
2016-09-17,0.0
2016-09-18,0.0
2016-09-19,0.0
2016-09-20,0.0
2016-09-21,0.0
2016-09-22,0.0
2016-09-23,0.0
2016-09-24,0.0
2016-09-25,0.0
2016-09-26,0.0
2016-09-27,0.0
2016-09-28,0.0
2016-09-29,0.0
2016-09-30,0.0
2016-10-01,0.0
2016-10-02,0.0
2016-10-03,0.0
2016-10-04,0.0
2016-10-05,0.0
2016-10-06,0.0
2016-10-07,0.0
2016-10-08,0.0
2016-10-09,0.0
2016-10-10,0.0
2016-10-11,0.0
2016-10-12,0.0
2016-10-13,0.0
2016-10-14,0.0
2016-10-15,0.0
2016-10-16,0.0
2016-10-17,0.0
2016-10-18,0.0
2016-10-19,0.0
2016-10-20,0.0
2016-10-21,0.0
2016-10-22,0.0
2016-10-23,0.0
2016-10-24,0.0
2016-10-25,0.0
2016-10-26,0.0
2016-10-27,0.0
2016-10-28,0.0
2016-10-29,0.0
2016-10-30,0.0
2016-10-31,0.0
2016-11-01,0.0
2016-11-02,0.0
2016-11-03,0.0
2016-11-04,0.0
2016-11-05,0.0
2016-11-06,0.0
2016-11-07,0.0
2016-11-08,0.0
2016-11-09,0.0
2016-11-10,0.0
2016-11-11,0.0
2016-11-12,0.0
2016-11-13,0.0
2016-11-14,0.0
2016-11-15,0.0
2016-11-16,0.0
2016-11-17,0.0
2016-11-18,0.0
2016-11-19,0.0
2016-11-20,0.0
2016-11-21,0.0
2016-11-22,0.0
2016-11-23,0.0
2016-11-24,0.0
2016-11-25,0.0
2016-11-26,0.0
2016-11-27,0.0
2016-11-28,0.0
2016-11-29,0.0
2016-11-30,0.0
2016-12-01,0.0
2016-12-02,0.0
2016-12-03,0.0
2016-12-04,0.0
2016-12-05,0.0
2016-12-06,0.0
2016-12-07,0.0
2016-12-08,0.0
2016-12-09,0.0
2016-12-10,0.0
2016-12-11,0.0
2016-12-12,0.0
2016-12-13,0.0
2016-12-14,0.0
2016-12-15,0.0
2016-12-16,0.0
2016-12-17,0.0
2016-12-18,0.0
2016-12-19,0.0
2016-12-20,0.0
2016-12-21,0.0
2016-12-22,0.0
2016-12-23,0.0
2016-12-24,0.0
2016-12-25,0.0
2016-12-26,0.0
2016-12-27,0.0
2016-12-28,0.0
2016-12-29,0.0
2016-12-30,0.0
2016-12-31,0.0
2017-01-01,0.0
2017-01-02,0.0
2017-01-03,0.0
2017-01-04,0.0
2017-01-05,0.0
2017-01-06,0.0
2017-01-07,0.0
2017-01-08,0.0
2017-01-09,0.0
2017-01-10,0.0
2017-01-11,0.0
2017-01-12,0.0
2017-01-13,0.0
2017-01-14,0.0
2017-01-15,0.0
2017-01-16,0.0
2017-01-17,0.0
2017-01-18,0.0
2017-01-19,0.0
2017-01-20,0.0
2017-01-21,0.0
2017-01-22,0.0
2017-01-23,0.0
2017-01-24,0.0
2017-01-25,0.0
2017-01-26,0.0
2017-01-27,0.0
2017-01-28,0.0
2017-01-29,0.0
2017-01-30,0.0
2017-01-31,0.0
2017-02-01,0.0
2017-02-02,0.0
2017-02-03,0.0
2017-02-04,0.0
2017-02-05,0.0
2017-02-06,0.0
2017-02-07,0.0
2017-02-08,0.0
2017-02-09,0.0
2017-02-10,0.0
2017-02-11,0.0
2017-02-12,0.0
2017-02-13,0.0
2017-02-14,0.0
2017-02-15,0.0
2017-02-16,0.0
2017-02-17,0.0
2017-02-18,0.0
2017-02-19,0.0
2017-02-20,0.0
2017-02-21,0.0
2017-02-22,0.0
2017-02-23,0.0
2017-02-24,0.0
2017-02-25,0.0
2017-02-26,0.0
2017-02-27,0.0
2017-02-28,0.0
2017-03-01,0.0
2017-03-02,0.0
2017-03-03,0.0
2017-03-04,0.0
2017-03-05,0.0
2017-03-06,0.0
2017-03-07,0.0
2017-03-08,0.0
2017-03-09,0.0
2017-03-10,0.0
2017-03-11,0.0
2017-03-12,0.0
2017-03-13,0.0
2017-03-14,0.0
2017-03-15,0.0
2017-03-16,0.0
2017-03-17,0.0
2017-03-18,0.0
2017-03-19,0.0
2017-03-20,0.0
2017-03-21,0.0
2017-03-22,0.0
2017-03-23,0.0
2017-03-24,0.0
2017-03-25,0.0
2017-03-26,0.0
2017-03-27,0.0
2017-03-28,0.0
2017-03-29,0.0
2017-03-30,0.0
2017-03-31,0.0
2017-04-01,0.0
2017-04-02,0.0
2017-04-03,0.0
2017-04-04,0.0
2017-04-05,0.0
2017-04-06,0.0
2017-04-07,0.0
2017-04-08,0.0
2017-04-09,0.0
2017-04-10,0.0
2017-04-11,0.0
2017-04-12,0.0
2017-04-13,0.0
2017-04-14,0.0
2017-04-15,0.0
2017-04-16,0.0
2017-04-17,0.0
2017-04-18,0.0
2017-04-19,0.0
2017-04-20,0.0
2017-04-21,0.0
2017-04-22,0.0
2017-04-23,0.0
2017-04-24,0.0
2017-04-25,0.0
2017-04-26,0.0
2017-04-27,0.0
2017-04-28,0.0
2017-04-29,0.0
2017-04-30,0.0
2017-05-01,0.0
2017-05-02,0.0
2017-05-03,0.0
2017-05-04,0.0
2017-05-05,0.0
2017-05-06,0.0
2017-05-07,0.0
2017-05-08,0.0
2017-05-09,0.0
2017-05-10,0.0
2017-05-11,0.0
2017-05-12,0.0
2017-05-13,0.0
2017-05-14,0.0
2017-05-15,0.0
2017-05-16,0.0
2017-05-17,0.0
2017-05-18,0.0
2017-05-19,0.0
2017-05-20,0.0
2017-05-21,0.0
2017-05-22,0.0
2017-05-23,0.0
2017-05-24,0.0
2017-05-25,0.0
2017-05-26,0.0
2017-05-27,0.0
2017-05-28,0.0
2017-05-29,0.0
2017-05-30,0.0
2017-05-31,0.0
2017-06-01,0.0
2017-06-02,0.0
2017-06-03,0.0
2017-06-04,0.0
2017-06-05,0.0
2017-06-06,0.0
2017-06-07,0.0
2017-06-08,0.0
2017-06-09,0.0
2017-06-10,0.0
2017-06-11,0.0
2017-06-12,0.0
2017-06-13,0.0
2017-06-14,0.0
2017-06-15,0.0
2017-06-16,0.0
2017-06-17,0.0
2017-06-18,0.0
2017-06-19,0.0
2017-06-20,0.0
2017-06-21,0.0
2017-06-22,0.0
2017-06-23,0.0
2017-06-24,0.0
2017-06-25,0.0
2017-06-26,0.0
2017-06-27,0.0
2017-06-28,0.0
2017-06-29,0.0
2017-06-30,0.0
2017-07-01,0.0
2017-07-02,0.0
2017-07-03,0.0
2017-07-04,0.0
2017-07-05,0.0
2017-07-06,0.0
2017-07-07,0.0
2017-07-08,0.0
2017-07-09,0.0
2017-07-10,0.0
2017-07-11,0.0
2017-07-12,0.0
2017-07-13,0.0
2017-07-14,0.0
2017-07-15,0.0
2017-07-16,0.0
2017-07-17,0.0
2017-07-18,0.0
2017-07-19,0.0
2017-07-20,0.0
2017-07-21,0.0
2017-07-22,0.0
2017-07-23,0.0
2017-07-24,0.0
2017-07-25,0.0
2017-07-26,0.0
2017-07-27,0.0
2017-07-28,0.0
2017-07-29,0.0
2017-07-30,0.0
2017-07-31,0.0
2017-08-01,0.0
2017-08-02,0.0
2017-08-03,0.0
2017-08-04,0.0
2017-08-05,0.0
2017-08-06,0.0
2017-08-07,0.0
2017-08-08,0.0
2017-08-09,0.0
2017-08-10,0.0
2017-08-11,0.0
2017-08-12,0.0
2017-08-13,0.0
2017-08-14,0.0
2017-08-15,0.0
2017-08-16,0.0
2017-08-17,0.0
2017-08-18,0.0
2017-08-19,0.0
2017-08-20,0.0
2017-08-21,0.0
2017-08-22,0.0
2017-08-23,0.0
2017-08-24,0.0
2017-08-25,0.0
2017-08-26,0.0
2017-08-27,0.0
2017-08-28,0.0
2017-08-29,0.0
2017-08-30,0.0
2017-08-31,0.0
2017-09-01,0.0
2017-09-02,0.0
2017-09-03,0.0
2017-09-04,0.0
2017-09-05,0.0
2017-09-06,0.0
2017-09-07,0.0
2017-09-08,0.0
2017-09-09,0.0
2017-09-10,0.0
2017-09-11,0.0
2017-09-12,0.0
2017-09-13,0.0
2017-09-14,0.0
2017-09-15,0.0
2017-09-16,0.0
2017-09-17,0.0
2017-09-18,0.0
2017-09-19,0.0
2017-09-20,0.0
2017-09-21,0.0
2017-09-22,0.0
2017-09-23,0.0
2017-09-24,0.0
2017-09-25,0.0
2017-09-26,0.0
2017-09-27,0.0
2017-09-28,0.0
2017-09-29,0.0
2017-09-30,0.0
2017-10-01,0.0
2017-10-02,0.0
2017-10-03,0.0
2017-10-04,0.0
2017-10-05,0.0
2017-10-06,0.0
2017-10-07,0.0
2017-10-08,0.0
2017-10-09,0.0
2017-10-10,0.0
2017-10-11,0.0
2017-10-12,0.0
2017-10-13,0.0
2017-10-14,0.0
2017-10-15,0.0
2017-10-16,0.0
2017-10-17,0.0
2017-10-18,0.0
2017-10-19,0.0
2017-10-20,0.0
2017-10-21,0.0
2017-10-22,0.0
2017-10-23,0.0
2017-10-24,0.0
2017-10-25,0.0
2017-10-26,0.0
2017-10-27,0.0
2017-10-28,0.0
2017-10-29,0.0
2017-10-30,0.0
2017-10-31,0.0
2017-11-01,0.0
2017-11-02,0.0
2017-11-03,0.0
2017-11-04,0.0
2017-11-05,0.0
2017-11-06,0.0
2017-11-07,0.0
2017-11-08,0.0
2017-11-09,0.0
2017-11-10,0.0
2017-11-11,0.0
2017-11-12,0.0
2017-11-13,0.0
2017-11-14,0.0
2017-11-15,0.0
2017-11-16,0.0
2017-11-17,0.0
2017-11-18,0.0
2017-11-19,0.0
2017-11-20,0.0
2017-11-21,0.0
2017-11-22,0.0
2017-11-23,0.0
2017-11-24,0.0
2017-11-25,0.0
2017-11-26,0.0
2017-11-27,0.0
2017-11-28,0.0
2017-11-29,0.0
2017-11-30,0.0
2017-12-01,0.0
2017-12-02,0.0
2017-12-03,0.0
2017-12-04,0.0
2017-12-05,0.0
2017-12-06,0.0
2017-12-07,0.0
2017-12-08,0.0
2017-12-09,0.0
2017-12-10,0.0
2017-12-11,0.0
2017-12-12,0.0
2017-12-13,0.0
2017-12-14,0.0
2017-12-15,0.0
2017-12-16,0.0
2017-12-17,0.0
2017-12-18,0.0
2017-12-19,0.0
2017-12-20,0.0
2017-12-21,0.0
2017-12-22,0.0
2017-12-23,0.0
2017-12-24,0.0
2017-12-25,0.0
2017-12-26,0.0
2017-12-27,0.0
2017-12-28,0.0
2017-12-29,0.0
2017-12-30,0.0
2017-12-31,0.0
2018-01-01,0.0
2018-01-02,0.0
2018-01-03,0.0
2018-01-04,0.0
2018-01-05,0.0
2018-01-06,0.0
2018-01-07,0.0
2018-01-08,0.0
2018-01-09,0.0
2018-01-10,0.0
2018-01-11,0.0
2018-01-12,0.0
2018-01-13,0.0
2018-01-14,0.0
2018-01-15,0.0
2018-01-16,0.0
2018-01-17,0.0
2018-01-18,0.0
2018-01-19,0.0
2018-01-20,0.0
2018-01-21,0.0
2018-01-22,0.0
2018-01-23,0.0
2018-01-24,0.0
2018-01-25,0.0
2018-01-26,0.0
2018-01-27,0.0
2018-01-28,0.0
2018-01-29,0.0
2018-01-30,0.0
2018-01-31,0.0
2018-02-01,0.0
2018-02-02,0.0
2018-02-03,0.0
2018-02-04,0.0
2018-02-05,0.0
2018-02-06,0.0
2018-02-07,0.0
2018-02-08,0.0
2018-02-09,0.0
2018-02-10,0.0
2018-02-11,0.0
2018-02-12,0.0
2018-02-13,0.0
2018-02-14,0.0
2018-02-15,0.0
2018-02-16,0.0
2018-02-17,0.0
2018-02-18,0.0
2018-02-19,0.0
2018-02-20,0.0
2018-02-21,0.0
2018-02-22,0.0
2018-02-23,0.0
2018-02-24,0.0
2018-02-25,0.0
2018-02-26,0.0
2018-02-27,0.0
2018-02-28,0.0
2018-03-01,0.0
2018-03-02,0.0
2018-03-03,0.0
2018-03-04,0.0
2018-03-05,0.0
2018-03-06,0.0
2018-03-07,0.0
2018-03-08,0.0
2018-03-09,0.0
2018-03-10,0.0
2018-03-11,0.0
2018-03-12,0.0
2018-03-13,0.0
2018-03-14,0.0
2018-03-15,0.0
2018-03-16,0.0
2018-03-17,0.0
2018-03-18,0.0
2018-03-19,0.0
2018-03-20,0.0
2018-03-21,0.0
2018-03-22,0.0
2018-03-23,0.0
2018-03-24,0.0
2018-03-25,0.0
2018-03-26,0.0
2018-03-27,0.0
2018-03-28,0.0
2018-03-29,0.0
2018-03-30,0.0
2018-03-31,0.0
2018-04-01,0.0
2018-04-02,0.0
2018-04-03,0.0
2018-04-04,0.0
2018-04-05,0.0
2018-04-06,0.0
2018-04-07,0.0
2018-04-08,0.0
2018-04-09,0.0
2018-04-10,0.0
2018-04-11,0.0
2018-04-12,0.0
2018-04-13,0.0
2018-04-14,0.0
2018-04-15,0.0
2018-04-16,0.0
2018-04-17,0.0
2018-04-18,0.0
2018-04-19,0.0
2018-04-20,0.0
2018-04-21,0.0
2018-04-22,0.0
2018-04-23,0.0
2018-04-24,0.0
2018-04-25,0.0
2018-04-26,0.0
2018-04-27,0.0
2018-04-28,0.0
2018-04-29,0.0
2018-04-30,0.0
2018-05-01,0.0
2018-05-02,0.0
2018-05-03,0.0
2018-05-04,0.0
2018-05-05,0.0
2018-05-06,0.0
2018-05-07,0.0
2018-05-08,0.0
2018-05-09,0.0
2018-05-10,0.0
2018-05-11,0.0
2018-05-12,0.0
2018-05-13,0.0
2018-05-14,0.0
2018-05-15,0.0
2018-05-16,0.0
2018-05-17,0.0
2018-05-18,0.0
2018-05-19,0.0
2018-05-20,0.0
2018-05-21,0.0
2018-05-22,0.0
2018-05-23,0.0
2018-05-24,0.0
2018-05-25,0.0
2018-05-26,0.0
2018-05-27,0.0
2018-05-28,0.0
2018-05-29,0.0
2018-05-30,0.0
2018-05-31,0.0
2018-06-01,0.0
2018-06-02,0.0
2018-06-03,0.0
2018-06-04,0.0
2018-06-05,0.0
2018-06-06,0.0
2018-06-07,0.0
2018-06-08,0.0
2018-06-09,0.0
2018-06-10,0.0
2018-06-11,0.0
2018-06-12,0.0
2018-06-13,0.0
2018-06-14,0.0
2018-06-15,0.0
2018-06-16,0.0
2018-06-17,0.0
2018-06-18,0.0
2018-06-19,0.0
2018-06-20,0.0
2018-06-21,0.0
2018-06-22,0.0
2018-06-23,0.0
2018-06-24,0.0
2018-06-25,0.0
2018-06-26,0.0
2018-06-27,0.0
2018-06-28,0.0
2018-06-29,0.0
2018-06-30,0.0
2018-07-01,0.0
2018-07-02,0.0
2018-07-03,0.0
2018-07-04,0.0
2018-07-05,0.0
2018-07-06,0.0
2018-07-07,0.0
2018-07-08,0.0
2018-07-09,0.0
2018-07-10,0.0
2018-07-11,0.0
2018-07-12,0.0
2018-07-13,0.0
2018-07-14,0.0
2018-07-15,0.0
2018-07-16,0.0
2018-07-17,0.0
2018-07-18,0.0
2018-07-19,0.0
2018-07-20,0.0
2018-07-21,0.0
2018-07-22,0.0
2018-07-23,0.0
2018-07-24,0.0
2018-07-25,0.0
2018-07-26,0.0
2018-07-27,0.0
2018-07-28,0.0
2018-07-29,0.0
2018-07-30,0.0
2018-07-31,0.0
2018-08-01,0.0
2018-08-02,0.0
2018-08-03,0.0
2018-08-04,0.0
2018-08-05,0.0
2018-08-06,0.0
2018-08-07,0.0
2018-08-08,0.0
2018-08-09,0.0
2018-08-10,0.0
2018-08-11,0.0
2018-08-12,0.0
2018-08-13,0.0
2018-08-14,0.0
2018-08-15,0.0
2018-08-16,0.0
2018-08-17,0.0
2018-08-18,0.0
2018-08-19,0.0
2018-08-20,0.0
2018-08-21,0.0
2018-08-22,0.0
2018-08-23,0.0
2018-08-24,0.0
2018-08-25,0.0
2018-08-26,0.0
2018-08-27,0.0
2018-08-28,0.0
2018-08-29,0.0
2018-08-30,0.0
2018-08-31,0.0
2018-09-01,0.0
2018-09-02,0.0
2018-09-03,0.0
2018-09-04,0.0
2018-09-05,0.0
2018-09-06,0.0
2018-09-07,0.0
2018-09-08,0.0
2018-09-09,0.0
2018-09-10,0.0
2018-09-11,0.0
2018-09-12,0.0
2018-09-13,0.0
2018-09-14,0.0
2018-09-15,0.0
2018-09-16,0.0
2018-09-17,0.0
2018-09-18,0.0
2018-09-19,0.0
2018-09-20,0.0
2018-09-21,0.0
2018-09-22,0.0
2018-09-23,0.0
2018-09-24,0.0
2018-09-25,0.0
2018-09-26,0.0
2018-09-27,0.0
2018-09-28,0.0
2018-09-29,0.0
2018-09-30,0.0
2018-10-01,0.0
2018-10-02,0.0
2018-10-03,0.0
2018-10-04,0.0
2018-10-05,0.0
2018-10-06,0.0
2018-10-07,0.0
2018-10-08,0.0
2018-10-09,0.0
2018-10-10,0.0
2018-10-11,0.0
2018-10-12,0.0
2018-10-13,0.0
2018-10-14,0.0
2018-10-15,0.0
2018-10-16,0.0
2018-10-17,0.0
2018-10-18,0.0
2018-10-19,0.0
2018-10-20,0.0
2018-10-21,0.0
2018-10-22,0.0
2018-10-23,0.0
2018-10-24,0.0
2018-10-25,0.0
2018-10-26,0.0
2018-10-27,0.0
2018-10-28,0.0
2018-10-29,0.0
2018-10-30,0.0
2018-10-31,0.0
2018-11-01,0.0
2018-11-02,0.0
2018-11-03,0.0
2018-11-04,0.0
2018-11-05,0.0
2018-11-06,0.0
2018-11-07,0.0
2018-11-08,0.0
2018-11-09,0.0
2018-11-10,0.0
2018-11-11,0.0
2018-11-12,0.0
2018-11-13,0.0
2018-11-14,0.0
2018-11-15,0.0
2018-11-16,0.0
2018-11-17,0.0
2018-11-18,0.0
2018-11-19,0.0
2018-11-20,0.0
2018-11-21,0.0
2018-11-22,0.0
2018-11-23,0.0
2018-11-24,0.0
2018-11-25,0.0
2018-11-26,0.0
2018-11-27,0.0
2018-11-28,0.0
2018-11-29,0.0
2018-11-30,0.0
2018-12-01,0.0
2018-12-02,0.0
2018-12-03,0.0
2018-12-04,0.0
2018-12-05,0.0
2018-12-06,0.0
2018-12-07,0.0
2018-12-08,0.0
2018-12-09,0.0
2018-12-10,0.0
2018-12-11,0.0
2018-12-12,0.0
2018-12-13,0.0
2018-12-14,0.0
2018-12-15,0.0
2018-12-16,0.0
2018-12-17,0.0
2018-12-18,0.0
2018-12-19,0.0
2018-12-20,0.0
2018-12-21,0.0
2018-12-22,0.0
2018-12-23,0.0
2018-12-24,0.0
2018-12-25,0.0
2018-12-26,0.0
2018-12-27,0.0
2018-12-28,0.0
2018-12-29,0.0
2018-12-30,0.0
2018-12-31,0.0
2019-01-01,0.0
2019-01-02,0.0
2019-01-03,0.0
2019-01-04,0.0
2019-01-05,0.0
2019-01-06,0.0
2019-01-07,0.0
2019-01-08,0.0
2019-01-09,0.0
2019-01-10,0.0
2019-01-11,0.0
2019-01-12,0.0
2019-01-13,0.0
2019-01-14,0.0
2019-01-15,0.0
2019-01-16,0.0
2019-01-17,0.0
2019-01-18,0.0
2019-01-19,0.0
2019-01-20,0.0
2019-01-21,0.0
2019-01-22,0.0
2019-01-23,0.0
2019-01-24,0.0
2019-01-25,0.0
2019-01-26,0.0
2019-01-27,0.0
2019-01-28,0.0
2019-01-29,0.0
2019-01-30,0.0
2019-01-31,0.0
2019-02-01,0.0
2019-02-02,0.0
2019-02-03,0.0
2019-02-04,0.0
2019-02-05,0.0
2019-02-06,0.0
2019-02-07,0.0
2019-02-08,0.0
2019-02-09,0.0
2019-02-10,0.0
2019-02-11,0.0
2019-02-12,0.0
2019-02-13,0.0
2019-02-14,0.0
2019-02-15,0.0
2019-02-16,0.0
2019-02-17,0.0
2019-02-18,0.0
2019-02-19,0.0
2019-02-20,0.0
2019-02-21,0.0
2019-02-22,0.0
2019-02-23,0.0
2019-02-24,0.0
2019-02-25,0.0
2019-02-26,0.0
2019-02-27,0.0
2019-02-28,0.0
2019-03-01,0.0
2019-03-02,0.0
2019-03-03,0.0
2019-03-04,0.0
2019-03-05,0.0
2019-03-06,0.0
2019-03-07,0.0
2019-03-08,0.0
2019-03-09,0.0
2019-03-10,0.0
2019-03-11,0.0
2019-03-12,0.0
2019-03-13,0.0
2019-03-14,0.0
2019-03-15,0.0
2019-03-16,0.0
2019-03-17,0.0
2019-03-18,0.0
2019-03-19,0.0
2019-03-20,0.0
2019-03-21,0.0
2019-03-22,0.0
2019-03-23,0.0
2019-03-24,0.0
2019-03-25,0.0
2019-03-26,0.0
2019-03-27,0.0
2019-03-28,0.0
2019-03-29,0.0
2019-03-30,0.0
2019-03-31,0.0
2019-04-01,0.0
2019-04-02,0.0
2019-04-03,0.0
2019-04-04,0.0
2019-04-05,0.0
2019-04-06,0.0
2019-04-07,0.0
2019-04-08,0.0
2019-04-09,0.0
2019-04-10,0.0
2019-04-11,0.0
2019-04-12,0.0
2019-04-13,0.0
2019-04-14,0.0
2019-04-15,0.0
2019-04-16,0.0
2019-04-17,0.0
2019-04-18,0.0
2019-04-19,0.0
2019-04-20,0.0
2019-04-21,0.0
2019-04-22,0.0
2019-04-23,0.0
2019-04-24,0.0
2019-04-25,0.0
2019-04-26,0.0
2019-04-27,0.0
2019-04-28,0.0
2019-04-29,0.0
2019-04-30,0.0
2019-05-01,0.0
2019-05-02,0.0
2019-05-03,0.0
2019-05-04,0.0
2019-05-05,0.0
2019-05-06,0.0
2019-05-07,0.0
2019-05-08,0.0
2019-05-09,0.0
2019-05-10,0.0
2019-05-11,0.0
2019-05-12,0.0
2019-05-13,0.0
2019-05-14,0.0
2019-05-15,0.0
2019-05-16,0.0
2019-05-17,0.0
2019-05-18,0.0
2019-05-19,0.0
2019-05-20,0.0
2019-05-21,0.0
2019-05-22,0.0
2019-05-23,0.0
2019-05-24,0.0
2019-05-25,0.0
2019-05-26,0.0
2019-05-27,0.0
2019-05-28,0.0
2019-05-29,0.0
2019-05-30,0.0
2019-05-31,0.0
2019-06-01,0.0
2019-06-02,0.0
2019-06-03,0.0
2019-06-04,0.0
2019-06-05,0.0
2019-06-06,0.0
2019-06-07,0.0
2019-06-08,0.0
2019-06-09,0.0
2019-06-10,0.0
2019-06-11,0.0
2019-06-12,0.0
2019-06-13,0.0
2019-06-14,0.0
2019-06-15,0.0
2019-06-16,0.0
2019-06-17,0.0
2019-06-18,0.0
2019-06-19,0.0
2019-06-20,0.0
2019-06-21,0.0
2019-06-22,0.0
2019-06-23,0.0
2019-06-24,0.0
2019-06-25,0.0
2019-06-26,0.0
2019-06-27,0.0
2019-06-28,0.0
2019-06-29,0.0
2019-06-30,0.0
2019-07-01,0.0
2019-07-02,0.0
2019-07-03,0.0
2019-07-04,0.0
2019-07-05,0.0
2019-07-06,0.0
2019-07-07,0.0
2019-07-08,0.0
2019-07-09,0.0
2019-07-10,0.0
2019-07-11,0.0
2019-07-12,0.0
2019-07-13,0.0
2019-07-14,0.0
2019-07-15,0.0
2019-07-16,0.0
2019-07-17,0.0
2019-07-18,0.0
2019-07-19,0.0
2019-07-20,0.0
2019-07-21,0.0
2019-07-22,0.0
2019-07-23,0.0
2019-07-24,0.0
2019-07-25,0.0
2019-07-26,0.0
2019-07-27,0.0
2019-07-28,0.0
2019-07-29,0.0
2019-07-30,0.0
2019-07-31,0.0
2019-08-01,0.0
2019-08-02,0.0
2019-08-03,0.0
2019-08-04,0.0
2019-08-05,0.0
2019-08-06,0.0
2019-08-07,0.0
2019-08-08,0.0
2019-08-09,0.0
2019-08-10,0.0
2019-08-11,0.0
2019-08-12,0.0
2019-08-13,0.0
2019-08-14,0.0
2019-08-15,0.0
2019-08-16,0.0
2019-08-17,0.0
2019-08-18,0.0
2019-08-19,0.0
2019-08-20,0.0
2019-08-21,0.0
2019-08-22,0.0
2019-08-23,0.0
2019-08-24,0.0
2019-08-25,0.0
2019-08-26,0.0
2019-08-27,0.0
2019-08-28,0.0
2019-08-29,0.0
2019-08-30,0.0
2019-08-31,0.0
2019-09-01,0.0
2019-09-02,0.0
2019-09-03,0.0
2019-09-04,0.0
2019-09-05,0.0
2019-09-06,0.0
2019-09-07,0.0
2019-09-08,0.0
2019-09-09,0.0
2019-09-10,0.0
2019-09-11,0.0
2019-09-12,0.0
2019-09-13,0.0
2019-09-14,0.0
2019-09-15,0.0
2019-09-16,0.0
2019-09-17,0.0
2019-09-18,0.0
2019-09-19,0.0
2019-09-20,0.0
2019-09-21,0.0
2019-09-22,0.0
2019-09-23,0.0
2019-09-24,0.0
2019-09-25,0.0
2019-09-26,0.0
2019-09-27,0.0
2019-09-28,0.0
2019-09-29,0.0
2019-09-30,0.0
2019-10-01,0.0
2019-10-02,0.0
2019-10-03,0.0
2019-10-04,0.0
2019-10-05,0.0
2019-10-06,0.0
2019-10-07,0.0
2019-10-08,0.0
2019-10-09,0.0
2019-10-10,0.0
2019-10-11,0.0
2019-10-12,0.0
2019-10-13,0.0
2019-10-14,0.0
2019-10-15,0.0
2019-10-16,0.0
2019-10-17,0.0
2019-10-18,0.0
2019-10-19,0.0
2019-10-20,0.0
2019-10-21,0.0
2019-10-22,0.0
2019-10-23,0.0
2019-10-24,0.0
2019-10-25,0.0
2019-10-26,0.0
2019-10-27,0.0
2019-10-28,0.0
2019-10-29,0.0
2019-10-30,0.0
2019-10-31,0.0
2019-11-01,0.0
2019-11-02,0.0
2019-11-03,0.0
2019-11-04,0.0
2019-11-05,0.0
2019-11-06,0.0
2019-11-07,0.0
2019-11-08,0.0
2019-11-09,0.0
2019-11-10,0.0
2019-11-11,0.0
2019-11-12,0.0
2019-11-13,0.0
2019-11-14,0.0
2019-11-15,0.0
2019-11-16,0.0
2019-11-17,0.0
2019-11-18,0.0
2019-11-19,0.0
2019-11-20,0.0
2019-11-21,0.0
2019-11-22,0.0
2019-11-23,0.0
2019-11-24,0.0
2019-11-25,0.0
2019-11-26,0.0
2019-11-27,0.0
2019-11-28,0.0
2019-11-29,0.0
2019-11-30,0.0
2019-12-01,0.0
2019-12-02,0.0
2019-12-03,0.0
2019-12-04,0.0
2019-12-05,0.0
2019-12-06,0.0
2019-12-07,0.0
2019-12-08,0.0
2019-12-09,0.0
2019-12-10,0.0
2019-12-11,0.0
2019-12-12,0.0
2019-12-13,0.0
2019-12-14,0.0
2019-12-15,0.0
2019-12-16,0.0
2019-12-17,0.0
2019-12-18,0.0
2019-12-19,0.0
2019-12-20,0.0
2019-12-21,0.0
2019-12-22,0.0
2019-12-23,0.0
2019-12-24,0.0
2019-12-25,0.0
2019-12-26,0.0
2019-12-27,0.0
2019-12-28,0.0
2019-12-29,0.0
2019-12-30,0.0
2019-12-31,0.0
2020-01-01,0.0
2020-01-02,0.0
2020-01-03,0.0
2020-01-04,0.0
2020-01-05,0.0
2020-01-06,0.0
2020-01-07,0.0
2020-01-08,0.0
2020-01-09,0.0
2020-01-10,0.0
2020-01-11,0.0
2020-01-12,0.0
2020-01-13,0.0
2020-01-14,0.0
2020-01-15,0.0
2020-01-16,0.0
2020-01-17,0.0
2020-01-18,0.0
2020-01-19,0.0
2020-01-20,0.0
2020-01-21,0.0
2020-01-22,0.0
2020-01-23,0.0
2020-01-24,0.0
2020-01-25,0.0
2020-01-26,0.0
2020-01-27,0.0
2020-01-28,0.0
2020-01-29,0.0
2020-01-30,0.0
2020-01-31,0.0
2020-02-01,0.0
2020-02-02,0.0
2020-02-03,0.0
2020-02-04,0.0
2020-02-05,0.0
2020-02-06,0.0
2020-02-07,0.0
2020-02-08,0.0
2020-02-09,0.0
2020-02-10,0.0
2020-02-11,0.0
2020-02-12,0.0
2020-02-13,0.0
2020-02-14,0.0
2020-02-15,0.0
2020-02-16,0.0
2020-02-17,0.0
2020-02-18,0.0
2020-02-19,0.0
2020-02-20,0.0
2020-02-21,0.0
2020-02-22,0.0
2020-02-23,0.0
2020-02-24,0.0
2020-02-25,0.0
2020-02-26,0.0
2020-02-27,0.0
2020-02-28,0.0
2020-02-29,0.0
2020-03-01,0.0
2020-03-02,0.0
2020-03-03,0.0
2020-03-04,0.0
2020-03-05,0.0
2020-03-06,0.0
2020-03-07,0.0
2020-03-08,0.0
2020-03-09,0.0
2020-03-10,0.0
2020-03-11,0.0
2020-03-12,0.0
2020-03-13,0.0
2020-03-14,0.0
2020-03-15,0.0
2020-03-16,0.0
2020-03-17,0.0
2020-03-18,0.0
2020-03-19,0.0
2020-03-20,0.0
2020-03-21,0.0
2020-03-22,0.0
2020-03-23,0.0
2020-03-24,0.0
2020-03-25,0.0
2020-03-26,0.0
2020-03-27,0.0
2020-03-28,0.0
2020-03-29,0.0
2020-03-30,0.0
2020-03-31,0.0
2020-04-01,0.0
2020-04-02,0.0
2020-04-03,0.0
2020-04-04,0.0
2020-04-05,0.0
2020-04-06,0.0
2020-04-07,0.0
2020-04-08,0.0
2020-04-09,0.0
2020-04-10,0.0
2020-04-11,0.0
2020-04-12,0.0
2020-04-13,0.0
2020-04-14,0.0
2020-04-15,0.0
2020-04-16,0.0
2020-04-17,0.0
2020-04-18,0.0
2020-04-19,0.0
2020-04-20,0.0
2020-04-21,0.0
2020-04-22,0.0
2020-04-23,0.0
2020-04-24,0.0
2020-04-25,0.0
2020-04-26,0.0
2020-04-27,0.0
2020-04-28,0.0
2020-04-29,0.0
2020-04-30,0.0
2020-05-01,0.0
2020-05-02,0.0
2020-05-03,0.0
2020-05-04,0.0
2020-05-05,0.0
2020-05-06,0.0
2020-05-07,0.0
2020-05-08,0.0
2020-05-09,0.0
2020-05-10,0.0
2020-05-11,0.0
2020-05-12,0.0
2020-05-13,0.0
2020-05-14,0.0
2020-05-15,0.0
2020-05-16,0.0
2020-05-17,0.0
2020-05-18,0.0
2020-05-19,0.0
2020-05-20,0.0
2020-05-21,0.0
2020-05-22,0.0
2020-05-23,0.0
2020-05-24,0.0
2020-05-25,0.0
2020-05-26,0.0
2020-05-27,0.0
2020-05-28,0.0
2020-05-29,0.0
2020-05-30,0.0
2020-05-31,0.0
2020-06-01,0.0
2020-06-02,0.0
2020-06-03,0.0
2020-06-04,0.0
2020-06-05,0.0
2020-06-06,0.0
2020-06-07,0.0
2020-06-08,0.0
2020-06-09,0.0
2020-06-10,0.0
2020-06-11,0.0
2020-06-12,0.0
2020-06-13,0.0
2020-06-14,0.0
2020-06-15,0.0
2020-06-16,0.0
2020-06-17,0.0
2020-06-18,0.0
2020-06-19,0.0
2020-06-20,0.0
2020-06-21,0.0
2020-06-22,0.0
2020-06-23,0.0
2020-06-24,0.0
2020-06-25,0.0
2020-06-26,0.0
2020-06-27,0.0
2020-06-28,0.0
2020-06-29,0.0
2020-06-30,0.0
2020-07-01,0.0
2015-01-01,0.0
2015-01-02,0.0
2015-01-03,0.0
2015-01-04,0.0
2015-01-05,0.0
2015-01-06,0.0
2015-01-07,0.0
2015-01-08,0.0
2015-01-09,0.0
2015-01-10,0.0
2015-01-11,0.0
2015-01-12,0.0
2015-01-13,0.0
2015-01-14,0.0
2015-01-15,0.0
2015-01-16,0.0
2015-01-17,0.0
2015-01-18,0.0
2015-01-19,0.0
2015-01-20,0.0
2015-01-21,0.0
2015-01-22,0.0
2015-01-23,0.0
2015-01-24,0.0
2015-01-25,0.0
2015-01-26,0.0
2015-01-27,0.0
2015-01-28,0.0
2015-01-29,0.0
2015-01-30,0.0
2015-01-31,0.0
2015-02-01,0.0
2015-02-02,0.0
2015-02-03,0.0
2015-02-04,0.0
2015-02-05,0.0
2015-02-06,0.0
2015-02-07,0.0
2015-02-08,0.0
2015-02-09,0.0
2015-02-10,0.0
2015-02-11,0.0
2015-02-12,0.0
2015-02-13,0.0
2015-02-14,0.0
2015-02-15,0.0
2015-02-16,0.0
2015-02-17,0.0
2015-02-18,0.0
2015-02-19,0.0
2015-02-20,0.0
2015-02-21,0.0
2015-02-22,0.0
2015-02-23,0.0
2015-02-24,0.0
2015-02-25,0.0
2015-02-26,0.0
2015-02-27,0.0
2015-02-28,0.0
2015-03-01,0.0
2015-03-02,0.0
2015-03-03,0.0
2015-03-04,0.0
2015-03-05,0.0
2015-03-06,0.0
2015-03-07,0.0
2015-03-08,0.0
2015-03-09,0.0
2015-03-10,0.0
2015-03-11,0.0
2015-03-12,0.0
2015-03-13,0.0
2015-03-14,0.0
2015-03-15,0.0
2015-03-16,0.0
2015-03-17,0.0
2015-03-18,0.0
2015-03-19,0.0
2015-03-20,0.0
2015-03-21,0.0
2015-03-22,0.0
2015-03-23,0.0
2015-03-24,0.0
2015-03-25,0.0
2015-03-26,0.0
2015-03-27,0.0
2015-03-28,0.0
2015-03-29,0.0
2015-03-30,0.0
2015-03-31,0.0
2015-04-01,0.0
2015-04-02,0.0
2015-04-03,0.0
2015-04-04,0.0
2015-04-05,0.0
2015-04-06,0.0
2015-04-07,0.0
2015-04-08,0.0
2015-04-09,0.0
2015-04-10,0.0
2015-04-11,0.0
2015-04-12,0.0
2015-04-13,0.0
2015-04-14,0.0
2015-04-15,0.0
2015-04-16,0.0
2015-04-17,0.0
2015-04-18,0.0
2015-04-19,0.0
2015-04-20,0.0
2015-04-21,0.0
2015-04-22,0.0
2015-04-23,0.0
2015-04-24,0.0
2015-04-25,0.0
2015-04-26,0.0
2015-04-27,0.0
2015-04-28,0.0
2015-04-29,0.0
2015-04-30,0.0
2015-05-01,0.0
2015-05-02,0.0
2015-05-03,0.0
2015-05-04,0.0
2015-05-05,0.0
2015-05-06,0.0
2015-05-07,0.0
2015-05-08,0.0
2015-05-09,0.0
2015-05-10,0.0
2015-05-11,0.0
2015-05-12,0.0
2015-05-13,0.0
2015-05-14,0.0
2015-05-15,0.0
2015-05-16,0.0
2015-05-17,0.0
2015-05-18,0.0
2015-05-19,0.0
2015-05-20,0.0
2015-05-21,0.0
2015-05-22,0.0
2015-05-23,0.0
2015-05-24,0.0
2015-05-25,0.0
2015-05-26,0.0
2015-05-27,0.0
2015-05-28,0.0
2015-05-29,0.0
2015-05-30,0.0
2015-05-31,0.0
2015-06-01,0.0
2015-06-02,0.0
2015-06-03,0.0
2015-06-04,0.0
2015-06-05,0.0
2015-06-06,0.0
2015-06-07,0.0
2015-06-08,0.0
2015-06-09,0.0
2015-06-10,0.0
2015-06-11,0.0
2015-06-12,0.0
2015-06-13,0.0
2015-06-14,0.0
2015-06-15,0.0
2015-06-16,0.0
2015-06-17,0.0
2015-06-18,0.0
2015-06-19,0.0
2015-06-20,0.0
2015-06-21,0.0
2015-06-22,0.0
2015-06-23,0.0
2015-06-24,0.0
2015-06-25,0.0
2015-06-26,0.0
2015-06-27,0.0
2015-06-28,0.0
2015-06-29,0.0
2015-06-30,0.0
2015-07-01,0.0
2015-07-02,0.0
2015-07-03,0.0
2015-07-04,0.0
2015-07-05,0.0
2015-07-06,0.0
2015-07-07,0.0
2015-07-08,0.0
2015-07-09,0.0
2015-07-10,0.0
2015-07-11,0.0
2015-07-12,0.0
2015-07-13,0.0
2015-07-14,0.0
2015-07-15,0.0
2015-07-16,0.0
2015-07-17,0.0
2015-07-18,0.0
2015-07-19,0.0
2015-07-20,0.0
2015-07-21,0.0
2015-07-22,0.0
2015-07-23,0.0
2015-07-24,0.0
2015-07-25,0.0
2015-07-26,0.0
2015-07-27,0.0
2015-07-28,0.0
2015-07-29,0.0
2015-07-30,0.0
2015-07-31,0.0
2015-08-01,0.0
2015-08-02,0.0
2015-08-03,0.0
2015-08-04,0.0
2015-08-05,0.0
2015-08-06,0.0
2015-08-07,0.0
2015-08-08,0.0
2015-08-09,0.0
2015-08-10,0.0
2015-08-11,0.0
2015-08-12,0.0
2015-08-13,0.0
2015-08-14,0.0
2015-08-15,0.0
2015-08-16,0.0
2015-08-17,0.0
2015-08-18,0.0
2015-08-19,0.0
2015-08-20,0.0
2015-08-21,0.0
2015-08-22,0.0
2015-08-23,0.0
2015-08-24,0.0
2015-08-25,0.0
2015-08-26,0.0
2015-08-27,0.0
2015-08-28,0.0
2015-08-29,0.0
2015-08-30,0.0
2015-08-31,0.0
2015-09-01,0.0
2015-09-02,0.0
2015-09-03,0.0
2015-09-04,0.0
2015-09-05,0.0
2015-09-06,0.0
2015-09-07,0.0
2015-09-08,0.0
2015-09-09,0.0
2015-09-10,0.0
2015-09-11,0.0
2015-09-12,0.0
2015-09-13,0.0
2015-09-14,0.0
2015-09-15,0.0
2015-09-16,0.0
2015-09-17,0.0
2015-09-18,0.0
2015-09-19,0.0
2015-09-20,0.0
2015-09-21,0.0
2015-09-22,0.0
2015-09-23,0.0
2015-09-24,0.0
2015-09-25,0.0
2015-09-26,0.0
2015-09-27,0.0
2015-09-28,0.0
2015-09-29,0.0
2015-09-30,0.0
2015-10-01,0.0
2015-10-02,0.0
2015-10-03,0.0
2015-10-04,0.0
2015-10-05,0.0
2015-10-06,0.0
2015-10-07,0.0
2015-10-08,0.0
2015-10-09,0.0
2015-10-10,0.0
2015-10-11,0.0
2015-10-12,0.0
2015-10-13,0.0
2015-10-14,0.0
2015-10-15,0.0
2015-10-16,0.0
2015-10-17,0.0
2015-10-18,0.0
2015-10-19,0.0
2015-10-20,0.0
2015-10-21,0.0
2015-10-22,0.0
2015-10-23,0.0
2015-10-24,0.0
2015-10-25,0.0
2015-10-26,0.0
2015-10-27,0.0
2015-10-28,0.0
2015-10-29,0.0
2015-10-30,0.0
2015-10-31,0.0
2015-11-01,0.0
2015-11-02,0.0
2015-11-03,0.0
2015-11-04,0.0
2015-11-05,0.0
2015-11-06,0.0
2015-11-07,0.0
2015-11-08,0.0
2015-11-09,0.0
2015-11-10,0.0
2015-11-11,0.0
2015-11-12,0.0
2015-11-13,0.0
2015-11-14,0.0
2015-11-15,0.0
2015-11-16,0.0
2015-11-17,0.0
2015-11-18,0.0
2015-11-19,0.0
2015-11-20,0.0
2015-11-21,0.0
2015-11-22,0.0
2015-11-23,0.0
2015-11-24,0.0
2015-11-25,0.0
2015-11-26,0.0
2015-11-27,0.0
2015-11-28,0.0
2015-11-29,0.0
2015-11-30,0.0
2015-12-01,0.0
2015-12-02,0.0
2015-12-03,0.0
2015-12-04,0.0
2015-12-05,0.0
2015-12-06,0.0
2015-12-07,0.0
2015-12-08,0.0
2015-12-09,0.0
2015-12-10,0.0
2015-12-11,0.0
2015-12-12,0.0
2015-12-13,0.0
2015-12-14,0.0
2015-12-15,0.0
2015-12-16,0.0
2015-12-17,0.0
2015-12-18,0.0
2015-12-19,0.0
2015-12-20,0.0
2015-12-21,0.0
2015-12-22,0.0
2015-12-23,0.0
2015-12-24,0.0
2015-12-25,0.0
2015-12-26,0.0
2015-12-27,0.0
2015-12-28,0.0
2015-12-29,0.0
2015-12-30,0.0
2015-12-31,0.0
2016-01-01,0.0
2016-01-02,0.0
2016-01-03,0.0
2016-01-04,0.0
2016-01-05,0.0
2016-01-06,0.0
2016-01-07,0.0
2016-01-08,0.0
2016-01-09,0.0
2016-01-10,0.0
2016-01-11,0.0
2016-01-12,0.0
2016-01-13,0.0
2016-01-14,0.0
2016-01-15,0.0
2016-01-16,0.0
2016-01-17,0.0
2016-01-18,0.0
2016-01-19,0.0
2016-01-20,0.0
2016-01-21,0.0
2016-01-22,0.0
2016-01-23,0.0
2016-01-24,0.0
2016-01-25,0.0
2016-01-26,0.0
2016-01-27,0.0
2016-01-28,0.0
2016-01-29,0.0
2016-01-30,0.0
2016-01-31,0.0
2016-02-01,0.0
2016-02-02,0.0
2016-02-03,0.0
2016-02-04,0.0
2016-02-05,0.0
2016-02-06,0.0
2016-02-07,0.0
2016-02-08,0.0
2016-02-09,0.0
2016-02-10,0.0
2016-02-11,0.0
2016-02-12,0.0
2016-02-13,0.0
2016-02-14,0.0
2016-02-15,0.0
2016-02-16,0.0
2016-02-17,0.0
2016-02-18,0.0
2016-02-19,0.0
2016-02-20,0.0
2016-02-21,0.0
2016-02-22,0.0
2016-02-23,0.0
2016-02-24,0.0
2016-02-25,0.0
2016-02-26,0.0
2016-02-27,0.0
2016-02-28,0.0
2016-02-29,0.0
2016-03-01,0.0
2016-03-02,0.0
2016-03-03,0.0
2016-03-04,0.0
2016-03-05,0.0
2016-03-06,0.0
2016-03-07,0.0
2016-03-08,0.0
2016-03-09,0.0
2016-03-10,0.0
2016-03-11,0.0
2016-03-12,0.0
2016-03-13,0.0
2016-03-14,0.0
2016-03-15,0.0
2016-03-16,0.0
2016-03-17,0.0
2016-03-18,0.0
2016-03-19,0.0
2016-03-20,0.0
2016-03-21,0.0
2016-03-22,0.0
2016-03-23,0.0
2016-03-24,0.0
2016-03-25,0.0
2016-03-26,0.0
2016-03-27,0.0
2016-03-28,0.0
2016-03-29,0.0
2016-03-30,0.0
2016-03-31,0.0
2016-04-01,0.0
2016-04-02,0.0
2016-04-03,0.0
2016-04-04,0.0
2016-04-05,0.0
2016-04-06,0.0
2016-04-07,0.0
2016-04-08,0.0
2016-04-09,0.0
2016-04-10,0.0
2016-04-11,0.0
2016-04-12,0.0
2016-04-13,0.0
2016-04-14,0.0
2016-04-15,0.0
2016-04-16,0.0
2016-04-17,0.0
2016-04-18,0.0
2016-04-19,0.0
2016-04-20,0.0
2016-04-21,0.0
2016-04-22,0.0
2016-04-23,0.0
2016-04-24,0.0
2016-04-25,0.0
2016-04-26,0.0
2016-04-27,0.0
2016-04-28,0.0
2016-04-29,0.0
2016-04-30,0.0
2016-05-01,0.0
2016-05-02,0.0
2016-05-03,0.0
2016-05-04,0.0
2016-05-05,0.0
2016-05-06,0.0
2016-05-07,0.0
2016-05-08,0.0
2016-05-09,0.0
2016-05-10,0.0
2016-05-11,0.0
2016-05-12,0.0
2016-05-13,0.0
2016-05-14,0.0
2016-05-15,0.0
2016-05-16,0.0
2016-05-17,0.0
2016-05-18,0.0
2016-05-19,0.0
2016-05-20,0.0
2016-05-21,0.0
2016-05-22,0.0
2016-05-23,0.0
2016-05-24,0.0
2016-05-25,0.0
2016-05-26,0.0
2016-05-27,0.0
2016-05-28,0.0
2016-05-29,0.0
2016-05-30,0.0
2016-05-31,0.0
2016-06-01,0.0
2016-06-02,0.0
2016-06-03,0.0
2016-06-04,0.0
2016-06-05,0.0
2016-06-06,0.0
2016-06-07,0.0
2016-06-08,0.0
2016-06-09,0.0
2016-06-10,0.0
2016-06-11,0.0
2016-06-12,0.0
2016-06-13,0.0
2016-06-14,0.0
2016-06-15,0.0
2016-06-16,0.0
2016-06-17,0.0
2016-06-18,0.0
2016-06-19,0.0
2016-06-20,0.0
2016-06-21,0.0
2016-06-22,0.0
2016-06-23,0.0
2016-06-24,0.0
2016-06-25,0.0
2016-06-26,0.0
2016-06-27,0.0
2016-06-28,0.0
2016-06-29,0.0
2016-06-30,0.0
2016-07-01,0.0
2016-07-02,0.0
2016-07-03,0.0
2016-07-04,0.0
2016-07-05,0.0
2016-07-06,0.0
2016-07-07,0.0
2016-07-08,0.0
2016-07-09,0.0
2016-07-10,0.0
2016-07-11,0.0
2016-07-12,0.0
2016-07-13,0.0
2016-07-14,0.0
2016-07-15,0.0
2016-07-16,0.0
2016-07-17,0.0
2016-07-18,0.0
2016-07-19,0.0
2016-07-20,0.0
2016-07-21,0.0
2016-07-22,0.0
2016-07-23,0.0
2016-07-24,0.0
2016-07-25,0.0
2016-07-26,0.0
2016-07-27,0.0
2016-07-28,0.0
2016-07-29,0.0
2016-07-30,0.0
2016-07-31,0.0
2016-08-01,0.0
2016-08-02,0.0
2016-08-03,0.0
2016-08-04,0.0
2016-08-05,0.0
2016-08-06,0.0
2016-08-07,0.0
2016-08-08,0.0
2016-08-09,0.0
2016-08-10,0.0
2016-08-11,0.0
2016-08-12,0.0
2016-08-13,0.0
2016-08-14,0.0
2016-08-15,0.0
2016-08-16,0.0
2016-08-17,0.0
2016-08-18,0.0
2016-08-19,0.0
2016-08-20,0.0
2016-08-21,0.0
2016-08-22,0.0
2016-08-23,0.0
2016-08-24,0.0
2016-08-25,0.0
2016-08-26,0.0
2016-08-27,0.0
2016-08-28,0.0
2016-08-29,0.0
2016-08-30,0.0
2016-08-31,0.0
2016-09-01,0.0
2016-09-02,0.0
2016-09-03,0.0
2016-09-04,0.0
2016-09-05,0.0
2016-09-06,0.0
2016-09-07,0.0
2016-09-08,0.0
2016-09-09,0.0
2016-09-10,0.0
2016-09-11,0.0
2016-09-12,0.0
2016-09-13,0.0
2016-09-14,0.0
2016-09-15,0.0
2016-09-16,0.0
2016-09-17,0.0
2016-09-18,0.0
2016-09-19,0.0
2016-09-20,0.0
2016-09-21,0.0
2016-09-22,0.0
2016-09-23,0.0
2016-09-24,0.0
2016-09-25,0.0
2016-09-26,0.0
2016-09-27,0.0
2016-09-28,0.0
2016-09-29,0.0
2016-09-30,0.0
2016-10-01,0.0
2016-10-02,0.0
2016-10-03,0.0
2016-10-04,0.0
2016-10-05,0.0
2016-10-06,0.0
2016-10-07,0.0
2016-10-08,0.0
2016-10-09,0.0
2016-10-10,0.0
2016-10-11,0.0
2016-10-12,0.0
2016-10-13,0.0
2016-10-14,0.0
2016-10-15,0.0
2016-10-16,0.0
2016-10-17,0.0
2016-10-18,0.0
2016-10-19,0.0
2016-10-20,0.0
2016-10-21,0.0
2016-10-22,0.0
2016-10-23,0.0
2016-10-24,0.0
2016-10-25,0.0
2016-10-26,0.0
2016-10-27,0.0
2016-10-28,0.0
2016-10-29,0.0
2016-10-30,0.0
2016-10-31,0.0
2016-11-01,0.0
2016-11-02,0.0
2016-11-03,0.0
2016-11-04,0.0
2016-11-05,0.0
2016-11-06,0.0
2016-11-07,0.0
2016-11-08,0.0
2016-11-09,0.0
2016-11-10,0.0
2016-11-11,0.0
2016-11-12,0.0
2016-11-13,0.0
2016-11-14,0.0
2016-11-15,0.0
2016-11-16,0.0
2016-11-17,0.0
2016-11-18,0.0
2016-11-19,0.0
2016-11-20,0.0
2016-11-21,0.0
2016-11-22,0.0
2016-11-23,0.0
2016-11-24,0.0
2016-11-25,0.0
2016-11-26,0.0
2016-11-27,0.0
2016-11-28,0.0
2016-11-29,0.0
2016-11-30,0.0
2016-12-01,0.0
2016-12-02,0.0
2016-12-03,0.0
2016-12-04,0.0
2016-12-05,0.0
2016-12-06,0.0
2016-12-07,0.0
2016-12-08,0.0
2016-12-09,0.0
2016-12-10,0.0
2016-12-11,0.0
2016-12-12,0.0
2016-12-13,0.0
2016-12-14,0.0
2016-12-15,0.0
2016-12-16,0.0
2016-12-17,0.0
2016-12-18,0.0
2016-12-19,0.0
2016-12-20,0.0
2016-12-21,0.0
2016-12-22,0.0
2016-12-23,0.0
2016-12-24,0.0
2016-12-25,0.0
2016-12-26,0.0
2016-12-27,0.0
2016-12-28,0.0
2016-12-29,0.0
2016-12-30,0.0
2016-12-31,0.0
2017-01-01,0.0
2017-01-02,0.0
2017-01-03,0.0
2017-01-04,0.0
2017-01-05,0.0
2017-01-06,0.0
2017-01-07,0.0
2017-01-08,0.0
2017-01-09,0.0
2017-01-10,0.0
2017-01-11,0.0
2017-01-12,0.0
2017-01-13,0.0
2017-01-14,0.0
2017-01-15,0.0
2017-01-16,0.0
2017-01-17,0.0
2017-01-18,0.0
2017-01-19,0.0
2017-01-20,0.0
2017-01-21,0.0
2017-01-22,0.0
2017-01-23,0.0
2017-01-24,0.0
2017-01-25,0.0
2017-01-26,0.0
2017-01-27,0.0
2017-01-28,0.0
2017-01-29,0.0
2017-01-30,0.0
2017-01-31,0.0
2017-02-01,0.0
2017-02-02,0.0
2017-02-03,0.0
2017-02-04,0.0
2017-02-05,0.0
2017-02-06,0.0
2017-02-07,0.0
2017-02-08,0.0
2017-02-09,0.0
2017-02-10,0.0
2017-02-11,0.0
2017-02-12,0.0
2017-02-13,0.0
2017-02-14,0.0
2017-02-15,0.0
2017-02-16,0.0
2017-02-17,0.0
2017-02-18,0.0
2017-02-19,0.0
2017-02-20,0.0
2017-02-21,0.0
2017-02-22,0.0
2017-02-23,0.0
2017-02-24,0.0
2017-02-25,0.0
2017-02-26,0.0
2017-02-27,0.0
2017-02-28,0.0
2017-03-01,0.0
2017-03-02,0.0
2017-03-03,0.0
2017-03-04,0.0
2017-03-05,0.0
2017-03-06,0.0
2017-03-07,0.0
2017-03-08,0.0
2017-03-09,0.0
2017-03-10,0.0
2017-03-11,0.0
2017-03-12,0.0
2017-03-13,0.0
2017-03-14,0.0
2017-03-15,0.0
2017-03-16,0.0
2017-03-17,0.0
2017-03-18,0.0
2017-03-19,0.0
2017-03-20,0.0
2017-03-21,0.0
2017-03-22,0.0
2017-03-23,0.0
2017-03-24,0.0
2017-03-25,0.0
2017-03-26,0.0
2017-03-27,0.0
2017-03-28,0.0
2017-03-29,0.0
2017-03-30,0.0
2017-03-31,0.0
2017-04-01,0.0
2017-04-02,0.0
2017-04-03,0.0
2017-04-04,0.0
2017-04-05,0.0
2017-04-06,0.0
2017-04-07,0.0
2017-04-08,0.0
2017-04-09,0.0
2017-04-10,0.0
2017-04-11,0.0
2017-04-12,0.0
2017-04-13,0.0
2017-04-14,0.0
2017-04-15,0.0
2017-04-16,0.0
2017-04-17,0.0
2017-04-18,0.0
2017-04-19,0.0
2017-04-20,0.0
2017-04-21,0.0
2017-04-22,0.0
2017-04-23,0.0
2017-04-24,0.0
2017-04-25,0.0
2017-04-26,0.0
2017-04-27,0.0
2017-04-28,0.0
2017-04-29,0.0
2017-04-30,0.0
2017-05-01,0.0
2017-05-02,0.0
2017-05-03,0.0
2017-05-04,0.0
2017-05-05,0.0
2017-05-06,0.0
2017-05-07,0.0
2017-05-08,0.0
2017-05-09,0.0
2017-05-10,0.0
2017-05-11,0.0
2017-05-12,0.0
2017-05-13,0.0
2017-05-14,0.0
2017-05-15,0.0
2017-05-16,0.0
2017-05-17,0.0
2017-05-18,0.0
2017-05-19,0.0
2017-05-20,0.0
2017-05-21,0.0
2017-05-22,0.0
2017-05-23,0.0
2017-05-24,0.0
2017-05-25,0.0
2017-05-26,0.0
2017-05-27,0.0
2017-05-28,0.0
2017-05-29,0.0
2017-05-30,0.0
2017-05-31,0.0
2017-06-01,0.0
2017-06-02,0.0
2017-06-03,0.0
2017-06-04,0.0
2017-06-05,0.0
2017-06-06,0.0
2017-06-07,0.0
2017-06-08,0.0
2017-06-09,0.0
2017-06-10,0.0
2017-06-11,0.0
2017-06-12,0.0
2017-06-13,0.0
2017-06-14,0.0
2017-06-15,0.0
2017-06-16,0.0
2017-06-17,0.0
2017-06-18,0.0
2017-06-19,0.0
2017-06-20,0.0
2017-06-21,0.0
2017-06-22,0.0
2017-06-23,0.0
2017-06-24,0.0
2017-06-25,0.0
2017-06-26,0.0
2017-06-27,0.0
2017-06-28,0.0
2017-06-29,0.0
2017-06-30,0.0
2017-07-01,0.0
2017-07-02,0.0
2017-07-03,0.0
2017-07-04,0.0
2017-07-05,0.0
2017-07-06,0.0
2017-07-07,0.0
2017-07-08,0.0
2017-07-09,0.0
2017-07-10,0.0
2017-07-11,0.0
2017-07-12,0.0
2017-07-13,0.0
2017-07-14,0.0
2017-07-15,0.0
2017-07-16,0.0
2017-07-17,0.0
2017-07-18,0.0
2017-07-19,0.0
2017-07-20,0.0
2017-07-21,0.0
2017-07-22,0.0
2017-07-23,0.0
2017-07-24,0.0
2017-07-25,0.0
2017-07-26,0.0
2017-07-27,0.0
2017-07-28,0.0
2017-07-29,0.0
2017-07-30,0.0
2017-07-31,0.0
2017-08-01,0.0
2017-08-02,0.0
2017-08-03,0.0
2017-08-04,0.0
2017-08-05,0.0
2017-08-06,0.0
2017-08-07,0.0
2017-08-08,0.0
2017-08-09,0.0
2017-08-10,0.0
2017-08-11,0.0
2017-08-12,0.0
2017-08-13,0.0
2017-08-14,0.0
2017-08-15,0.0
2017-08-16,0.0
2017-08-17,0.0
2017-08-18,0.0
2017-08-19,0.0
2017-08-20,0.0
2017-08-21,0.0
2017-08-22,0.0
2017-08-23,0.0
2017-08-24,0.0
2017-08-25,0.0
2017-08-26,0.0
2017-08-27,0.0
2017-08-28,0.0
2017-08-29,0.0
2017-08-30,0.0
2017-08-31,0.0
2017-09-01,0.0
2017-09-02,0.0
2017-09-03,0.0
2017-09-04,0.0
2017-09-05,0.0
2017-09-06,0.0
2017-09-07,0.0
2017-09-08,0.0
2017-09-09,0.0
2017-09-10,0.0
2017-09-11,0.0
2017-09-12,0.0
2017-09-13,0.0
2017-09-14,0.0
2017-09-15,0.0
2017-09-16,0.0
2017-09-17,0.0
2017-09-18,0.0
2017-09-19,0.0
2017-09-20,0.0
2017-09-21,0.0
2017-09-22,0.0
2017-09-23,0.0
2017-09-24,0.0
2017-09-25,0.0
2017-09-26,0.0
2017-09-27,0.0
2017-09-28,0.0
2017-09-29,0.0
2017-09-30,0.0
2017-10-01,0.0
2017-10-02,0.0
2017-10-03,0.0
2017-10-04,0.0
2017-10-05,0.0
2017-10-06,0.0
2017-10-07,0.0
2017-10-08,0.0
2017-10-09,0.0
2017-10-10,0.0
2017-10-11,0.0
2017-10-12,0.0
2017-10-13,0.0
2017-10-14,0.0
2017-10-15,0.0
2017-10-16,0.0
2017-10-17,0.0
2017-10-18,0.0
2017-10-19,0.0
2017-10-20,0.0
2017-10-21,0.0
2017-10-22,0.0
2017-10-23,0.0
2017-10-24,0.0
2017-10-25,0.0
2017-10-26,0.0
2017-10-27,0.0
2017-10-28,0.0
2017-10-29,0.0
2017-10-30,0.0
2017-10-31,0.0
2017-11-01,0.0
2017-11-02,0.0
2017-11-03,0.0
2017-11-04,0.0
2017-11-05,0.0
2017-11-06,0.0
2017-11-07,0.0
2017-11-08,0.0
2017-11-09,0.0
2017-11-10,0.0
2017-11-11,0.0
2017-11-12,0.0
2017-11-13,0.0
2017-11-14,0.0
2017-11-15,0.0
2017-11-16,0.0
2017-11-17,0.0
2017-11-18,0.0
2017-11-19,0.0
2017-11-20,0.0
2017-11-21,0.0
2017-11-22,0.0
2017-11-23,0.0
2017-11-24,0.0
2017-11-25,0.0
2017-11-26,0.0
2017-11-27,0.0
2017-11-28,0.0
2017-11-29,0.0
2017-11-30,0.0
2017-12-01,0.0
2017-12-02,0.0
2017-12-03,0.0
2017-12-04,0.0
2017-12-05,0.0
2017-12-06,0.0
2017-12-07,0.0
2017-12-08,0.0
2017-12-09,0.0
2017-12-10,0.0
2017-12-11,0.0
2017-12-12,0.0
2017-12-13,0.0
2017-12-14,0.0
2017-12-15,0.0
2017-12-16,0.0
2017-12-17,0.0
2017-12-18,0.0
2017-12-19,0.0
2017-12-20,0.0
2017-12-21,0.0
2017-12-22,0.0
2017-12-23,0.0
2017-12-24,0.0
2017-12-25,0.0
2017-12-26,0.0
2017-12-27,0.0
2017-12-28,0.0
2017-12-29,0.0
2017-12-30,0.0
2017-12-31,0.0
2018-01-01,0.0
2018-01-02,0.0
2018-01-03,0.0
2018-01-04,0.0
2018-01-05,0.0
2018-01-06,0.0
2018-01-07,0.0
2018-01-08,0.0
2018-01-09,0.0
2018-01-10,0.0
2018-01-11,0.0
2018-01-12,0.0
2018-01-13,0.0
2018-01-14,0.0
2018-01-15,0.0
2018-01-16,0.0
2018-01-17,0.0
2018-01-18,0.0
2018-01-19,0.0
2018-01-20,0.0
2018-01-21,0.0
2018-01-22,0.0
2018-01-23,0.0
2018-01-24,0.0
2018-01-25,0.0
2018-01-26,0.0
2018-01-27,0.0
2018-01-28,0.0
2018-01-29,0.0
2018-01-30,0.0
2018-01-31,0.0
2018-02-01,0.0
2018-02-02,0.0
2018-02-03,0.0
2018-02-04,0.0
2018-02-05,0.0
2018-02-06,0.0
2018-02-07,0.0
2018-02-08,0.0
2018-02-09,0.0
2018-02-10,0.0
2018-02-11,0.0
2018-02-12,0.0
2018-02-13,0.0
2018-02-14,0.0
2018-02-15,0.0
2018-02-16,0.0
2018-02-17,0.0
2018-02-18,0.0
2018-02-19,0.0
2018-02-20,0.0
2018-02-21,0.0
2018-02-22,0.0
2018-02-23,0.0
2018-02-24,0.0
2018-02-25,0.0
2018-02-26,0.0
2018-02-27,0.0
2018-02-28,0.0
2018-03-01,0.0
2018-03-02,0.0
2018-03-03,0.0
2018-03-04,0.0
2018-03-05,0.0
2018-03-06,0.0
2018-03-07,0.0
2018-03-08,0.0
2018-03-09,0.0
2018-03-10,0.0
2018-03-11,0.0
2018-03-12,0.0
2018-03-13,0.0
2018-03-14,0.0
2018-03-15,0.0
2018-03-16,0.0
2018-03-17,0.0
2018-03-18,0.0
2018-03-19,0.0
2018-03-20,0.0
2018-03-21,0.0
2018-03-22,0.0
2018-03-23,0.0
2018-03-24,0.0
2018-03-25,0.0
2018-03-26,0.0
2018-03-27,0.0
2018-03-28,0.0
2018-03-29,0.0
2018-03-30,0.0
2018-03-31,0.0
2018-04-01,0.0
2018-04-02,0.0
2018-04-03,0.0
2018-04-04,0.0
2018-04-05,0.0
2018-04-06,0.0
2018-04-07,0.0
2018-04-08,0.0
2018-04-09,0.0
2018-04-10,0.0
2018-04-11,0.0
2018-04-12,0.0
2018-04-13,0.0
2018-04-14,0.0
2018-04-15,0.0
2018-04-16,0.0
2018-04-17,0.0
2018-04-18,0.0
2018-04-19,0.0
2018-04-20,0.0
2018-04-21,0.0
2018-04-22,0.0
2018-04-23,0.0
2018-04-24,0.0
2018-04-25,0.0
2018-04-26,58.53
2018-04-27,0.0
2018-04-28,0.0
2018-04-29,0.0
2018-04-30,0.0
2018-05-01,0.0
2018-05-02,0.0
2018-05-03,0.0
2018-05-04,0.0
2018-05-05,0.0
2018-05-06,0.0
2018-05-07,0.0
2018-05-08,48.8
2018-05-09,62.07
2018-05-10,67.03
2018-05-11,71.8
2018-05-12,91.26
2018-05-13,79.1
2018-05-14,44.13
2018-05-15,52.51
2018-05-16,45.85
2018-05-17,74.2
2018-05-18,72.98
2018-05-19,88.35
2018-05-20,81.14
2018-05-21,79.33
2018-05-22,89.75
2018-05-23,93.09
2018-05-24,88.41
2018-05-25,56.32
2018-05-26,66.74
2018-05-27,18.64
2018-05-28,0.0
2018-05-29,0.0
2018-05-30,0.0
2018-05-31,0.0
2018-06-01,0.0
2018-06-02,0.0
2018-06-03,0.0
2018-06-04,0.0
2018-06-05,0.0
2018-06-06,0.0
2018-06-07,0.0
2018-06-08,0.0
2018-06-09,0.0
2018-06-10,0.0
2018-06-11,0.0
2018-06-12,0.0
2018-06-13,0.0
2018-06-14,0.0
2018-06-15,0.0
2018-06-16,57.08
2018-06-17,70.7
2018-06-18,31.4
2018-06-19,43.53
2018-06-20,97.45
2018-06-21,82.67
2018-06-22,70.66
2018-06-23,61.23
2018-06-24,41.27
2018-06-25,55.71
2018-06-26,75.33
2018-06-27,71.0
2018-06-28,56.8
2018-06-29,67.13
2018-06-30,66.72
2018-07-01,48.23
2018-07-02,48.89
2018-07-03,65.24
2018-07-04,52.86
2018-07-05,73.45
2018-07-06,70.33
2018-07-07,56.35
2018-07-08,0.0
2018-07-09,38.84
2018-07-10,46.86
2018-07-11,71.77
2018-07-12,69.04
2018-07-13,82.21
2018-07-14,93.35
2018-07-15,89.58
2018-07-16,77.37
2018-07-17,72.12
2018-07-18,60.58
2018-07-19,73.6
2018-07-20,67.74
2018-07-21,65.59
2018-07-22,58.9
2018-07-23,56.91
2018-07-24,53.79
2018-07-25,54.45
2018-07-26,62.28
2018-07-27,52.16
2018-07-28,53.33
2018-07-29,52.3
2018-07-30,50.4
2018-07-31,61.49
2018-08-01,65.57
2018-08-02,56.31
2018-08-03,48.66
2018-08-04,44.69
2018-08-05,41.44
2018-08-06,43.37
2018-08-07,51.97
2018-08-08,54.43
2018-08-09,46.49
2018-08-10,48.67
2018-08-11,40.69
2018-08-12,42.34
2018-08-13,45.15
2018-08-14,64.24
2018-08-15,90.14
2018-08-16,91.07
2018-08-17,74.6
2018-08-18,73.99
2018-08-19,84.4
2018-08-20,75.24
2018-08-21,69.36
2018-08-22,61.36
2018-08-23,62.32
2018-08-24,53.7
2018-08-25,55.95
2018-08-26,54.02
2018-08-27,65.51
2018-08-28,75.3
2018-08-29,70.91
2018-08-30,67.74
2018-08-31,61.92
2018-09-01,71.66
2018-09-02,56.21
2018-09-03,57.69
2018-09-04,54.7
2018-09-05,56.3
2018-09-06,60.73
2018-09-07,67.46
2018-09-08,64.56
2018-09-09,67.13
2018-09-10,63.71
2018-09-11,72.02
2018-09-12,53.58
2018-09-13,48.32
2018-09-14,57.14
2018-09-15,67.31
2018-09-16,76.8
2018-09-17,68.0
2018-09-18,78.16
2018-09-19,55.13
2018-09-20,91.8
2018-09-21,114.46
2018-09-22,59.71
2018-09-23,66.06
2018-09-24,70.44
2018-09-25,77.88
2018-09-26,71.2
2018-09-27,76.15
2018-09-28,107.68
2018-09-29,112.39
2018-09-30,141.2
2018-10-01,130.79
2018-10-02,116.69
2018-10-03,122.42
2018-10-04,99.57
2018-10-05,103.91
2018-10-06,122.98
2018-10-07,118.68
2018-10-08,106.14
2018-10-09,100.44
2018-10-10,100.02
2018-10-11,89.58
2018-10-12,118.82
2018-10-13,167.05
2018-10-14,166.65
2018-10-15,153.48
2018-10-16,158.76
2018-10-17,129.95
2018-10-18,71.72
2018-10-19,137.14
2018-10-20,120.56
2018-10-21,0.0
2018-10-22,158.76
2018-10-23,91.46
2018-10-24,153.14
2018-10-25,166.96
2018-10-26,115.93
2018-10-27,172.6
2018-10-28,0.0
2018-10-29,96.44
2018-10-30,109.1
2018-10-31,111.56
2018-11-01,138.28
2018-11-02,120.59
2018-11-03,100.16
2018-11-04,78.33
2018-11-05,68.37
2018-11-06,152.2
2018-11-07,164.86
2018-11-08,276.46
2018-11-09,222.33
2018-11-10,272.19
2018-11-11,157.26
2018-11-12,149.49
2018-11-13,133.23
2018-11-14,132.29
2018-11-15,132.08
2018-11-16,136.44
2018-11-17,152.93
2018-11-18,171.12
2018-11-19,0.0
2018-11-20,177.92
2018-11-21,0.0
2018-11-22,152.7
2018-11-23,112.45
2018-11-24,141.23
2018-11-25,171.43
2018-11-26,179.98
2018-11-27,161.37
2018-11-28,175.73
2018-11-29,170.39
2018-11-30,175.08
2018-12-01,196.83
2018-12-02,202.58
2018-12-03,215.08
2018-12-04,187.09
2018-12-05,201.08
2018-12-06,170.19
2018-12-07,165.03
2018-12-08,193.53
2018-12-09,169.94
2018-12-10,151.5
2018-12-11,154.09
2018-12-12,121.78
2018-12-13,142.34
2018-12-14,148.08
2018-12-15,159.6
2018-12-16,155.32
2018-12-17,135.22
2018-12-18,165.21
2018-12-19,141.73
2018-12-20,130.15
2018-12-21,143.39
2018-12-22,180.07
2018-12-23,192.28
2018-12-24,221.61
2018-12-25,203.0
2018-12-26,137.58
2018-12-27,133.78
2018-12-28,152.97
2018-12-29,137.97
2018-12-30,159.39
2018-12-31,185.04
2019-01-01,221.85
2019-01-02,232.04
2019-01-03,295.76
2019-01-04,250.62
2019-01-05,216.49
2019-01-06,233.06
2019-01-07,164.07
2019-01-08,177.25
2019-01-09,199.89
2019-01-10,250.65
2019-01-11,240.04
2019-01-12,237.89
2019-01-13,235.95
2019-01-14,191.3
2019-01-15,188.89
2019-01-16,194.79
2019-01-17,245.52
2019-01-18,231.12
2019-01-19,254.54
2019-01-20,285.55
2019-01-21,132.19
2019-01-22,109.43
2019-01-23,113.83
2019-01-24,150.95
2019-01-25,135.35
2019-01-26,122.56
2019-01-27,117.84
2019-01-28,121.37
2019-01-29,125.09
2019-01-30,173.72
2019-01-31,174.07
2019-02-01,153.71
2019-02-02,184.82
2019-02-03,257.39
2019-02-04,217.26
2019-02-05,209.61
2019-02-06,146.7
2019-02-07,94.56
2019-02-08,203.43
2019-02-09,188.49
2019-02-10,222.61
2019-02-11,261.7
2019-02-12,221.18
2019-02-13,152.16
2019-02-14,100.42
2019-02-15,119.49
2019-02-16,130.57
2019-02-17,168.11
2019-02-18,136.62
2019-02-19,120.19
2019-02-20,182.68
2019-02-21,84.13
2019-02-22,103.84
2019-02-23,196.31
2019-02-24,126.11
2019-02-25,118.0
2019-02-26,116.06
2019-02-27,109.49
2019-02-28,133.69
2019-03-01,150.77
2019-03-02,203.42
2019-03-03,58.71
2019-03-04,81.35
2019-03-05,126.58
2019-03-06,92.09
2019-03-07,102.94
2019-03-08,108.52
2019-03-09,132.21
2019-03-10,158.13
2019-03-11,128.8
2019-03-12,92.1
2019-03-13,90.2
2019-03-14,99.26
2019-03-15,113.58
2019-03-16,158.64
2019-03-17,132.12
2019-03-18,145.41
2019-03-19,140.87
2019-03-20,92.8
2019-03-21,79.16
2019-03-22,65.91
2019-03-23,115.36
2019-03-24,188.42
2019-03-25,206.24
2019-03-26,151.14
2019-03-27,127.47
2019-03-28,105.11
2019-03-29,100.84
2019-03-30,89.43
2019-03-31,90.53
2019-04-01,87.09
2019-04-02,89.81
2019-04-03,92.65
2019-04-04,66.3
2019-04-05,60.59
2019-04-06,66.09
2019-04-07,71.13
2019-04-08,59.23
2019-04-09,60.7
2019-04-10,52.28
2019-04-11,64.97
2019-04-12,76.97
2019-04-13,114.51
2019-04-14,83.82
2019-04-15,84.28
2019-04-16,106.52
2019-04-17,50.12
2019-04-18,88.17
2019-04-19,95.76
2019-04-20,75.24
2019-04-21,69.22
2019-04-22,75.94
2019-04-23,71.69
2019-04-24,67.42
2019-04-25,57.09
2019-04-26,74.24
2019-04-27,99.86
2019-04-28,99.29
2019-04-29,88.73
2019-04-30,85.4
2019-05-01,89.67
2019-05-02,114.38
2019-05-03,85.82
2019-05-04,76.05
2019-05-05,71.97
2019-05-06,61.85
2019-05-07,52.14
2019-05-08,47.56
2019-05-09,46.73
2019-05-10,49.69
2019-05-11,45.38
2019-05-12,62.45
2019-05-13,70.93
2019-05-14,64.72
2019-05-15,64.91
2019-05-16,58.49
2019-05-17,64.12
2019-05-18,74.72
2019-05-19,58.55
2019-05-20,58.33
2019-05-21,69.48
2019-05-22,45.31
2019-05-23,55.67
2019-05-24,79.74
2019-05-25,60.49
2019-05-26,76.72
2019-05-27,86.81
2019-05-28,72.77
2019-05-29,60.16
2019-05-30,48.56
2019-05-31,48.68
2019-06-01,45.97
2019-06-02,43.71
2019-06-03,45.9
2019-06-04,49.54
2019-06-05,53.63
2019-06-06,57.2
2019-06-07,65.7
2019-06-08,77.47
2019-06-09,85.38
2019-06-10,75.69
2019-06-11,50.39
2019-06-12,46.88
2019-06-13,57.28
2019-06-14,56.1
2019-06-15,48.22
2019-06-16,55.6
2019-06-17,59.29
2019-06-18,52.99
2019-06-19,56.82
2019-06-20,82.29
2019-06-21,78.83
2019-06-22,88.55
2019-06-23,88.85
2019-06-24,80.85
2019-06-25,53.76
2019-06-26,49.61
2019-06-27,31.79
2019-06-28,31.49
2019-06-29,34.34
2019-06-30,39.11
2019-07-01,24.69
2019-07-02,21.58
2019-07-03,31.61
2019-07-04,43.96
2019-07-05,53.1
2019-07-06,46.43
2019-07-07,82.39
2019-07-08,54.07
2019-07-09,45.85
2019-07-10,28.14
2019-07-11,49.5
2019-07-12,48.04
2019-07-13,44.93
2019-07-14,43.54
2019-07-15,57.0
2019-07-16,51.18
2019-07-17,59.21
2019-07-18,62.65
2019-07-19,78.75
2019-07-20,57.53
2019-07-21,48.5
2019-07-22,32.14
2019-07-23,25.93
2019-07-24,22.05
2019-07-25,42.48
2019-07-26,41.53
2019-07-27,43.68
2019-07-28,53.66
2019-07-29,47.19
2019-07-30,32.95
2019-07-31,33.22
2019-08-01,38.95
2019-08-02,29.55
2019-08-03,23.05
2019-08-04,35.88
2019-08-05,41.42
2019-08-06,41.04
2019-08-07,51.39
2019-08-08,72.32
2019-08-09,66.95
2019-08-10,76.53
2019-08-11,62.75
2019-08-12,56.76
2019-08-13,52.56
2019-08-14,61.4
2019-08-15,47.84
2019-08-16,51.78
2019-08-17,64.05
2019-08-18,52.68
2019-08-19,53.12
2019-08-20,63.94
2019-08-21,53.39
2019-08-22,53.14
2019-08-23,52.92
2019-08-24,49.36
2019-08-25,47.31
2019-08-26,59.08
2019-08-27,55.06
2019-08-28,45.0
2019-08-29,46.32
2019-08-30,39.63
2019-08-31,42.24
2019-09-01,32.99
2019-09-02,41.22
2019-09-03,21.31
2019-09-04,20.72
2019-09-05,20.38
2019-09-06,29.36
2019-09-07,34.27
2019-09-08,29.63
2019-09-09,46.77
2019-09-10,51.1
2019-09-11,47.04
2019-09-12,41.79
2019-09-13,39.62
2019-09-14,54.5
2019-09-15,32.85
2019-09-16,45.25
2019-09-17,43.48
2019-09-18,42.66
2019-09-19,38.49
2019-09-20,34.2
2019-09-21,33.0
2019-09-22,44.55
2019-09-23,57.85
2019-09-24,59.47
2019-09-25,37.22
2019-09-26,39.46
2019-09-27,22.71
2019-09-28,27.38
2019-09-29,32.07
2019-09-30,26.16
2019-10-01,42.8
2019-10-02,56.33
2019-10-03,52.25
2019-10-04,64.32
2019-10-05,74.94
2019-10-06,77.75
2019-10-07,88.32
2019-10-08,99.28
2019-10-09,49.28
2019-10-10,81.82
2019-10-11,77.93
2019-10-12,103.99
2019-10-13,88.36
2019-10-14,112.01
2019-10-15,111.2
2019-10-16,118.26
2019-10-17,126.82
2019-10-18,129.06
2019-10-19,48.57
2019-10-20,29.91
2019-10-21,41.34
2019-10-22,44.55
2019-10-23,41.64
2019-10-24,72.1
2019-10-25,46.59
2019-10-26,57.91
2019-10-27,76.14
2019-10-28,91.27
2019-10-29,102.53
2019-10-30,84.5
2019-10-31,77.85
2019-11-01,57.59
2019-11-02,39.96
2019-11-03,62.74
2019-11-04,66.83
2019-11-05,76.94
2019-11-06,101.96
2019-11-07,52.22
2019-11-08,41.81
2019-11-09,73.34
2019-11-10,98.73
2019-11-11,106.42
2019-11-12,132.42
2019-11-13,122.75
2019-11-14,123.27
2019-11-15,128.01
2019-11-16,135.69
2019-11-17,123.26
2019-11-18,125.42
2019-11-19,163.46
2019-11-20,171.91
2019-11-21,167.92
2019-11-22,163.02
2019-11-23,154.89
2019-11-24,149.57
2019-11-25,159.83
2019-11-26,158.37
2019-11-27,143.06
2019-11-28,142.88
2019-11-29,148.72
2019-11-30,158.29
2019-12-01,168.1
2019-12-02,120.78
2019-12-03,98.1
2019-12-04,109.16
2019-12-05,121.72
2019-12-06,149.35
2019-12-07,140.48
2019-12-08,157.73
2019-12-09,147.34
2019-12-10,150.62
2019-12-11,169.34
2019-12-12,169.26
2019-12-13,132.97
2019-12-14,110.41
2019-12-15,143.27
2019-12-16,161.83
2019-12-17,149.67
2019-12-18,137.11
2019-12-19,138.83
2019-12-20,169.49
2019-12-21,174.95
2019-12-22,171.39
2019-12-23,167.3
2019-12-24,205.91
2019-12-25,215.78
2019-12-26,152.83
2019-12-27,154.44
2019-12-28,140.33
2019-12-29,145.75
2019-12-30,155.08
2019-12-31,127.82
2020-01-01,183.88
2020-01-02,171.73
2020-01-03,157.8
2020-01-04,158.44
2020-01-05,162.68
2020-01-06,142.64
2020-01-07,165.84
2020-01-08,120.55
2020-01-09,126.87
2020-01-10,143.74
2020-01-11,162.07
2020-01-12,194.66
2020-01-13,120.46
2020-01-14,97.67
2020-01-15,91.62
2020-01-16,84.73
2020-01-17,115.87
2020-01-18,167.77
2020-01-19,195.03
2020-01-20,181.54
2020-01-21,207.73
2020-01-22,173.23
2020-01-23,189.99
2020-01-24,163.95
2020-01-25,192.11
2020-01-26,210.51
2020-01-27,120.42
2020-01-28,81.69
2020-01-29,97.0
2020-01-30,141.65
2020-01-31,158.62
2020-02-01,168.79
2020-02-02,186.22
2020-02-03,165.19
2020-02-04,151.8
2020-02-05,153.38
2020-02-06,127.57
2020-02-07,136.21
2020-02-08,151.73
2020-02-09,144.61
2020-02-10,129.32
2020-02-11,143.87
2020-02-12,145.25
2020-02-13,152.14
2020-02-14,149.22
2020-02-15,151.37
2020-02-16,165.51
2020-02-17,212.49
2020-02-18,201.4
2020-02-19,212.28
2020-02-20,146.64
2020-02-21,100.68
2020-02-22,157.96
2020-02-23,194.83
2020-02-24,185.63
2020-02-25,152.41
2020-02-26,131.59
2020-02-27,144.95
2020-02-28,185.24
2020-02-29,183.77
2020-03-01,121.29
2020-03-02,142.49
2020-03-03,137.1
2020-03-04,122.49
2020-03-05,108.48
2020-03-06,105.77
2020-03-07,131.04
2020-03-08,125.15
2020-03-09,134.18
2020-03-10,125.98
2020-03-11,74.65
2020-03-12,80.55
2020-03-13,108.48
2020-03-14,126.36
2020-03-15,175.84
2020-03-16,190.49
2020-03-17,204.96
2020-03-18,150.71
2020-03-19,99.38
2020-03-20,84.44
2020-03-21,67.91
2020-03-22,53.27
2020-03-23,64.7
2020-03-24,92.81
2020-03-25,77.24
2020-03-26,65.48
2020-03-27,69.65
2020-03-28,67.46
2020-03-29,66.1
2020-03-30,63.65
2020-03-31,63.61
2020-04-01,58.94
2020-04-02,77.19
2020-04-03,83.88
2020-04-04,78.44
2020-04-05,73.53
2020-04-06,54.45
2020-04-07,79.61
2020-04-08,98.54
2020-04-09,93.39
2020-04-10,83.39
2020-04-11,82.21
2020-04-12,81.99
2020-04-13,75.31
2020-04-14,81.61
2020-04-15,66.58
2020-04-16,55.03
2020-04-17,53.53
2020-04-18,52.34
2020-04-19,63.75
2020-04-20,81.0
2020-04-21,54.81
2020-04-22,52.92
2020-04-23,54.84
2020-04-24,47.88
2020-04-25,44.63
2020-04-26,51.09
2020-04-27,45.04
2020-04-28,50.93
2020-04-29,57.68
2020-04-30,53.42
2020-05-01,43.76
2020-05-02,39.87
2020-05-03,34.64
2020-05-04,33.77
2020-05-05,42.66
2020-05-06,55.6
2020-05-07,52.48
2020-05-08,60.85
2020-05-09,54.67
2020-05-10,49.13
2020-05-11,57.84
2020-05-12,51.68
2020-05-13,53.52
2020-05-14,56.14
2020-05-15,62.36
2020-05-16,109.67
2020-05-17,110.21
2020-05-18,74.82
2020-05-19,65.41
2020-05-20,48.48
2020-05-21,43.01
2020-05-22,43.77
2020-05-23,52.48
2020-05-24,44.41
2020-05-25,53.97
2020-05-26,60.01
2020-05-27,49.07
2020-05-28,46.97
2020-05-29,30.7
2020-05-30,42.19
2020-05-31,41.07
2020-06-01,44.22
2020-06-02,46.59
2020-06-03,19.05
2020-06-04,47.52
2020-06-05,33.01
2020-06-06,30.27
2020-06-07,35.86
2020-06-08,25.63
2020-06-09,28.08
2020-06-10,34.98
2020-06-11,28.18
2020-06-12,31.78
2020-06-13,27.75
2020-06-14,25.02
2020-06-15,27.54
2020-06-16,22.68
2020-06-17,21.38
2020-06-18,26.97
2020-06-19,54.73
2020-06-20,52.15
2020-06-21,41.0
2020-06-22,47.23
2020-06-23,32.9
2020-06-24,30.22
2020-06-25,43.79
2020-06-26,47.1
2020-06-27,63.72
2020-06-28,44.84
2020-06-29,27.51
2020-06-30,13.87
2020-07-01,11.28
2015-06-01,0.0
2015-06-02,0.0
2015-06-03,0.0
2015-06-04,0.0
2015-06-05,0.0
2015-06-06,0.0
2015-06-07,0.0
2015-06-08,0.0
2015-06-09,0.0
2015-06-10,0.0
2015-06-11,0.0
2015-06-12,0.0
2015-06-13,0.0
2015-06-14,0.0
2015-06-15,0.0
2015-06-16,0.0
2015-06-17,0.0
2015-06-18,0.0
2015-06-19,0.0
2015-06-20,0.0
2015-06-21,0.0
2015-06-22,0.0
2015-06-23,0.0
2015-06-24,0.0
2015-06-25,0.0
2015-06-26,0.0
2015-06-27,0.0
2015-06-28,0.0
2015-06-29,0.0
2015-06-30,0.0
2015-07-01,0.0
2015-07-02,0.0
2015-07-03,0.0
2015-07-04,0.0
2015-07-05,0.0
2015-07-06,0.0
2015-07-07,0.0
2015-07-08,0.0
2015-07-09,0.0
2015-07-10,0.0
2015-07-11,0.0
2015-07-12,0.0
2015-07-13,0.0
2015-07-14,0.0
2015-07-15,0.0
2015-07-16,0.0
2015-07-17,0.0
2015-07-18,0.0
2015-07-19,0.0
2015-07-20,0.0
2015-07-21,0.0
2015-07-22,0.0
2015-07-23,0.0
2015-07-24,0.0
2015-07-25,0.0
2015-07-26,0.0
2015-07-27,0.0
2015-07-28,0.0
2015-07-29,0.0
2015-07-30,0.0
2015-07-31,0.0
2015-08-01,0.0
2015-08-02,0.0
2015-08-03,0.0
2015-08-04,0.0
2015-08-05,0.0
2015-08-06,0.0
2015-08-07,0.0
2015-08-08,0.0
2015-08-09,0.0
2015-08-10,0.0
2015-08-11,0.0
2015-08-12,0.0
2015-08-13,0.0
2015-08-14,0.0
2015-08-15,0.0
2015-08-16,0.0
2015-08-17,0.0
2015-08-18,0.0
2015-08-19,0.0
2015-08-20,0.0
2015-08-21,0.0
2015-08-22,0.0
2015-08-23,0.0
2015-08-24,0.0
2015-08-25,0.0
2015-08-26,0.0
2015-08-27,0.0
2015-08-28,0.0
2015-08-29,0.0
2015-08-30,0.0
2015-08-31,0.0
2015-09-01,0.0
2015-09-02,0.0
2015-09-03,0.0
2015-09-04,0.0
2015-09-05,0.0
2015-09-06,0.0
2015-09-07,0.0
2015-09-08,0.0
2015-09-09,0.0
2015-09-10,0.0
2015-09-11,0.0
2015-09-12,0.0
2015-09-13,0.0
2015-09-14,0.0
2015-09-15,0.0
2015-09-16,0.0
2015-09-17,0.0
2015-09-18,0.0
2015-09-19,0.0
2015-09-20,0.0
2015-09-21,0.0
2015-09-22,0.0
2015-09-23,0.0
2015-09-24,0.0
2015-09-25,0.0
2015-09-26,0.0
2015-09-27,0.0
2015-09-28,0.0
2015-09-29,0.0
2015-09-30,0.0
2015-10-01,0.0
2015-10-02,0.0
2015-10-03,0.0
2015-10-04,0.0
2015-10-05,0.0
2015-10-06,0.0
2015-10-07,0.0
2015-10-08,0.0
2015-10-09,0.0
2015-10-10,0.0
2015-10-11,0.0
2015-10-12,0.0
2015-10-13,0.0
2015-10-14,0.0
2015-10-15,0.0
2015-10-16,0.0
2015-10-17,0.0
2015-10-18,0.0
2015-10-19,0.0
2015-10-20,0.0
2015-10-21,0.0
2015-10-22,0.0
2015-10-23,0.0
2015-10-24,0.0
2015-10-25,0.0
2015-10-26,0.0
2015-10-27,0.0
2015-10-28,0.0
2015-10-29,0.0
2015-10-30,0.0
2015-10-31,0.0
2015-11-01,0.0
2015-11-02,0.0
2015-11-03,0.0
2015-11-04,0.0
2015-11-05,0.0
2015-11-06,0.0
2015-11-07,0.0
2015-11-08,0.0
2015-11-09,0.0
2015-11-10,0.0
2015-11-11,0.0
2015-11-12,0.0
2015-11-13,0.0
2015-11-14,0.0
2015-11-15,0.0
2015-11-16,0.0
2015-11-17,0.0
2015-11-18,0.0
2015-11-19,0.0
2015-11-20,0.0
2015-11-21,0.0
2015-11-22,0.0
2015-11-23,0.0
2015-11-24,0.0
2015-11-25,0.0
2015-11-26,0.0
2015-11-27,0.0
2015-11-28,0.0
2015-11-29,0.0
2015-11-30,0.0
2015-12-01,0.0
2015-12-02,0.0
2015-12-03,0.0
2015-12-04,0.0
2015-12-05,0.0
2015-12-06,0.0
2015-12-07,0.0
2015-12-08,0.0
2015-12-09,0.0
2015-12-10,0.0
2015-12-11,0.0
2015-12-12,0.0
2015-12-13,0.0
2015-12-14,0.0
2015-12-15,0.0
2015-12-16,0.0
2015-12-17,0.0
2015-12-18,0.0
2015-12-19,0.0
2015-12-20,0.0
2015-12-21,0.0
2015-12-22,0.0
2015-12-23,0.0
2015-12-24,0.0
2015-12-25,0.0
2015-12-26,0.0
2015-12-27,0.0
2015-12-28,0.0
2015-12-29,0.0
2015-12-30,0.0
2015-12-31,0.0
2016-01-01,0.0
2016-01-02,0.0
2016-01-03,0.0
2016-01-04,0.0
2016-01-05,0.0
2016-01-06,0.0
2016-01-07,0.0
2016-01-08,0.0
2016-01-09,0.0
2016-01-10,0.0
2016-01-11,0.0
2016-01-12,0.0
2016-01-13,0.0
2016-01-14,0.0
2016-01-15,0.0
2016-01-16,0.0
2016-01-17,0.0
2016-01-18,0.0
2016-01-19,0.0
2016-01-20,0.0
2016-01-21,0.0
2016-01-22,0.0
2016-01-23,0.0
2016-01-24,0.0
2016-01-25,0.0
2016-01-26,0.0
2016-01-27,0.0
2016-01-28,0.0
2016-01-29,0.0
2016-01-30,0.0
2016-01-31,0.0
2016-02-01,0.0
2016-02-02,0.0
2016-02-03,0.0
2016-02-04,0.0
2016-02-05,0.0
2016-02-06,0.0
2016-02-07,0.0
2016-02-08,0.0
2016-02-09,0.0
2016-02-10,0.0
2016-02-11,0.0
2016-02-12,0.0
2016-02-13,0.0
2016-02-14,0.0
2016-02-15,0.0
2016-02-16,0.0
2016-02-17,0.0
2016-02-18,0.0
2016-02-19,0.0
2016-02-20,0.0
2016-02-21,0.0
2016-02-22,0.0
2016-02-23,0.0
2016-02-24,0.0
2016-02-25,0.0
2016-02-26,0.0
2016-02-27,0.0
2016-02-28,0.0
2016-02-29,0.0
2016-03-01,0.0
2016-03-02,0.0
2016-03-03,0.0
2016-03-04,0.0
2016-03-05,0.0
2016-03-06,0.0
2016-03-07,0.0
2016-03-08,0.0
2016-03-09,0.0
2016-03-10,0.0
2016-03-11,0.0
2016-03-12,0.0
2016-03-13,0.0
2016-03-14,0.0
2016-03-15,0.0
2016-03-16,0.0
2016-03-17,0.0
2016-03-18,0.0
2016-03-19,0.0
2016-03-20,0.0
2016-03-21,0.0
2016-03-22,0.0
2016-03-23,0.0
2016-03-24,0.0
2016-03-25,0.0
2016-03-26,0.0
2016-03-27,0.0
2016-03-28,0.0
2016-03-29,0.0
2016-03-30,0.0
2016-03-31,0.0
2016-04-01,0.0
2016-04-02,0.0
2016-04-03,0.0
2016-04-04,0.0
2016-04-05,0.0
2016-04-06,0.0
2016-04-07,0.0
2016-04-08,0.0
2016-04-09,0.0
2016-04-10,0.0
2016-04-11,0.0
2016-04-12,0.0
2016-04-13,0.0
2016-04-14,0.0
2016-04-15,0.0
2016-04-16,0.0
2016-04-17,0.0
2016-04-18,0.0
2016-04-19,0.0
2016-04-20,0.0
2016-04-21,0.0
2016-04-22,0.0
2016-04-23,0.0
2016-04-24,0.0
2016-04-25,0.0
2016-04-26,0.0
2016-04-27,0.0
2016-04-28,0.0
2016-04-29,0.0
2016-04-30,0.0
2016-05-01,0.0
2016-05-02,0.0
2016-05-03,0.0
2016-05-04,0.0
2016-05-05,0.0
2016-05-06,0.0
2016-05-07,0.0
2016-05-08,0.0
2016-05-09,0.0
2016-05-10,0.0
2016-05-11,0.0
2016-05-12,0.0
2016-05-13,0.0
2016-05-14,0.0
2016-05-15,0.0
2016-05-16,0.0
2016-05-17,0.0
2016-05-18,0.0
2016-05-19,0.0
2016-05-20,0.0
2016-05-21,0.0
2016-05-22,0.0
2016-05-23,0.0
2016-05-24,0.0
2016-05-25,0.0
2016-05-26,0.0
2016-05-27,0.0
2016-05-28,0.0
2016-05-29,0.0
2016-05-30,0.0
2016-05-31,0.0
2016-06-01,0.0
2016-06-02,0.0
2016-06-03,0.0
2016-06-04,0.0
2016-06-05,0.0
2016-06-06,0.0
2016-06-07,0.0
2016-06-08,0.0
2016-06-09,0.0
2016-06-10,0.0
2016-06-11,0.0
2016-06-12,0.0
2016-06-13,0.0
2016-06-14,0.0
2016-06-15,0.0
2016-06-16,0.0
2016-06-17,0.0
2016-06-18,0.0
2016-06-19,0.0
2016-06-20,0.0
2016-06-21,0.0
2016-06-22,0.0
2016-06-23,0.0
2016-06-24,0.0
2016-06-25,0.0
2016-06-26,0.0
2016-06-27,0.0
2016-06-28,0.0
2016-06-29,0.0
2016-06-30,0.0
2016-07-01,0.0
2016-07-02,0.0
2016-07-03,0.0
2016-07-04,0.0
2016-07-05,0.0
2016-07-06,0.0
2016-07-07,0.0
2016-07-08,0.0
2016-07-09,0.0
2016-07-10,0.0
2016-07-11,0.0
2016-07-12,0.0
2016-07-13,0.0
2016-07-14,0.0
2016-07-15,0.0
2016-07-16,0.0
2016-07-17,0.0
2016-07-18,0.0
2016-07-19,0.0
2016-07-20,0.0
2016-07-21,0.0
2016-07-22,0.0
2016-07-23,0.0
2016-07-24,0.0
2016-07-25,0.0
2016-07-26,0.0
2016-07-27,0.0
2016-07-28,0.0
2016-07-29,0.0
2016-07-30,0.0
2016-07-31,0.0
2016-08-01,0.0
2016-08-02,0.0
2016-08-03,0.0
2016-08-04,0.0
2016-08-05,0.0
2016-08-06,0.0
2016-08-07,0.0
2016-08-08,0.0
2016-08-09,0.0
2016-08-10,0.0
2016-08-11,0.0
2016-08-12,0.0
2016-08-13,0.0
2016-08-14,0.0
2016-08-15,0.0
2016-08-16,0.0
2016-08-17,0.0
2016-08-18,0.0
2016-08-19,0.0
2016-08-20,0.0
2016-08-21,0.0
2016-08-22,0.0
2016-08-23,0.0
2016-08-24,0.0
2016-08-25,0.0
2016-08-26,0.0
2016-08-27,0.0
2016-08-28,0.0
2016-08-29,0.0
2016-08-30,0.0
2016-08-31,0.0
2016-09-01,0.0
2016-09-02,0.0
2016-09-03,0.0
2016-09-04,0.0
2016-09-05,0.0
2016-09-06,0.0
2016-09-07,0.0
2016-09-08,0.0
2016-09-09,0.0
2016-09-10,0.0
2016-09-11,0.0
2016-09-12,0.0
2016-09-13,0.0
2016-09-14,0.0
2016-09-15,0.0
2016-09-16,0.0
2016-09-17,0.0
2016-09-18,0.0
2016-09-19,0.0
2016-09-20,0.0
2016-09-21,0.0
2016-09-22,0.0
2016-09-23,0.0
2016-09-24,0.0
2016-09-25,0.0
2016-09-26,0.0
2016-09-27,0.0
2016-09-28,0.0
2016-09-29,0.0
2016-09-30,0.0
2016-10-01,0.0
2016-10-02,0.0
2016-10-03,0.0
2016-10-04,0.0
2016-10-05,0.0
2016-10-06,0.0
2016-10-07,0.0
2016-10-08,0.0
2016-10-09,0.0
2016-10-10,0.0
2016-10-11,0.0
2016-10-12,0.0
2016-10-13,0.0
2016-10-14,0.0
2016-10-15,0.0
2016-10-16,0.0
2016-10-17,0.0
2016-10-18,0.0
2016-10-19,0.0
2016-10-20,0.0
2016-10-21,0.0
2016-10-22,0.0
2016-10-23,0.0
2016-10-24,0.0
2016-10-25,0.0
2016-10-26,0.0
2016-10-27,0.0
2016-10-28,0.0
2016-10-29,0.0
2016-10-30,0.0
2016-10-31,0.0
2016-11-01,0.0
2016-11-02,0.0
2016-11-03,0.0
2016-11-04,0.0
2016-11-05,0.0
2016-11-06,0.0
2016-11-07,0.0
2016-11-08,0.0
2016-11-09,0.0
2016-11-10,0.0
2016-11-11,0.0
2016-11-12,0.0
2016-11-13,0.0
2016-11-14,0.0
2016-11-15,0.0
2016-11-16,0.0
2016-11-17,0.0
2016-11-18,0.0
2016-11-19,0.0
2016-11-20,0.0
2016-11-21,0.0
2016-11-22,0.0
2016-11-23,0.0
2016-11-24,0.0
2016-11-25,0.0
2016-11-26,0.0
2016-11-27,0.0
2016-11-28,0.0
2016-11-29,0.0
2016-11-30,0.0
2016-12-01,0.0
2016-12-02,0.0
2016-12-03,0.0
2016-12-04,0.0
2016-12-05,0.0
2016-12-06,0.0
2016-12-07,0.0
2016-12-08,0.0
2016-12-09,0.0
2016-12-10,0.0
2016-12-11,0.0
2016-12-12,0.0
2016-12-13,0.0
2016-12-14,0.0
2016-12-15,0.0
2016-12-16,0.0
2016-12-17,0.0
2016-12-18,0.0
2016-12-19,0.0
2016-12-20,0.0
2016-12-21,0.0
2016-12-22,0.0
2016-12-23,0.0
2016-12-24,0.0
2016-12-25,0.0
2016-12-26,0.0
2016-12-27,0.0
2016-12-28,0.0
2016-12-29,0.0
2016-12-30,0.0
2016-12-31,0.0
2017-01-01,0.0
2017-01-02,0.0
2017-01-03,0.0
2017-01-04,0.0
2017-01-05,0.0
2017-01-06,0.0
2017-01-07,0.0
2017-01-08,0.0
2017-01-09,0.0
2017-01-10,0.0
2017-01-11,0.0
2017-01-12,0.0
2017-01-13,0.0
2017-01-14,0.0
2017-01-15,0.0
2017-01-16,0.0
2017-01-17,0.0
2017-01-18,0.0
2017-01-19,0.0
2017-01-20,0.0
2017-01-21,0.0
2017-01-22,0.0
2017-01-23,0.0
2017-01-24,0.0
2017-01-25,0.0
2017-01-26,0.0
2017-01-27,0.0
2017-01-28,0.0
2017-01-29,0.0
2017-01-30,0.0
2017-01-31,0.0
2017-02-01,0.0
2017-02-02,0.0
2017-02-03,0.0
2017-02-04,0.0
2017-02-05,0.0
2017-02-06,0.0
2017-02-07,0.0
2017-02-08,0.0
2017-02-09,0.0
2017-02-10,0.0
2017-02-11,0.0
2017-02-12,0.0
2017-02-13,0.0
2017-02-14,0.0
2017-02-15,0.0
2017-02-16,0.0
2017-02-17,0.0
2017-02-18,0.0
2017-02-19,0.0
2017-02-20,0.0
2017-02-21,0.0
2017-02-22,0.0
2017-02-23,0.0
2017-02-24,0.0
2017-02-25,0.0
2017-02-26,0.0
2017-02-27,0.0
2017-02-28,0.0
2017-03-01,0.0
2017-03-02,0.0
2017-03-03,0.0
2017-03-04,0.0
2017-03-05,0.0
2017-03-06,0.0
2017-03-07,0.0
2017-03-08,0.0
2017-03-09,0.0
2017-03-10,0.0
2017-03-11,0.0
2017-03-12,0.0
2017-03-13,0.0
2017-03-14,0.0
2017-03-15,0.0
2017-03-16,0.0
2017-03-17,0.0
2017-03-18,0.0
2017-03-19,0.0
2017-03-20,0.0
2017-03-21,0.0
2017-03-22,0.0
2017-03-23,0.0
2017-03-24,0.0
2017-03-25,0.0
2017-03-26,0.0
2017-03-27,0.0
2017-03-28,0.0
2017-03-29,0.0
2017-03-30,0.0
2017-03-31,0.0
2017-04-01,0.0
2017-04-02,0.0
2017-04-03,0.0
2017-04-04,0.0
2017-04-05,0.0
2017-04-06,0.0
2017-04-07,0.0
2017-04-08,0.0
2017-04-09,0.0
2017-04-10,0.0
2017-04-11,0.0
2017-04-12,0.0
2017-04-13,0.0
2017-04-14,0.0
2017-04-15,0.0
2017-04-16,0.0
2017-04-17,0.0
2017-04-18,0.0
2017-04-19,0.0
2017-04-20,0.0
2017-04-21,0.0
2017-04-22,0.0
2017-04-23,0.0
2017-04-24,0.0
2017-04-25,0.0
2017-04-26,0.0
2017-04-27,0.0
2017-04-28,0.0
2017-04-29,0.0
2017-04-30,0.0
2017-05-01,0.0
2017-05-02,0.0
2017-05-03,0.0
2017-05-04,0.0
2017-05-05,0.0
2017-05-06,0.0
2017-05-07,0.0
2017-05-08,0.0
2017-05-09,0.0
2017-05-10,0.0
2017-05-11,0.0
2017-05-12,0.0
2017-05-13,0.0
2017-05-14,0.0
2017-05-15,0.0
2017-05-16,0.0
2017-05-17,0.0
2017-05-18,0.0
2017-05-19,0.0
2017-05-20,0.0
2017-05-21,0.0
2017-05-22,0.0
2017-05-23,0.0
2017-05-24,0.0
2017-05-25,0.0
2017-05-26,0.0
2017-05-27,0.0
2017-05-28,0.0
2017-05-29,0.0
2017-05-30,0.0
2017-05-31,0.0
2017-06-01,0.0
2017-06-02,0.0
2017-06-03,0.0
2017-06-04,0.0
2017-06-05,0.0
2017-06-06,0.0
2017-06-07,0.0
2017-06-08,0.0
2017-06-09,0.0
2017-06-10,0.0
2017-06-11,0.0
2017-06-12,0.0
2017-06-13,0.0
2017-06-14,0.0
2017-06-15,0.0
2017-06-16,0.0
2017-06-17,0.0
2017-06-18,0.0
2017-06-19,0.0
2017-06-20,0.0
2017-06-21,0.0
2017-06-22,0.0
2017-06-23,0.0
2017-06-24,0.0
2017-06-25,0.0
2017-06-26,0.0
2017-06-27,0.0
2017-06-28,0.0
2017-06-29,0.0
2017-06-30,0.0
2017-07-01,0.0
2017-07-02,0.0
2017-07-03,0.0
2017-07-04,0.0
2017-07-05,0.0
2017-07-06,0.0
2017-07-07,0.0
2017-07-08,0.0
2017-07-09,0.0
2017-07-10,0.0
2017-07-11,0.0
2017-07-12,0.0
2017-07-13,0.0
2017-07-14,0.0
2017-07-15,0.0
2017-07-16,0.0
2017-07-17,0.0
2017-07-18,0.0
2017-07-19,0.0
2017-07-20,0.0
2017-07-21,0.0
2017-07-22,0.0
2017-07-23,0.0
2017-07-24,0.0
2017-07-25,0.0
2017-07-26,0.0
2017-07-27,0.0
2017-07-28,0.0
2017-07-29,0.0
2017-07-30,0.0
2017-07-31,0.0
2017-08-01,0.0
2017-08-02,0.0
2017-08-03,0.0
2017-08-04,0.0
2017-08-05,0.0
2017-08-06,0.0
2017-08-07,0.0
2017-08-08,0.0
2017-08-09,0.0
2017-08-10,0.0
2017-08-11,0.0
2017-08-12,0.0
2017-08-13,0.0
2017-08-14,0.0
2017-08-15,0.0
2017-08-16,0.0
2017-08-17,0.0
2017-08-18,0.0
2017-08-19,0.0
2017-08-20,0.0
2017-08-21,0.0
2017-08-22,0.0
2017-08-23,0.0
2017-08-24,0.0
2017-08-25,0.0
2017-08-26,0.0
2017-08-27,0.0
2017-08-28,0.0
2017-08-29,0.0
2017-08-30,0.0
2017-08-31,0.0
2017-09-01,0.0
2017-09-02,0.0
2017-09-03,0.0
2017-09-04,0.0
2017-09-05,0.0
2017-09-06,0.0
2017-09-07,0.0
2017-09-08,0.0
2017-09-09,0.0
2017-09-10,0.0
2017-09-11,0.0
2017-09-12,0.0
2017-09-13,0.0
2017-09-14,0.0
2017-09-15,0.0
2017-09-16,0.0
2017-09-17,0.0
2017-09-18,0.0
2017-09-19,0.0
2017-09-20,0.0
2017-09-21,0.0
2017-09-22,0.0
2017-09-23,0.0
2017-09-24,0.0
2017-09-25,0.0
2017-09-26,0.0
2017-09-27,0.0
2017-09-28,0.0
2017-09-29,0.0
2017-09-30,0.0
2017-10-01,0.0
2017-10-02,0.0
2017-10-03,0.0
2017-10-04,0.0
2017-10-05,0.0
2017-10-06,0.0
2017-10-07,0.0
2017-10-08,0.0
2017-10-09,0.0
2017-10-10,0.0
2017-10-11,0.0
2017-10-12,0.0
2017-10-13,0.0
2017-10-14,0.0
2017-10-15,0.0
2017-10-16,0.0
2017-10-17,0.0
2017-10-18,0.0
2017-10-19,0.0
2017-10-20,0.0
2017-10-21,0.0
2017-10-22,0.0
2017-10-23,0.0
2017-10-24,0.0
2017-10-25,0.0
2017-10-26,0.0
2017-10-27,0.0
2017-10-28,0.0
2017-10-29,0.0
2017-10-30,0.0
2017-10-31,0.0
2017-11-01,0.0
2017-11-02,0.0
2017-11-03,0.0
2017-11-04,0.0
2017-11-05,0.0
2017-11-06,0.0
2017-11-07,0.0
2017-11-08,0.0
2017-11-09,0.0
2017-11-10,0.0
2017-11-11,0.0
2017-11-12,0.0
2017-11-13,0.0
2017-11-14,0.0
2017-11-15,0.0
2017-11-16,0.0
2017-11-17,0.0
2017-11-18,0.0
2017-11-19,0.0
2017-11-20,0.0
2017-11-21,0.0
2017-11-22,0.0
2017-11-23,0.0
2017-11-24,0.0
2017-11-25,0.0
2017-11-26,0.0
2017-11-27,0.0
2017-11-28,0.0
2017-11-29,0.0
2017-11-30,0.0
2017-12-01,0.0
2017-12-02,0.0
2017-12-03,0.0
2017-12-04,0.0
2017-12-05,0.0
2017-12-06,0.0
2017-12-07,0.0
2017-12-08,0.0
2017-12-09,0.0
2017-12-10,0.0
2017-12-11,0.0
2017-12-12,0.0
2017-12-13,0.0
2017-12-14,0.0
2017-12-15,0.0
2017-12-16,0.0
2017-12-17,0.0
2017-12-18,0.0
2017-12-19,0.0
2017-12-20,0.0
2017-12-21,0.0
2017-12-22,0.0
2017-12-23,0.0
2017-12-24,0.0
2017-12-25,0.0
2017-12-26,0.0
2017-12-27,0.0
2017-12-28,0.0
2017-12-29,0.0
2017-12-30,0.0
2017-12-31,0.0
2018-01-01,0.0
2018-01-02,0.0
2018-01-03,0.0
2018-01-04,0.0
2018-01-05,0.0
2018-01-06,0.0
2018-01-07,0.0
2018-01-08,0.0
2018-01-09,0.0
2018-01-10,0.0
2018-01-11,0.0
2018-01-12,0.0
2018-01-13,0.0
2018-01-14,0.0
2018-01-15,0.0
2018-01-16,0.0
2018-01-17,0.0
2018-01-18,0.0
2018-01-19,0.0
2018-01-20,0.0
2018-01-21,0.0
2018-01-22,0.0
2018-01-23,0.0
2018-01-24,0.0
2018-01-25,0.0
2018-01-26,0.0
2018-01-27,0.0
2018-01-28,0.0
2018-01-29,0.0
2018-01-30,0.0
2018-01-31,0.0
2018-02-01,0.0
2018-02-02,0.0
2018-02-03,0.0
2018-02-04,0.0
2018-02-05,0.0
2018-02-06,0.0
2018-02-07,0.0
2018-02-08,0.0
2018-02-09,0.0
2018-02-10,0.0
2018-02-11,0.0
2018-02-12,0.0
2018-02-13,0.0
2018-02-14,0.0
2018-02-15,0.0
2018-02-16,0.0
2018-02-17,0.0
2018-02-18,0.0
2018-02-19,0.0
2018-02-20,0.0
2018-02-21,0.0
2018-02-22,0.0
2018-02-23,0.0
2018-02-24,0.0
2018-02-25,0.0
2018-02-26,0.0
2018-02-27,0.0
2018-02-28,0.0
2018-03-01,0.0
2018-03-02,0.0
2018-03-03,0.0
2018-03-04,0.0
2018-03-05,0.0
2018-03-06,0.0
2018-03-07,0.0
2018-03-08,0.0
2018-03-09,0.0
2018-03-10,0.0
2018-03-11,0.0
2018-03-12,0.0
2018-03-13,0.0
2018-03-14,0.0
2018-03-15,0.0
2018-03-16,0.0
2018-03-17,0.0
2018-03-18,0.0
2018-03-19,0.0
2018-03-20,0.0
2018-03-21,0.0
2018-03-22,0.0
2018-03-23,0.0
2018-03-24,0.0
2018-03-25,0.0
2018-03-26,0.0
2018-03-27,0.0
2018-03-28,0.0
2018-03-29,0.0
2018-03-30,0.0
2018-03-31,0.0
2018-04-01,0.0
2018-04-02,0.0
2018-04-03,0.0
2018-04-04,0.0
2018-04-05,0.0
2018-04-06,0.0
2018-04-07,0.0
2018-04-08,0.0
2018-04-09,0.0
2018-04-10,0.0
2018-04-11,0.0
2018-04-12,0.0
2018-04-13,0.0
2018-04-14,0.0
2018-04-15,0.0
2018-04-16,0.0
2018-04-17,0.0
2018-04-18,0.0
2018-04-19,0.0
2018-04-20,0.0
2018-04-21,0.0
2018-04-22,0.0
2018-04-23,0.0
2018-04-24,0.0
2018-04-25,0.0
2018-04-26,0.0
2018-04-27,0.0
2018-04-28,0.0
2018-04-29,0.0
2018-04-30,0.0
2018-05-01,0.0
2018-05-02,0.0
2018-05-03,0.0
2018-05-04,0.0
2018-05-05,0.0
2018-05-06,0.0
2018-05-07,0.0
2018-05-08,0.0
2018-05-09,0.0
2018-05-10,0.0
2018-05-11,0.0
2018-05-12,0.0
2018-05-13,0.0
2018-05-14,0.0
2018-05-15,0.0
2018-05-16,0.0
2018-05-17,0.0
2018-05-18,0.0
2018-05-19,0.0
2018-05-20,0.0
2018-05-21,0.0
2018-05-22,0.0
2018-05-23,0.0
2018-05-24,0.0
2018-05-25,0.0
2018-05-26,0.0
2018-05-27,0.0
2018-05-28,0.0
2018-05-29,0.0
2018-05-30,0.0
2018-05-31,0.0
2018-06-01,0.0
2018-06-02,0.0
2018-06-03,0.0
2018-06-04,0.0
2018-06-05,0.0
2018-06-06,0.0
2018-06-07,0.0
2018-06-08,0.0
2018-06-09,0.0
2018-06-10,0.0
2018-06-11,0.0
2018-06-12,0.0
2018-06-13,0.0
2018-06-14,0.0
2018-06-15,0.0
2018-06-16,0.0
2018-06-17,0.0
2018-06-18,0.0
2018-06-19,0.0
2018-06-20,0.0
2018-06-21,0.0
2018-06-22,0.0
2018-06-23,0.0
2018-06-24,0.0
2018-06-25,0.0
2018-06-26,0.0
2018-06-27,0.0
2018-06-28,0.0
2018-06-29,0.0
2018-06-30,0.0
2018-07-01,0.0
2018-07-02,0.0
2018-07-03,0.0
2018-07-04,0.0
2018-07-05,0.0
2018-07-06,0.0
2018-07-07,0.0
2018-07-08,0.0
2018-07-09,0.0
2018-07-10,0.0
2018-07-11,0.0
2018-07-12,0.0
2018-07-13,0.0
2018-07-14,0.0
2018-07-15,0.0
2018-07-16,0.0
2018-07-17,0.0
2018-07-18,0.0
2018-07-19,0.0
2018-07-20,0.0
2018-07-21,0.0
2018-07-22,0.0
2018-07-23,0.0
2018-07-24,0.0
2018-07-25,0.0
2018-07-26,0.0
2018-07-27,0.0
2018-07-28,0.0
2018-07-29,0.0
2018-07-30,0.0
2018-07-31,0.0
2018-08-01,0.0
2018-08-02,0.0
2018-08-03,0.0
2018-08-04,0.0
2018-08-05,0.0
2018-08-06,0.0
2018-08-07,0.0
2018-08-08,0.0
2018-08-09,0.0
2018-08-10,0.0
2018-08-11,0.0
2018-08-12,0.0
2018-08-13,0.0
2018-08-14,0.0
2018-08-15,0.0
2018-08-16,0.0
2018-08-17,0.0
2018-08-18,0.0
2018-08-19,0.0
2018-08-20,0.0
2018-08-21,0.0
2018-08-22,0.0
2018-08-23,0.0
2018-08-24,0.0
2018-08-25,0.0
2018-08-26,0.0
2018-08-27,0.0
2018-08-28,0.0
2018-08-29,0.0
2018-08-30,0.0
2018-08-31,0.0
2018-09-01,0.0
2018-09-02,0.0
2018-09-03,0.0
2018-09-04,0.0
2018-09-05,0.0
2018-09-06,0.0
2018-09-07,0.0
2018-09-08,0.0
2018-09-09,0.0
2018-09-10,0.0
2018-09-11,0.0
2018-09-12,0.0
2018-09-13,0.0
2018-09-14,0.0
2018-09-15,0.0
2018-09-16,0.0
2018-09-17,0.0
2018-09-18,0.0
2018-09-19,0.0
2018-09-20,0.0
2018-09-21,0.0
2018-09-22,0.0
2018-09-23,0.0
2018-09-24,0.0
2018-09-25,0.0
2018-09-26,0.0
2018-09-27,0.0
2018-09-28,0.0
2018-09-29,0.0
2018-09-30,0.0
2018-10-01,0.0
2018-10-02,0.0
2018-10-03,0.0
2018-10-04,0.0
2018-10-05,0.0
2018-10-06,0.0
2018-10-07,0.0
2018-10-08,0.0
2018-10-09,0.0
2018-10-10,0.0
2018-10-11,0.0
2018-10-12,0.0
2018-10-13,0.0
2018-10-14,0.0
2018-10-15,0.0
2018-10-16,0.0
2018-10-17,0.0
2018-10-18,0.0
2018-10-19,0.0
2018-10-20,0.0
2018-10-21,0.0
2018-10-22,0.0
2018-10-23,0.0
2018-10-24,0.0
2018-10-25,0.0
2018-10-26,0.0
2018-10-27,0.0
2018-10-28,0.0
2018-10-29,0.0
2018-10-30,0.0
2018-10-31,0.0
2018-11-01,0.0
2018-11-02,0.0
2018-11-03,0.0
2018-11-04,0.0
2018-11-05,0.0
2018-11-06,0.0
2018-11-07,0.0
2018-11-08,0.0
2018-11-09,0.0
2018-11-10,0.0
2018-11-11,0.0
2018-11-12,0.0
2018-11-13,0.0
2018-11-14,0.0
2018-11-15,0.0
2018-11-16,0.0
2018-11-17,0.0
2018-11-18,0.0
2018-11-19,0.0
2018-11-20,0.0
2018-11-21,0.0
2018-11-22,0.0
2018-11-23,0.0
2018-11-24,0.0
2018-11-25,0.0
2018-11-26,0.0
2018-11-27,0.0
2018-11-28,0.0
2018-11-29,0.0
2018-11-30,0.0
2018-12-01,0.0
2018-12-02,0.0
2018-12-03,0.0
2018-12-04,0.0
2018-12-05,0.0
2018-12-06,0.0
2018-12-07,0.0
2018-12-08,0.0
2018-12-09,0.0
2018-12-10,0.0
2018-12-11,0.0
2018-12-12,0.0
2018-12-13,0.0
2018-12-14,0.0
2018-12-15,0.0
2018-12-16,0.0
2018-12-17,0.0
2018-12-18,0.0
2018-12-19,0.0
2018-12-20,0.0
2018-12-21,0.0
2018-12-22,0.0
2018-12-23,0.0
2018-12-24,0.0
2018-12-25,0.0
2018-12-26,0.0
2018-12-27,0.0
2018-12-28,0.0
2018-12-29,0.0
2018-12-30,0.0
2018-12-31,0.0
2019-01-01,0.0
2019-01-02,0.0
2019-01-03,0.0
2019-01-04,0.0
2019-01-05,0.0
2019-01-06,0.0
2019-01-07,0.0
2019-01-08,0.0
2019-01-09,0.0
2019-01-10,0.0
2019-01-11,0.0
2019-01-12,0.0
2019-01-13,0.0
2019-01-14,0.0
2019-01-15,0.0
2019-01-16,0.0
2019-01-17,0.0
2019-01-18,0.0
2019-01-19,0.0
2019-01-20,0.0
2019-01-21,0.0
2019-01-22,0.0
2019-01-23,0.0
2019-01-24,0.0
2019-01-25,0.0
2019-01-26,0.0
2019-01-27,0.0
2019-01-28,0.0
2019-01-29,0.0
2019-01-30,0.0
2019-01-31,0.0
2019-02-01,0.0
2019-02-02,0.0
2019-02-03,0.0
2019-02-04,0.0
2019-02-05,0.0
2019-02-06,0.0
2019-02-07,0.0
2019-02-08,0.0
2019-02-09,0.0
2019-02-10,0.0
2019-02-11,0.0
2019-02-12,0.0
2019-02-13,0.0
2019-02-14,0.0
2019-02-15,0.0
2019-02-16,0.0
2019-02-17,0.0
2019-02-18,0.0
2019-02-19,0.0
2019-02-20,0.0
2019-02-21,0.0
2019-02-22,0.0
2019-02-23,0.0
2019-02-24,0.0
2019-02-25,0.0
2019-02-26,0.0
2019-02-27,0.0
2019-02-28,0.0
2019-03-01,0.0
2019-03-02,0.0
2019-03-03,0.0
2019-03-04,0.0
2019-03-05,0.0
2019-03-06,0.0
2019-03-07,0.0
2019-03-08,0.0
2019-03-09,0.0
2019-03-10,0.0
2019-03-11,0.0
2019-03-12,0.0
2019-03-13,0.0
2019-03-14,0.0
2019-03-15,0.0
2019-03-16,0.0
2019-03-17,0.0
2019-03-18,0.0
2019-03-19,0.0
2019-03-20,0.0
2019-03-21,0.0
2019-03-22,0.0
2019-03-23,0.0
2019-03-24,0.0
2019-03-25,0.0
2019-03-26,0.0
2019-03-27,0.0
2019-03-28,0.0
2019-03-29,0.0
2019-03-30,0.0
2019-03-31,0.0
2019-04-01,0.0
2019-04-02,0.0
2019-04-03,0.0
2019-04-04,0.0
2019-04-05,0.0
2019-04-06,0.0
2019-04-07,0.0
2019-04-08,0.0
2019-04-09,0.0
2019-04-10,0.0
2019-04-11,0.0
2019-04-12,0.0
2019-04-13,0.0
2019-04-14,0.0
2019-04-15,0.0
2019-04-16,0.0
2019-04-17,0.0
2019-04-18,0.0
2019-04-19,0.0
2019-04-20,0.0
2019-04-21,0.0
2019-04-22,0.0
2019-04-23,0.0
2019-04-24,0.0
2019-04-25,0.0
2019-04-26,0.0
2019-04-27,0.0
2019-04-28,0.0
2019-04-29,0.0
2019-04-30,0.0
2019-05-01,0.0
2019-05-02,0.0
2019-05-03,0.0
2019-05-04,0.0
2019-05-05,0.0
2019-05-06,0.0
2019-05-07,0.0
2019-05-08,0.0
2019-05-09,0.0
2019-05-10,0.0
2019-05-11,0.0
2019-05-12,0.0
2019-05-13,0.0
2019-05-14,0.0
2019-05-15,0.0
2019-05-16,0.0
2019-05-17,0.0
2019-05-18,0.0
2019-05-19,0.0
2019-05-20,0.0
2019-05-21,0.0
2019-05-22,0.0
2019-05-23,0.0
2019-05-24,0.0
2019-05-25,0.0
2019-05-26,0.0
2019-05-27,0.0
2019-05-28,0.0
2019-05-29,0.0
2019-05-30,0.0
2019-05-31,0.0
2019-06-01,0.0
2019-06-02,0.0
2019-06-03,0.0
2019-06-04,0.0
2019-06-05,0.0
2019-06-06,0.0
2019-06-07,0.0
2019-06-08,0.0
2019-06-09,0.0
2019-06-10,0.0
2019-06-11,0.0
2019-06-12,0.0
2019-06-13,0.0
2019-06-14,0.0
2019-06-15,0.0
2019-06-16,0.0
2019-06-17,0.0
2019-06-18,0.0
2019-06-19,0.0
2019-06-20,0.0
2019-06-21,0.0
2019-06-22,0.0
2019-06-23,0.0
2019-06-24,0.0
2019-06-25,0.0
2019-06-26,0.0
2019-06-27,0.0
2019-06-28,0.0
2019-06-29,0.0
2019-06-30,0.0
2019-07-01,0.0
2019-07-02,0.0
2019-07-03,0.0
2019-07-04,0.0
2019-07-05,0.0
2019-07-06,0.0
2019-07-07,0.0
2019-07-08,0.0
2019-07-09,0.0
2019-07-10,0.0
2019-07-11,0.0
2019-07-12,0.0
2019-07-13,0.0
2019-07-14,0.0
2019-07-15,0.0
2019-07-16,0.0
2019-07-17,0.0
2019-07-18,0.0
2019-07-19,0.0
2019-07-20,0.0
2019-07-21,0.0
2019-07-22,0.0
2019-07-23,0.0
2019-07-24,0.0
2019-07-25,0.0
2019-07-26,0.0
2019-07-27,0.0
2019-07-28,0.0
2019-07-29,0.0
2019-07-30,0.0
2019-07-31,0.0
2019-08-01,0.0
2019-08-02,0.0
2019-08-03,0.0
2019-08-04,0.0
2019-08-05,0.0
2019-08-06,0.0
2019-08-07,0.0
2019-08-08,0.0
2019-08-09,0.0
2019-08-10,0.0
2019-08-11,0.0
2019-08-12,0.0
2019-08-13,0.0
2019-08-14,0.0
2019-08-15,0.0
2019-08-16,0.0
2019-08-17,0.0
2019-08-18,0.0
2019-08-19,0.0
2019-08-20,0.0
2019-08-21,0.0
2019-08-22,0.0
2019-08-23,0.0
2019-08-24,0.0
2019-08-25,0.0
2019-08-26,0.0
2019-08-27,0.0
2019-08-28,0.0
2019-08-29,0.0
2019-08-30,0.0
2019-08-31,0.0
2019-09-01,0.0
2019-09-02,0.0
2019-09-03,0.0
2019-09-04,0.0
2019-09-05,0.0
2019-09-06,0.0
2019-09-07,0.0
2019-09-08,0.0
2019-09-09,0.0
2019-09-10,0.0
2019-09-11,0.0
2019-09-12,0.0
2019-09-13,0.0
2019-09-14,0.0
2019-09-15,0.0
2019-09-16,0.0
2019-09-17,0.0
2019-09-18,0.0
2019-09-19,0.0
2019-09-20,0.0
2019-09-21,0.0
2019-09-22,0.0
2019-09-23,0.0
2019-09-24,0.0
2019-09-25,0.0
2019-09-26,0.0
2019-09-27,0.0
2019-09-28,0.0
2019-09-29,0.0
2019-09-30,0.0
2019-10-01,0.0
2019-10-02,0.0
2019-10-03,0.0
2019-10-04,0.0
2019-10-05,0.0
2019-10-06,0.0
2019-10-07,0.0
2019-10-08,0.0
2019-10-09,0.0
2019-10-10,0.0
2019-10-11,0.0
2019-10-12,0.0
2019-10-13,0.0
2019-10-14,0.0
2019-10-15,0.0
2019-10-16,0.0
2019-10-17,0.0
2019-10-18,0.0
2019-10-19,0.0
2019-10-20,0.0
2019-10-21,0.0
2019-10-22,0.0
2019-10-23,0.0
2019-10-24,0.0
2019-10-25,0.0
2019-10-26,0.0
2019-10-27,0.0
2019-10-28,0.0
2019-10-29,0.0
2019-10-30,0.0
2019-10-31,0.0
2019-11-01,0.0
2019-11-02,0.0
2019-11-03,0.0
2019-11-04,0.0
2019-11-05,0.0
2019-11-06,0.0
2019-11-07,0.0
2019-11-08,0.0
2019-11-09,0.0
2019-11-10,0.0
2019-11-11,0.0
2019-11-12,0.0
2019-11-13,0.0
2019-11-14,0.0
2019-11-15,0.0
2019-11-16,0.0
2019-11-17,0.0
2019-11-18,0.0
2019-11-19,0.0
2019-11-20,0.0
2019-11-21,0.0
2019-11-22,0.0
2019-11-23,0.0
2019-11-24,0.0
2019-11-25,0.0
2019-11-26,0.0
2019-11-27,0.0
2019-11-28,0.0
2019-11-29,0.0
2019-11-30,0.0
2019-12-01,0.0
2019-12-02,0.0
2019-12-03,0.0
2019-12-04,0.0
2019-12-05,0.0
2019-12-06,0.0
2019-12-07,0.0
2019-12-08,0.0
2019-12-09,0.0
2019-12-10,0.0
2019-12-11,0.0
2019-12-12,0.0
2019-12-13,0.0
2019-12-14,0.0
2019-12-15,0.0
2019-12-16,0.0
2019-12-17,0.0
2019-12-18,0.0
2019-12-19,0.0
2019-12-20,0.0
2019-12-21,0.0
2019-12-22,0.0
2019-12-23,0.0
2019-12-24,158.08
2019-12-25,198.02
2019-12-26,165.55
2019-12-27,161.09
2019-12-28,209.11
2019-12-29,208.07
2019-12-30,232.98
2019-12-31,246.0
2020-01-01,271.06
2020-01-02,269.1
2020-01-03,193.93
2020-01-04,102.93
2020-01-05,106.78
2020-01-06,158.66
2020-01-07,234.58
2020-01-08,236.51
2020-01-09,120.41
2020-01-10,104.32
2020-01-11,108.41
2020-01-12,123.53
2020-01-13,130.51
2020-01-14,174.78
2020-01-15,210.76
2020-01-16,200.43
2020-01-17,210.83
2020-01-18,118.72
2020-01-19,109.46
2020-01-20,101.1
2020-01-21,163.55
2020-01-22,173.56
2020-01-23,162.94
2020-01-24,123.68
2020-01-25,171.75
2020-01-26,208.29
2020-01-27,219.96
2020-01-28,237.4
2020-01-29,208.53
2020-01-30,221.91
2020-01-31,108.79
2020-02-01,156.88
2020-02-02,141.65
2020-02-03,149.41
2020-02-04,222.97
2020-02-05,177.15
2020-02-06,181.63
2020-02-07,205.57
2020-02-08,182.56
2020-02-09,182.11
2020-02-10,177.26
2020-02-11,188.68
2020-02-12,189.23
2020-02-13,203.79
2020-02-14,209.41
2020-02-15,162.21
2020-02-16,174.65
2020-02-17,188.33
2020-02-18,182.42
2020-02-19,192.94
2020-02-20,216.1
2020-02-21,207.93
2020-02-22,113.93
2020-02-23,140.58
2020-02-24,105.17
2020-02-25,83.39
2020-02-26,64.98
2020-02-27,100.19
2020-02-28,193.14
2020-02-29,215.29
2020-03-01,203.98
2020-03-02,193.24
2020-03-03,221.57
2020-03-04,216.9
2020-03-05,171.34
2020-03-06,125.73
2020-03-07,162.01
2020-03-08,194.62
2020-03-09,165.04
2020-03-10,221.48
2020-03-11,150.83
2020-03-12,134.29
2020-03-13,111.48
2020-03-14,46.92
2020-03-15,68.63
2020-03-16,131.96
2020-03-17,156.51
2020-03-18,155.37
2020-03-19,154.19
2020-03-20,135.93
2020-03-21,228.3
2020-03-22,121.08
2020-03-23,80.43
2020-03-24,102.57
2020-03-25,121.38
2020-03-26,118.17
2020-03-27,129.36
2020-03-28,87.38
2020-03-29,81.98
2020-03-30,92.03
2020-03-31,103.5
2020-04-01,110.46
2020-04-02,107.36
2020-04-03,91.67
2020-04-04,99.59
2020-04-05,102.79
2020-04-06,163.76
2020-04-07,112.36
2020-04-08,141.19
2020-04-09,129.22
2020-04-10,119.57
2020-04-11,164.71
2020-04-12,162.5
2020-04-13,116.11
2020-04-14,134.87
2020-04-15,108.43
2020-04-16,92.89
2020-04-17,101.67
2020-04-18,117.17
2020-04-19,121.58
2020-04-20,88.62
2020-04-21,63.9
2020-04-22,62.18
2020-04-23,95.66
2020-04-24,63.96
2020-04-25,73.82
2020-04-26,46.4
2020-04-27,50.03
2020-04-28,39.29
2020-04-29,41.96
2020-04-30,60.26
2020-05-01,55.31
2020-05-02,30.03
2020-05-03,50.37
2020-05-04,59.94
2020-05-05,46.96
2020-05-06,82.85
2020-05-07,86.66
2020-05-08,129.27
2020-05-09,172.7
2020-05-10,202.95
2020-05-11,71.44
2020-05-12,74.57
2020-05-13,93.4
2020-05-14,158.92
2020-05-15,86.68
2020-05-16,118.02
2020-05-17,276.34
2020-05-18,124.46
2020-05-19,112.12
2020-05-20,99.65
2020-05-21,54.27
2020-05-22,55.82
2020-05-23,73.06
2020-05-24,106.32
2020-05-25,129.38
2020-05-26,110.63
2020-05-27,153.07
2020-05-28,92.4
2020-05-29,77.1
2020-05-30,104.21
2020-05-31,47.56
2020-06-01,80.29
2020-06-02,127.72
2020-06-03,93.27
2020-06-04,98.13
2020-06-05,51.75
2020-06-06,40.55
2020-06-07,67.2
2020-06-08,74.52
2020-06-09,99.52
2020-06-10,105.97
2020-06-11,76.26
2020-06-12,59.73
2020-06-13,47.85
2020-06-14,46.28
2020-06-15,40.55
2020-06-16,41.77
2020-06-17,47.75
2020-06-18,48.41
2020-06-19,39.71
2020-06-20,53.61
2020-06-21,40.37
2020-06-22,39.87
2020-06-23,57.47
2020-06-24,55.48
2020-06-25,68.29
2020-06-26,39.8
2020-06-27,63.73
2020-06-28,57.42
2020-06-29,42.83
2020-06-30,60.68
2020-07-01,57.82
2019-08-27,37.88
2019-08-28,26.65
2019-08-29,26.11
2019-08-30,25.16
2019-08-31,25.31
2019-09-01,14.37
2019-09-02,985.0
2019-09-03,985.0
2019-09-04,368.06
2019-09-05,14.68
2019-09-06,16.12
2019-09-07,9.07
2019-09-08,8.67
2019-09-09,10.61
2019-09-10,15.96
2019-09-11,19.57
2019-09-12,10.72
2019-09-13,13.81
2019-09-14,13.28
2019-09-15,16.29
2019-09-16,18.77
2019-09-17,22.69
2019-09-18,23.29
2019-09-19,23.69
2019-09-20,27.86
2019-09-21,27.76
2019-09-22,25.65
2019-09-23,18.57
2019-09-24,22.97
2019-09-25,13.85
2019-09-26,12.66
2019-09-27,21.3
2019-09-28,15.84
2019-09-29,15.48
2019-09-30,20.79
2019-10-01,10.05
2019-10-02,21.8
2019-10-03,26.93
2019-10-04,26.69
2019-10-05,32.09
2019-10-06,31.21
2019-10-07,33.73
2019-10-08,20.9
2019-10-09,27.61
2019-10-10,20.78
2019-10-11,19.46
2019-10-12,34.85
2019-10-13,27.42
2019-10-14,31.72
2019-10-15,24.25
2019-10-16,27.24
2019-10-17,31.51
2019-10-18,32.77
2019-10-19,39.31
2019-10-20,45.42
2019-10-21,37.19
2019-10-22,42.73
2019-10-23,54.63
2019-10-24,27.05
2019-10-25,15.75
2019-10-26,0.0
2019-10-27,0.0
2019-10-28,0.0
2019-10-29,0.0
2019-10-30,0.0
2019-10-31,0.0
2019-11-01,0.0
2019-11-02,0.0
2019-11-03,0.0
2019-11-04,0.0
2019-11-05,0.0
2019-11-06,0.0
2019-11-07,0.0
2019-11-08,0.0
2019-11-09,0.0
2019-11-10,0.0
2019-11-11,0.0
2019-11-12,0.0
2019-11-13,0.0
2019-11-14,0.0
2019-11-15,0.0
2019-11-16,0.0
2019-11-17,0.0
2019-11-18,0.0
2019-11-19,0.0
2019-11-20,0.0
2019-11-21,0.0
2019-11-22,15.63
2019-11-23,8.7
2019-11-24,18.78
2019-11-25,13.97
2019-11-26,22.3
2019-11-27,15.68
2019-11-28,17.01
2019-11-29,2.86
2019-11-30,4.28
2019-12-01,0.0
2019-12-02,0.0
2019-12-03,9.08
2019-12-04,2.1
2019-12-05,4.46
2019-12-06,2.12
2019-12-07,4.74
2019-12-08,2.08
2019-12-09,10.39
2019-12-10,9.11
2019-12-11,9.35
2019-12-12,8.72
2019-12-13,4.68
2019-12-14,5.96
2019-12-15,17.68
2019-12-16,12.72
2019-12-17,14.36
2019-12-18,24.44
2019-12-19,5.64
2019-12-20,6.56
2019-12-21,3.45
2019-12-22,2.17
2019-12-23,10.96
2019-12-24,24.28
2019-12-25,36.78
2019-12-26,12.57
2019-12-27,0.0
2019-12-28,0.0
2019-12-29,0.0
2019-12-30,0.0
2019-12-31,1.06
2020-01-01,0.0
2020-01-02,0.0
2020-01-03,0.0
2020-01-04,0.0
2020-01-05,0.0
2020-01-06,0.0
2020-01-07,0.0
2020-01-08,0.0
2020-01-09,68.45
2020-01-10,51.1
2020-01-11,30.4
2020-01-12,24.25
2020-01-13,38.59
2020-01-14,48.29
2020-01-15,50.15
2020-01-16,31.34
2020-01-17,45.92
2020-01-18,45.46
2020-01-19,32.41
2020-01-20,39.33
2020-01-21,28.61
2020-01-22,23.23
2020-01-23,27.13
2020-01-24,49.54
2020-01-25,54.6
2020-01-26,55.75
2020-01-27,59.12
2020-01-28,79.29
2020-01-29,78.74
2020-01-30,57.84
2020-01-31,56.13
2020-02-01,62.01
2020-02-02,67.47
2020-02-03,84.81
2020-02-04,63.41
2020-02-05,73.95
2020-02-06,59.42
2020-02-07,83.5
2020-02-08,68.35
2020-02-09,34.99
2020-02-10,63.22
2020-02-11,58.81
2020-02-12,56.09
2020-02-13,66.7
2020-02-14,75.38
2020-02-15,108.46
2020-02-16,84.69
2020-02-17,102.18
2020-02-18,98.01
2020-02-19,120.62
2020-02-20,89.77
2020-02-21,79.1
2020-02-22,0.0
2020-02-23,0.0
2020-02-24,38.19
2020-02-25,31.22
2020-02-26,26.77
2020-02-27,27.19
2020-02-28,24.88
2020-02-29,26.41
2020-03-01,36.86
2020-03-02,48.33
2020-03-03,40.42
2020-03-04,53.68
2020-03-05,34.09
2020-03-06,36.11
2020-03-07,35.27
2020-03-08,35.48
2020-03-09,42.96
2020-03-10,59.85
2020-03-11,38.5
2020-03-12,47.21
2020-03-13,55.72
2020-03-14,75.81
2020-03-15,42.2
2020-03-16,42.06
2020-03-17,59.49
2020-03-18,72.82
2020-03-19,75.5
2020-03-20,75.63
2020-03-21,81.35
2020-03-22,31.3
2020-03-23,29.57
2020-03-24,39.11
2020-03-25,62.4
2020-03-26,55.51
2020-03-27,66.9
2020-03-28,60.85
2020-03-29,58.07
2020-03-30,89.47
2020-03-31,99.34
2020-04-01,81.02
2020-04-02,74.98
2020-04-03,65.56
2020-04-04,49.2
2020-04-05,0.0
2020-04-06,0.0
2020-04-07,0.0
2020-04-08,0.0
2020-04-09,0.0
2020-04-10,0.0
2020-04-11,0.0
2020-04-12,0.0
2020-04-13,0.0
2020-04-14,0.0
2020-04-15,0.0
2020-04-16,0.0
2020-04-17,0.0
2020-04-18,0.0
2020-04-19,0.0
2020-04-20,0.0
2020-04-21,0.0
2020-04-22,0.0
2020-04-23,0.0
2020-04-24,0.0
2020-04-25,0.0
2020-04-26,0.0
2020-04-27,0.0
2020-04-28,0.0
2020-04-29,0.0
2020-04-30,13.98
2020-05-01,18.18
2020-05-02,18.23
2020-05-03,13.6
2020-05-04,18.44
2020-05-05,23.91
2020-05-06,16.49
2020-05-07,16.65
2020-05-08,24.05
2020-05-09,32.61
2020-05-10,34.49
2020-05-11,33.82
2020-05-12,30.97
2020-05-13,43.71
2020-05-14,31.19
2020-05-15,25.41
2020-05-16,23.35
2020-05-17,29.21
2020-05-18,45.38
2020-05-19,49.0
2020-05-20,26.03
2020-05-21,4.98
2020-05-22,12.38
2020-05-23,40.46
2020-05-24,24.92
2020-05-25,19.73
2020-05-26,11.94
2020-05-27,13.44
2020-05-28,19.67
2020-05-29,15.88
2020-05-30,20.52
2020-05-31,20.92
2020-06-01,28.89
2020-06-02,31.27
2020-06-03,27.54
2020-06-04,28.99
2020-06-05,18.14
2020-06-06,17.99
2020-06-07,25.5
2020-06-08,32.93
2020-06-09,33.44
2020-06-10,14.39
2020-06-11,10.75
2020-06-12,5.82
2020-06-13,6.79
2020-06-14,0.0
2020-06-15,9.63
2020-06-16,10.06
2020-06-17,5.38
2020-06-18,6.79
2020-06-19,15.77
2020-06-20,23.66
2020-06-21,9.42
2020-06-22,12.93
2020-06-23,20.87
2020-06-24,15.34
2020-06-25,16.37
2020-06-26,8.76
2020-06-27,9.77
2020-06-28,20.53
2020-06-29,13.4
2020-06-30,20.8
2020-07-01,29.4
2017-12-20,0.0
2017-12-21,0.0
2017-12-22,0.0
2017-12-23,0.0
2017-12-24,0.0
2017-12-25,0.0
2017-12-26,0.0
2017-12-27,0.0
2017-12-28,0.0
2017-12-29,0.0
2017-12-30,0.0
2017-12-31,0.0
2018-01-01,0.0
2018-01-02,0.0
2018-01-03,0.0
2018-01-04,0.0
2018-01-05,0.0
2018-01-06,0.0
2018-01-07,0.0
2018-01-08,0.0
2018-01-09,0.0
2018-01-10,0.0
2018-01-11,0.0
2018-01-12,0.0
2018-01-13,0.0
2018-01-14,0.0
2018-01-15,0.0
2018-01-16,0.0
2018-01-17,0.0
2018-01-18,0.0
2018-01-19,0.0
2018-01-20,0.0
2018-01-21,0.0
2018-01-22,0.0
2018-01-23,0.0
2018-01-24,0.0
2018-01-25,0.0
2018-01-26,0.0
2018-01-27,0.0
2018-01-28,0.0
2018-01-29,0.0
2018-01-30,0.0
2018-01-31,0.0
2018-02-01,0.0
2018-02-02,0.0
2018-02-03,0.0
2018-02-04,0.0
2018-02-05,0.0
2018-02-06,0.0
2018-02-07,322.43
2018-02-08,341.78
2018-02-09,381.02
2018-02-10,314.95
2018-02-11,0.0
2018-02-12,264.67
2018-02-13,411.74
2018-02-14,209.94
2018-02-15,280.32
2018-02-16,415.79
2018-02-17,336.83
2018-02-18,448.44
2018-02-19,293.77
2018-02-20,290.37
2018-02-21,337.62
2018-02-22,529.88
2018-02-23,428.19
2018-02-24,365.85
2018-02-25,356.57
2018-02-26,446.6
2018-02-27,373.57
2018-02-28,450.74
2018-03-01,378.45
2018-03-02,392.54
2018-03-03,395.0
2018-03-04,488.72
2018-03-05,404.44
2018-03-06,329.78
2018-03-07,333.81
2018-03-08,241.12
2018-03-09,312.37
2018-03-10,279.06
2018-03-11,164.53
2018-03-12,393.78
2018-03-13,0.0
2018-03-14,0.0
2018-03-15,0.0
2018-03-16,0.0
2018-03-17,0.0
2018-03-18,0.0
2018-03-19,0.0
2018-03-20,382.08
2018-03-21,358.15
2018-03-22,230.12
2018-03-23,251.27
2018-03-24,210.68
2018-03-25,143.31
2018-03-26,244.58
2018-03-27,352.21
2018-03-28,355.28
2018-03-29,146.11
2018-03-30,132.9
2018-03-31,150.73
2018-04-01,131.5
2018-04-02,90.34
2018-04-03,133.54
2018-04-04,113.22
2018-04-05,0.0
2018-04-06,0.0
2018-04-07,0.0
2018-04-08,0.0
2018-04-09,0.0
2018-04-10,0.0
2018-04-11,0.0
2018-04-12,0.0
2018-04-13,0.0
2018-04-14,22.63
2018-04-15,141.11
2018-04-16,217.23
2018-04-17,126.32
2018-04-18,166.64
2018-04-19,135.68
2018-04-20,81.16
2018-04-21,99.53
2018-04-22,38.76
2018-04-23,70.31
2018-04-24,177.12
2018-04-25,373.29
2018-04-26,139.17
2018-04-27,97.93
2018-04-28,115.35
2018-04-29,98.75
2018-04-30,96.27
2018-05-01,73.5
2018-05-02,92.05
2018-05-03,103.33
2018-05-04,115.67
2018-05-05,118.46
2018-05-06,109.73
2018-05-07,179.63
2018-05-08,147.09
2018-05-09,164.92
2018-05-10,168.17
2018-05-11,103.29
2018-05-12,120.6
2018-05-13,92.78
2018-05-14,62.61
2018-05-15,146.11
2018-05-16,127.03
2018-05-17,108.26
2018-05-18,161.8
2018-05-19,120.9
2018-05-20,92.97
2018-05-21,143.73
2018-05-22,147.79
2018-05-23,74.74
2018-05-24,84.57
2018-05-25,84.37
2018-05-26,86.26
2018-05-27,94.18
2018-05-28,104.7
2018-05-29,113.21
2018-05-30,74.44
2018-05-31,162.66
2018-06-01,114.36
2018-06-02,98.48
2018-06-03,206.24
2018-06-04,165.95
2018-06-05,106.84
2018-06-06,113.57
2018-06-07,113.1
2018-06-08,0.0
2018-06-09,0.0
2018-06-10,0.0
2018-06-11,0.0
2018-06-12,0.0
2018-06-13,0.0
2018-06-14,0.0
2018-06-15,0.0
2018-06-16,0.0
2018-06-17,0.0
2018-06-18,285.1
2018-06-19,202.62
2018-06-20,194.29
2018-06-21,171.72
2018-06-22,151.44
2018-06-23,108.97
2018-06-24,124.5
2018-06-25,120.71
2018-06-26,142.65
2018-06-27,80.14
2018-06-28,53.63
2018-06-29,87.77
2018-06-30,127.81
2018-07-01,124.45
2018-07-02,104.21
2018-07-03,122.99
2018-07-04,172.0
2018-07-05,155.58
2018-07-06,145.76
2018-07-07,139.36
2018-07-08,105.13
2018-07-09,57.78
2018-07-10,87.85
2018-07-11,115.13
2018-07-12,64.18
2018-07-13,79.97
2018-07-14,60.31
2018-07-15,46.25
2018-07-16,35.86
2018-07-17,30.83
2018-07-18,120.81
2018-07-19,96.68
2018-07-20,83.04
2018-07-21,27.71
2018-07-22,23.13
2018-07-23,89.81
2018-07-24,161.69
2018-07-25,140.86
2018-07-26,84.21
2018-07-27,141.33
2018-07-28,156.76
2018-07-29,131.48
2018-07-30,94.76
2018-07-31,157.72
2018-08-01,180.81
2018-08-02,117.92
2018-08-03,140.67
2018-08-04,189.52
2018-08-05,172.93
2018-08-06,101.76
2018-08-07,51.95
2018-08-08,39.4
2018-08-09,0.0
2018-08-10,0.0
2018-08-11,0.0
2018-08-12,0.0
2018-08-13,0.0
2018-08-14,0.0
2018-08-15,0.0
2018-08-16,0.0
2018-08-17,0.0
2018-08-18,0.0
2018-08-19,0.0
2018-08-20,22.48
2018-08-21,29.17
2018-08-22,11.09
2018-08-23,18.31
2018-08-24,0.0
2018-08-25,0.0
2018-08-26,0.0
2018-08-27,0.0
2018-08-28,16.04
2018-08-29,0.0
2018-08-30,100.35
2018-08-31,34.2
2018-09-01,0.0
2018-09-02,0.0
2018-09-03,0.0
2018-09-04,0.0
2018-09-05,0.0
2018-09-06,0.0
2018-09-07,0.0
2018-09-08,0.0
2018-09-09,0.0
2018-09-10,0.0
2018-09-11,0.0
2018-09-12,0.0
2018-09-13,0.0
2018-09-14,0.0
2018-09-15,0.0
2018-09-16,0.0
2018-09-17,0.0
2018-09-18,0.0
2018-09-19,0.0
2018-09-20,0.01
2018-09-21,0.02
2018-09-22,0.04
2018-09-23,0.06
2018-09-24,0.13
2018-09-25,0.14
2018-09-26,0.16
2018-09-27,0.14
2018-09-28,0.24
2018-09-29,0.21
2018-09-30,0.17
2018-10-01,0.0
2018-10-02,0.0
2018-10-03,0.0
2018-10-04,0.0
2018-10-05,0.0
2018-10-06,0.0
2018-10-07,0.0
2018-10-08,0.0
2018-10-09,0.0
2018-10-10,0.0
2018-10-11,0.04
2018-10-12,0.03
2018-10-13,0.07
2018-10-14,0.13
2018-10-15,0.17
2018-10-16,0.22
2018-10-17,0.19
2018-10-18,0.18
2018-10-19,0.24
2018-10-20,0.26
2018-10-21,0.26
2018-10-22,0.2
2018-10-23,0.23
2018-10-24,0.21
2018-10-25,0.29
2018-10-26,0.28
2018-10-27,0.27
2018-10-28,0.19
2018-10-29,28.73
2018-10-30,104.81
2018-10-31,121.87
2018-11-01,88.97
2018-11-02,138.32
2018-11-03,208.18
2018-11-04,165.82
2018-11-05,275.65
2018-11-06,268.83
2018-11-07,205.0
2018-11-08,205.76
2018-11-09,289.01
2018-11-10,362.21
2018-11-11,338.63
2018-11-12,298.36
2018-11-13,341.24
2018-11-14,345.01
2018-11-15,409.14
2018-11-16,444.69
2018-11-17,345.27
2018-11-18,290.4
2018-11-19,355.22
2018-11-20,474.87
2018-11-21,429.05
2018-11-22,420.2
2018-11-23,466.19
2018-11-24,354.59
2018-11-25,368.49
2018-11-26,477.66
2018-11-27,528.3
2018-11-28,494.5
2018-11-29,440.33
2018-11-30,507.65
2018-12-01,451.12
2018-12-02,456.56
2018-12-03,423.46
2018-12-04,340.97
2018-12-05,346.87
2018-12-06,299.94
2018-12-07,308.53
2018-12-08,239.24
2018-12-09,306.3
2018-12-10,280.93
2018-12-11,282.66
2018-12-12,301.76
2018-12-13,319.79
2018-12-14,227.65
2018-12-15,225.23
2018-12-16,0.0
2018-12-17,0.0
2018-12-18,0.0
2018-12-19,0.0
2018-12-20,0.0
2018-12-21,0.0
2018-12-22,0.0
2018-12-23,0.0
2018-12-24,0.0
2018-12-25,214.94
2018-12-26,289.08
2018-12-27,295.5
2018-12-28,291.2
2018-12-29,322.56
2018-12-30,239.2
2018-12-31,263.09
2019-01-01,316.19
2019-01-02,379.95
2019-01-03,392.33
2019-01-04,391.11
2019-01-05,364.26
2019-01-06,388.52
2019-01-07,405.86
2019-01-08,248.18
2019-01-09,272.38
2019-01-10,366.32
2019-01-11,284.65
2019-01-12,309.11
2019-01-13,331.98
2019-01-14,394.06
2019-01-15,387.57
2019-01-16,385.7
2019-01-17,327.92
2019-01-18,481.81
2019-01-19,375.0
2019-01-20,439.84
2019-01-21,424.28
2019-01-22,291.71
2019-01-23,242.91
2019-01-24,198.55
2019-01-25,182.62
2019-01-26,217.45
2019-01-27,210.72
2019-01-28,240.84
2019-01-29,237.12
2019-01-30,339.23
2019-01-31,362.96
2019-02-01,356.48
2019-02-02,421.57
2019-02-03,444.2
2019-02-04,386.16
2019-02-05,482.14
2019-02-06,444.48
2019-02-07,370.72
2019-02-08,291.43
2019-02-09,256.14
2019-02-10,320.44
2019-02-11,330.54
2019-02-12,402.77
2019-02-13,502.63
2019-02-14,567.83
2019-02-15,336.82
2019-02-16,311.87
2019-02-17,233.28
2019-02-18,324.06
2019-02-19,420.1
2019-02-20,427.68
2019-02-21,404.66
2019-02-22,768.16
2019-02-23,635.78
2019-02-24,369.02
2019-02-25,187.19
2019-02-26,108.55
2019-02-27,125.2
2019-02-28,168.95
2019-03-01,158.68
2019-03-02,200.46
2019-03-03,282.48
2019-03-04,185.36
2019-03-05,136.7
2019-03-06,242.28
2019-03-07,379.94
2019-03-08,368.35
2019-03-09,322.38
2019-03-10,0.0
2019-03-11,0.0
2019-03-12,0.0
2019-03-13,384.47
2019-03-14,0.0
2019-03-15,0.0
2019-03-16,155.29
2019-03-17,0.0
2019-03-18,0.0
2019-03-19,118.8
2019-03-20,158.18
2019-03-21,145.56
2019-03-22,179.81
2019-03-23,217.15
2019-03-24,326.64
2019-03-25,392.46
2019-03-26,248.96
2019-03-27,148.93
2019-03-28,169.7
2019-03-29,218.72
2019-03-30,273.08
2019-03-31,220.16
2019-04-01,195.92
2019-04-02,196.44
2019-04-03,174.8
2019-04-04,128.0
2019-04-05,235.28
2019-04-06,131.35
2019-04-07,104.95
2019-04-08,92.87
2019-04-09,188.3
2019-04-10,139.58
2019-04-11,162.61
2019-04-12,221.52
2019-04-13,135.29
2019-04-14,112.23
2019-04-15,226.94
2019-04-16,242.33
2019-04-17,269.22
2019-04-18,140.61
2019-04-19,137.62
2019-04-20,135.13
2019-04-21,116.55
2019-04-22,139.6
2019-04-23,128.93
2019-04-24,87.02
2019-04-25,102.66
2019-04-26,0.0
2019-04-27,161.68
2019-04-28,298.76
2019-04-29,165.98
2019-04-30,90.26
2019-05-01,69.03
2019-05-02,66.35
2019-05-03,110.21
2019-05-04,73.77
2019-05-05,164.08
2019-05-06,172.54
2019-05-07,218.71
2019-05-08,226.97
2019-05-09,203.68
2019-05-10,204.14
2019-05-11,156.87
2019-05-12,139.66
2019-05-13,219.76
2019-05-14,129.35
2019-05-15,115.69
2019-05-16,0.0
2019-05-17,149.75
2019-05-18,147.07
2019-05-19,144.89
2019-05-20,131.69
2019-05-21,152.98
2019-05-22,133.64
2019-05-23,110.94
2019-05-24,92.22
2019-05-25,122.64
2019-05-26,118.12
2019-05-27,148.15
2019-05-28,136.62
2019-05-29,183.66
2019-05-30,123.52
2019-05-31,126.38
2019-06-01,141.34
2019-06-02,77.32
2019-06-03,128.85
2019-06-04,102.59
2019-06-05,117.76
2019-06-06,0.0
2019-06-07,98.23
2019-06-08,106.2
2019-06-09,120.9
2019-06-10,107.81
2019-06-11,154.65
2019-06-12,125.17
2019-06-13,92.89
2019-06-14,102.19
2019-06-15,0.0
2019-06-16,143.96
2019-06-17,99.04
2019-06-18,131.45
2019-06-19,183.73
2019-06-20,146.59
2019-06-21,71.05
2019-06-22,49.42
2019-06-23,53.89
2019-06-24,54.79
2019-06-25,76.28
2019-06-26,65.11
2019-06-27,94.58
2019-06-28,111.06
2019-06-29,132.92
2019-06-30,61.42
2019-07-01,57.48
2019-07-02,59.72
2019-07-03,79.01
2019-07-04,38.61
2019-07-05,59.67
2019-07-06,37.57
2019-07-07,76.33
2019-07-08,105.08
2019-07-09,113.5
2019-07-10,100.29
2019-07-11,89.91
2019-07-12,111.89
2019-07-13,133.84
2019-07-14,112.0
2019-07-15,141.24
2019-07-16,197.62
2019-07-17,169.03
2019-07-18,140.96
2019-07-19,134.52
2019-07-20,53.43
2019-07-21,47.83
2019-07-22,63.46
2019-07-23,68.09
2019-07-24,103.03
2019-07-25,80.01
2019-07-26,35.74
2019-07-27,41.59
2019-07-28,52.96
2019-07-29,38.46
2019-07-30,51.36
2019-07-31,65.25
2019-08-01,34.75
2019-08-02,62.34
2019-08-03,44.56
2019-08-04,32.05
2019-08-05,48.93
2019-08-06,50.97
2019-08-07,46.83
2019-08-08,39.26
2019-08-09,69.73
2019-08-10,82.44
2019-08-11,100.14
2019-08-12,83.43
2019-08-13,0.0
2019-08-14,0.0
2019-08-15,0.0
2019-08-16,0.0
2019-08-17,0.0
2019-08-18,0.0
2019-08-19,0.0
2019-08-20,49.37
2019-08-21,68.31
2019-08-22,97.03
2019-08-23,59.03
2019-08-24,84.83
2019-08-25,68.07
2019-08-26,80.35
2019-08-27,101.4
2019-08-28,119.51
2019-08-29,73.02
2019-08-30,84.01
2019-08-31,48.96
2019-09-01,34.9
2019-09-02,55.36
2019-09-03,53.8
2019-09-04,50.96
2019-09-05,53.23
2019-09-06,35.12
2019-09-07,33.83
2019-09-08,45.69
2019-09-09,52.64
2019-09-10,62.87
2019-09-11,83.52
2019-09-12,48.36
2019-09-13,49.49
2019-09-14,68.49
2019-09-15,70.29
2019-09-16,72.21
2019-09-17,42.47
2019-09-18,41.25
2019-09-19,37.88
2019-09-20,51.9
2019-09-21,88.7
2019-09-22,48.95
2019-09-23,32.29
2019-09-24,19.24
2019-09-25,14.3
2019-09-26,20.8
2019-09-27,0.0
2019-09-28,0.0
2019-09-29,0.0
2019-09-30,0.0
2019-10-01,0.0
2019-10-02,0.0
2019-10-03,0.0
2019-10-04,0.0
2019-10-05,0.0
2019-10-06,0.0
2019-10-07,0.0
2019-10-08,0.0
2019-10-09,0.0
2019-10-10,50.05
2019-10-11,52.51
2019-10-12,59.78
2019-10-13,57.17
2019-10-14,51.61
2019-10-15,61.12
2019-10-16,63.08
2019-10-17,54.65
2019-10-18,53.64
2019-10-19,46.52
2019-10-20,53.13
2019-10-21,61.92
2019-10-22,54.3
2019-10-23,48.44
2019-10-24,54.11
2019-10-25,44.69
2019-10-26,59.42
2019-10-27,49.73
2019-10-28,78.32
2019-10-29,62.68
2019-10-30,75.23
2019-10-31,64.68
2019-11-01,60.88
2019-11-02,64.4
2019-11-03,87.8
2019-11-04,70.43
2019-11-05,67.7
2019-11-06,221.37
2019-11-07,512.41
2019-11-08,493.34
2019-11-09,76.58
2019-11-10,74.15
2019-11-11,154.48
2019-11-12,223.74
2019-11-13,198.15
2019-11-14,252.21
2019-11-15,253.91
2019-11-16,254.07
2019-11-17,242.65
2019-11-18,282.31
2019-11-19,187.87
2019-11-20,193.07
2019-11-21,251.25
2019-11-22,285.51
2019-11-23,257.45
2019-11-24,0.0
2019-11-25,0.0
2019-11-26,0.0
2019-11-27,0.0
2019-11-28,239.76
2019-11-29,369.84
2019-11-30,328.79
2019-12-01,263.04
2019-12-02,265.36
2019-12-03,257.83
2019-12-04,212.51
2019-12-05,281.68
2019-12-06,294.98
2019-12-07,290.81
2019-12-08,266.72
2019-12-09,280.65
2019-12-10,247.47
2019-12-11,292.02
2019-12-12,251.29
2019-12-13,129.22
2019-12-14,199.57
2019-12-15,134.47
2019-12-16,187.98
2019-12-17,197.76
2019-12-18,211.71
2019-12-19,213.76
2019-12-20,310.81
2019-12-21,305.67
2019-12-22,267.86
2019-12-23,235.1
2019-12-24,283.56
2019-12-25,204.65
2019-12-26,151.85
2019-12-27,0.0
2019-12-28,453.21
2019-12-29,358.01
2019-12-30,338.01
2019-12-31,370.31
2020-01-01,305.06
2020-01-02,269.45
2020-01-03,262.31
2020-01-04,138.67
2020-01-05,193.91
2020-01-06,256.85
2020-01-07,379.17
2020-01-08,232.22
2020-01-09,218.87
2020-01-10,231.32
2020-01-11,279.67
2020-01-12,303.35
2020-01-13,371.73
2020-01-14,356.94
2020-01-15,305.29
2020-01-16,253.09
2020-01-17,293.03
2020-01-18,264.73
2020-01-19,315.76
2020-01-20,243.63
2020-01-21,272.16
2020-01-22,324.92
2020-01-23,320.31
2020-01-24,434.27
2020-01-25,347.58
2020-01-26,358.07
2020-01-27,321.8
2020-01-28,184.9
2020-01-29,216.27
2020-01-30,172.5
2020-01-31,203.94
2020-02-01,175.39
2020-02-02,168.13
2020-02-03,123.51
2020-02-04,127.65
2020-02-05,124.9
2020-02-06,148.83
2020-02-07,73.73
2020-02-08,70.38
2020-02-09,50.98
2020-02-10,188.16
2020-02-11,228.33
2020-02-12,196.93
2020-02-13,237.02
2020-02-14,242.7
2020-02-15,212.16
2020-02-16,253.76
2020-02-17,265.74
2020-02-18,187.89
2020-02-19,169.06
2020-02-20,113.18
2020-02-21,58.77
2020-02-22,86.44
2020-02-23,118.41
2020-02-24,87.12
2020-02-25,42.83
2020-02-26,74.63
2020-02-27,111.9
2020-02-28,123.51
2020-02-29,121.06
2020-03-01,139.41
2020-03-02,140.95
2020-03-03,94.61
2020-03-04,60.44
2020-03-05,28.74
2020-03-06,24.72
2020-03-07,21.62
2020-03-08,36.53
2020-03-09,50.81
2020-03-10,43.19
2020-03-11,13.8
2020-03-12,28.61
2020-03-13,25.67
2020-03-14,22.09
2020-03-15,0.0
2020-03-16,0.0
2020-03-17,0.0
2020-03-18,85.58
2020-03-19,62.38
2020-03-20,188.53
2020-03-21,89.92
2020-03-22,50.61
2020-03-23,65.46
2020-03-24,108.4
2020-03-25,108.97
2020-03-26,133.38
2020-03-27,119.14
2020-03-28,146.69
2020-03-29,118.7
2020-03-30,90.42
2020-03-31,114.04
2020-04-01,96.26
2020-04-02,77.07
2020-04-03,73.46
2020-04-04,95.79
2020-04-05,76.09
2020-04-06,152.22
2020-04-07,81.53
2020-04-08,61.03
2020-04-09,55.96
2020-04-10,64.08
2020-04-11,101.31
2020-04-12,105.3
2020-04-13,93.94
2020-04-14,136.52
2020-04-15,74.76
2020-04-16,80.82
2020-04-17,53.28
2020-04-18,55.65
2020-04-19,60.82
2020-04-20,47.79
2020-04-21,14.1
2020-04-22,17.19
2020-04-23,39.51
2020-04-24,23.56
2020-04-25,18.85
2020-04-26,18.85
2020-04-27,21.56
2020-04-28,27.0
2020-04-29,7.9
2020-04-30,34.63
2020-05-01,50.67
2020-05-02,0.0
2020-05-03,40.31
2020-05-04,20.65
2020-05-05,65.02
2020-05-06,100.26
2020-05-07,107.07
2020-05-08,157.36
2020-05-09,138.07
2020-05-10,105.32
2020-05-11,173.38
2020-05-12,152.81
2020-05-13,140.11
2020-05-14,63.17
2020-05-15,40.6
2020-05-16,51.59
2020-05-17,89.24
2020-05-18,30.56
2020-05-19,37.99
2020-05-20,41.39
2020-05-21,68.32
2020-05-22,43.85
2020-05-23,38.8
2020-05-24,40.33
2020-05-25,35.01
2020-05-26,35.62
2020-05-27,36.72
2020-05-28,36.91
2020-05-29,27.22
2020-05-30,40.25
2020-05-31,34.24
2020-06-01,40.07
2020-06-02,66.04
2020-06-03,67.58
2020-06-04,103.71
2020-06-05,79.28
2020-06-06,60.62
2020-06-07,0.0
2020-06-08,95.71
2020-06-09,0.0
2020-06-10,0.0
2020-06-11,0.0
2020-06-12,0.0
2020-06-13,0.0
2020-06-14,0.0
2020-06-15,0.0
2020-06-16,0.0
2020-06-17,80.98
2020-06-18,36.92
2020-06-19,17.21
2020-06-20,27.63
2020-06-21,23.89
2020-06-22,16.97
2020-06-23,22.76
2020-06-24,17.63
2020-06-25,14.99
2020-06-26,16.46
2020-06-27,25.94
2020-06-28,31.07
2020-06-29,25.46
2020-06-30,23.26
2020-07-01,31.06
2017-06-16,10.0
2017-06-17,0.0
2017-06-18,0.0
2017-06-19,36.0
2017-06-20,0.0
2017-06-21,36.0
2017-06-22,37.12
2017-06-23,31.09
2017-06-24,22.15
2017-06-25,23.53
2017-06-26,22.58
2017-06-27,21.61
2017-06-28,31.38
2017-06-29,38.45
2017-06-30,36.71
2017-07-01,39.71
2017-07-02,27.62
2017-07-03,22.56
2017-07-04,43.69
2017-07-05,68.32
2017-07-06,55.04
2017-07-07,49.78
2017-07-08,47.71
2017-07-09,31.62
2017-07-10,31.78
2017-07-11,18.65
2017-07-12,36.27
2017-07-13,47.88
2017-07-14,46.79
2017-07-15,60.83
2017-07-16,43.6
2017-07-17,52.15
2017-07-18,54.44
2017-07-19,38.51
2017-07-20,35.72
2017-07-21,22.98
2017-07-22,0.0
2017-07-23,0.0
2017-07-24,60.84
2017-07-25,56.6
2017-07-26,67.58
2017-07-27,48.62
2017-07-28,37.17
2017-07-29,32.19
2017-07-30,54.45
2017-07-31,54.37
2017-08-01,41.35
2017-08-02,46.53
2017-08-03,39.14
2017-08-04,31.64
2017-08-05,28.85
2017-08-06,34.99
2017-08-07,48.43
2017-08-08,32.81
2017-08-09,41.81
2017-08-10,41.59
2017-08-11,30.8
2017-08-12,44.62
2017-08-13,66.18
2017-08-14,73.12
2017-08-15,61.52
2017-08-16,44.38
2017-08-17,47.14
2017-08-18,28.83
2017-08-19,37.2
2017-08-20,34.71
2017-08-21,27.65
2017-08-22,22.79
2017-08-23,43.83
2017-08-24,63.07
2017-08-25,54.52
2017-08-26,51.49
2017-08-27,33.47
2017-08-28,24.65
2017-08-29,22.29
2017-08-30,34.19
2017-08-31,48.67
2017-09-01,52.14
2017-09-02,35.43
2017-09-03,34.39
2017-09-04,48.9
2017-09-05,45.75
2017-09-06,19.97
2017-09-07,35.68
2017-09-08,28.79
2017-09-09,27.17
2017-09-10,25.92
2017-09-11,28.58
2017-09-12,23.44
2017-09-13,20.83
2017-09-14,21.98
2017-09-15,37.03
2017-09-16,34.22
2017-09-17,21.48
2017-09-18,29.78
2017-09-19,38.16
2017-09-20,27.48
2017-09-21,31.36
2017-09-22,44.17
2017-09-23,48.97
2017-09-24,44.41
2017-09-25,52.61
2017-09-26,45.45
2017-09-27,29.29
2017-09-28,24.1
2017-09-29,29.61
2017-09-30,24.03
2017-10-01,13.37
2017-10-02,10.5
2017-10-03,17.57
2017-10-04,22.0
2017-10-05,30.71
2017-10-06,13.0
2017-10-07,19.95
2017-10-08,33.45
2017-10-09,42.21
2017-10-10,0.0
2017-10-11,0.0
2017-10-12,0.0
2017-10-13,0.0
2017-10-14,0.0
2017-10-15,0.0
2017-10-16,0.0
2017-10-17,0.0
2017-10-18,0.0
2017-10-19,32.08
2017-10-20,16.0
2017-10-21,24.75
2017-10-22,0.0
2017-10-23,68.55
2017-10-24,43.5
2017-10-25,0.0
2017-10-26,0.0
2017-10-27,32.5
2017-10-28,0.0
2017-10-29,0.0
2017-10-30,0.0
2017-10-31,36.52
2017-11-01,37.06
2017-11-02,35.06
2017-11-03,40.5
2017-11-04,45.71
2017-11-05,24.78
2017-11-06,41.97
2017-11-07,29.74
2017-11-08,28.67
2017-11-09,27.27
2017-11-10,45.25
2017-11-11,46.57
2017-11-12,59.01
2017-11-13,86.2
2017-11-14,76.8
2017-11-15,78.67
2017-11-16,69.39
2017-11-17,83.82
2017-11-18,80.76
2017-11-19,59.98
2017-11-20,48.04
2017-11-21,31.01
2017-11-22,42.44
2017-11-23,61.21
2017-11-24,89.2
2017-11-25,126.78
2017-11-26,102.32
2017-11-27,49.07
2017-11-28,48.66
2017-11-29,48.34
2017-11-30,11.05
2017-12-01,15.05
2017-12-02,29.16
2017-12-03,41.84
2017-12-04,53.82
2017-12-05,0.0
2017-12-06,0.0
2017-12-07,75.38
2017-12-08,61.09
2017-12-09,49.68
2017-12-10,73.21
2017-12-11,101.59
2017-12-12,88.6
2017-12-13,58.23
2017-12-14,66.47
2017-12-15,88.53
2017-12-16,68.19
2017-12-17,69.96
2017-12-18,71.95
2017-12-19,71.07
2017-12-20,46.85
2017-12-21,56.57
2017-12-22,41.88
2017-12-23,59.38
2017-12-24,49.75
2017-12-25,64.2
2017-12-26,79.85
2017-12-27,86.73
2017-12-28,98.85
2017-12-29,85.7
2017-12-30,100.61
2017-12-31,80.02
2018-01-01,88.43
2018-01-02,88.75
2018-01-03,78.75
2018-01-04,90.64
2018-01-05,118.0
2018-01-06,117.45
2018-01-07,101.17
2018-01-08,95.2
2018-01-09,115.88
2018-01-10,109.22
2018-01-11,71.31
2018-01-12,71.91
2018-01-13,67.32
2018-01-14,53.93
2018-01-15,72.73
2018-01-16,95.26
2018-01-17,109.18
2018-01-18,102.56
2018-01-19,98.15
2018-01-20,115.98
2018-01-21,118.82
2018-01-22,115.3
2018-01-23,120.64
2018-01-24,112.83
2018-01-25,84.26
2018-01-26,89.49
2018-01-27,99.88
2018-01-28,71.88
2018-01-29,99.08
2018-01-30,96.6
2018-01-31,107.96
2018-02-01,114.76
2018-02-02,102.16
2018-02-03,96.7
2018-02-04,95.27
2018-02-05,93.88
2018-02-06,89.88
2018-02-07,71.72
2018-02-08,47.29
2018-02-09,63.08
2018-02-10,65.34
2018-02-11,70.25
2018-02-12,77.5
2018-02-13,86.42
2018-02-14,95.91
2018-02-15,84.58
2018-02-16,72.11
2018-02-17,82.45
2018-02-18,82.58
2018-02-19,93.06
2018-02-20,89.44
2018-02-21,101.58
2018-02-22,89.49
2018-02-23,90.78
2018-02-24,90.74
2018-02-25,0.0
2018-02-26,59.71
2018-02-27,72.7
2018-02-28,63.66
2018-03-01,68.91
2018-03-02,69.71
2018-03-03,72.3
2018-03-04,92.26
2018-03-05,94.17
2018-03-06,95.3
2018-03-07,91.27
2018-03-08,91.55
2018-03-09,90.79
2018-03-10,89.77
2018-03-11,95.27
2018-03-12,74.65
2018-03-13,41.85
2018-03-14,36.01
2018-03-15,27.9
2018-03-16,32.91
2018-03-17,38.78
2018-03-18,45.87
2018-03-19,40.88
2018-03-20,66.78
2018-03-21,66.95
2018-03-22,58.81
2018-03-23,76.01
2018-03-24,81.22
2018-03-25,84.28
2018-03-26,77.71
2018-03-27,71.97
2018-03-28,40.97
2018-03-29,61.25
2018-03-30,77.14
2018-03-31,76.18
2018-04-01,64.64
2018-04-02,63.12
2018-04-03,67.92
2018-04-04,61.69
2018-04-05,78.18
2018-04-06,72.54
2018-04-07,73.04
2018-04-08,45.04
2018-04-09,39.62
2018-04-10,35.43
2018-04-11,38.12
2018-04-12,32.92
2018-04-13,30.35
2018-04-14,25.04
2018-04-15,31.97
2018-04-16,32.97
2018-04-17,37.77
2018-04-18,56.12
2018-04-19,41.6
2018-04-20,37.06
2018-04-21,52.84
2018-04-22,53.8
2018-04-23,58.59
2018-04-24,57.52
2018-04-25,52.44
2018-04-26,72.46
2018-04-27,72.5
2018-04-28,68.55
2018-04-29,76.45
2018-04-30,59.65
2018-05-01,53.26
2018-05-02,56.07
2018-05-03,50.04
2018-05-04,55.18
2018-05-05,46.4
2018-05-06,30.75
2018-05-07,30.01
2018-05-08,27.82
2018-05-09,42.75
2018-05-10,28.12
2018-05-11,28.73
2018-05-12,21.4
2018-05-13,23.59
2018-05-14,24.27
2018-05-15,46.65
2018-05-16,50.52
2018-05-17,33.39
2018-05-18,23.2
2018-05-19,30.44
2018-05-20,24.91
2018-05-21,35.89
2018-05-22,43.92
2018-05-23,45.18
2018-05-24,65.82
2018-05-25,17.46
2018-05-26,44.1
2018-05-27,27.03
2018-05-28,40.0
2018-05-29,41.09
2018-05-30,32.33
2018-05-31,42.4
2018-06-01,36.25
2018-06-02,27.32
2018-06-03,22.6
2018-06-04,30.1
2018-06-05,37.16
2018-06-06,33.78
2018-06-07,27.33
2018-06-08,43.69
2018-06-09,40.67
2018-06-10,36.92
2018-06-11,43.69
2018-06-12,53.74
2018-06-13,39.6
2018-06-14,28.3
2018-06-15,30.9
2018-06-16,28.76
2018-06-17,31.95
2018-06-18,38.2
2018-06-19,63.21
2018-06-20,49.12
2018-06-21,44.95
2018-06-22,45.68
2018-06-23,44.56
2018-06-24,25.55
2018-06-25,41.84
2018-06-26,39.79
2018-06-27,39.18
2018-06-28,34.99
2018-06-29,38.49
2018-06-30,35.9
2018-07-01,33.89
2018-07-02,34.53
2018-07-03,43.26
2018-07-04,42.32
2018-07-05,40.65
2018-07-06,46.16
2018-07-07,44.91
2018-07-08,36.83
2018-07-09,29.21
2018-07-10,27.82
2018-07-11,36.89
2018-07-12,39.8
2018-07-13,46.58
2018-07-14,36.38
2018-07-15,21.69
2018-07-16,26.23
2018-07-17,27.05
2018-07-18,41.07
2018-07-19,35.93
2018-07-20,46.7
2018-07-21,62.76
2018-07-22,58.53
2018-07-23,65.29
2018-07-24,43.0
2018-07-25,34.25
2018-07-26,40.29
2018-07-27,46.1
2018-07-28,54.71
2018-07-29,50.25
2018-07-30,37.53
2018-07-31,25.9
2018-08-01,39.67
2018-08-02,36.35
2018-08-03,37.27
2018-08-04,42.58
2018-08-05,33.81
2018-08-06,28.54
2018-08-07,30.15
2018-08-08,25.2
2018-08-09,39.6
2018-08-10,27.55
2018-08-11,31.22
2018-08-12,29.91
2018-08-13,31.66
2018-08-14,28.88
2018-08-15,42.0
2018-08-16,34.43
2018-08-17,27.58
2018-08-18,28.14
2018-08-19,30.3
2018-08-20,39.35
2018-08-21,44.17
2018-08-22,46.05
2018-08-23,43.2
2018-08-24,50.41
2018-08-25,42.72
2018-08-26,39.71
2018-08-27,37.14
2018-08-28,24.86
2018-08-29,33.98
2018-08-30,41.24
2018-08-31,47.25
2018-09-01,56.07
2018-09-02,52.38
2018-09-03,50.48
2018-09-04,51.27
2018-09-05,55.46
2018-09-06,52.45
2018-09-07,45.48
2018-09-08,43.17
2018-09-09,0.0
2018-09-10,50.89
2018-09-11,60.76
2018-09-12,67.26
2018-09-13,68.99
2018-09-14,72.04
2018-09-15,64.05
2018-09-16,43.68
2018-09-17,43.82
2018-09-18,35.01
2018-09-19,39.68
2018-09-20,32.57
2018-09-21,60.69
2018-09-22,56.28
2018-09-23,30.23
2018-09-24,29.76
2018-09-25,45.89
2018-09-26,47.71
2018-09-27,41.11
2018-09-28,45.3
2018-09-29,27.84
2018-09-30,35.57
2018-10-01,43.0
2018-10-02,31.2
2018-10-03,34.18
2018-10-04,29.82
2018-10-05,39.69
2018-10-06,50.39
2018-10-07,24.47
2018-10-08,26.54
2018-10-09,26.27
2018-10-10,34.46
2018-10-11,50.68
2018-10-12,67.44
2018-10-13,63.53
2018-10-14,52.64
2018-10-15,53.57
2018-10-16,35.04
2018-10-17,28.26
2018-10-18,30.33
2018-10-19,30.94
2018-10-20,28.76
2018-10-21,24.47
2018-10-22,31.72
2018-10-23,33.12
2018-10-24,56.61
2018-10-25,72.5
2018-10-26,94.45
2018-10-27,116.25
2018-10-28,96.05
2018-10-29,84.26
2018-10-30,90.58
2018-10-31,83.3
2018-11-01,68.11
2018-11-02,77.95
2018-11-03,27.28
2018-11-04,45.52
2018-11-05,78.08
2018-11-06,86.88
2018-11-07,65.46
2018-11-08,73.19
2018-11-09,60.82
2018-11-10,53.9
2018-11-11,54.12
2018-11-12,63.39
2018-11-13,59.67
2018-11-14,87.3
2018-11-15,104.39
2018-11-16,73.44
2018-11-17,76.59
2018-11-18,64.32
2018-11-19,47.35
2018-11-20,35.46
2018-11-21,36.16
2018-11-22,48.44
2018-11-23,49.24
2018-11-24,37.35
2018-11-25,44.34
2018-11-26,85.65
2018-11-27,112.18
2018-11-28,119.12
2018-11-29,108.14
2018-11-30,58.17
2018-12-01,70.75
2018-12-02,72.64
2018-12-03,69.66
2018-12-04,90.86
2018-12-05,74.59
2018-12-06,61.3
2018-12-07,53.63
2018-12-08,47.04
2018-12-09,85.48
2018-12-10,114.52
2018-12-11,124.33
2018-12-12,115.19
2018-12-13,90.71
2018-12-14,73.69
2018-12-15,89.85
2018-12-16,90.91
2018-12-17,85.65
2018-12-18,110.35
2018-12-19,116.95
2018-12-20,102.92
2018-12-21,103.17
2018-12-22,106.69
2018-12-23,60.51
2018-12-24,60.48
2018-12-25,52.33
2018-12-26,69.44
2018-12-27,81.17
2018-12-28,79.04
2018-12-29,85.51
2018-12-30,83.14
2018-12-31,99.05
2019-01-01,99.86
2019-01-02,98.66
2019-01-03,92.79
2019-01-04,80.7
2019-01-05,85.2
2019-01-06,79.36
2019-01-07,91.32
2019-01-08,93.45
2019-01-09,104.01
2019-01-10,92.53
2019-01-11,99.11
2019-01-12,102.28
2019-01-13,95.19
2019-01-14,110.44
2019-01-15,105.47
2019-01-16,116.02
2019-01-17,97.88
2019-01-18,118.3
2019-01-19,112.76
2019-01-20,120.86
2019-01-21,114.98
2019-01-22,95.33
2019-01-23,107.83
2019-01-24,108.97
2019-01-25,90.38
2019-01-26,81.14
2019-01-27,72.21
2019-01-28,72.15
2019-01-29,59.82
2019-01-30,67.14
2019-01-31,65.93
2019-02-01,71.48
2019-02-02,79.06
2019-02-03,64.31
2019-02-04,74.89
2019-02-05,69.57
2019-02-06,57.39
2019-02-07,72.17
2019-02-08,85.64
2019-02-09,85.04
2019-02-10,59.82
2019-02-11,60.12
2019-02-12,64.67
2019-02-13,73.93
2019-02-14,82.9
2019-02-15,78.98
2019-02-16,65.73
2019-02-17,64.89
2019-02-18,61.82
2019-02-19,57.21
2019-02-20,67.65
2019-02-21,50.94
2019-02-22,54.29
2019-02-23,60.73
2019-02-24,58.6
2019-02-25,68.04
2019-02-26,68.32
2019-02-27,67.47
2019-02-28,74.96
2019-03-01,88.46
2019-03-02,68.2
2019-03-03,63.12
2019-03-04,69.4
2019-03-05,58.71
2019-03-06,67.2
2019-03-07,178.24
2019-03-08,126.39
2019-03-09,86.59
2019-03-10,60.76
2019-03-11,70.94
2019-03-12,72.46
2019-03-13,96.27
2019-03-14,87.99
2019-03-15,85.38
2019-03-16,88.36
2019-03-17,87.18
2019-03-18,72.39
2019-03-19,65.23
2019-03-20,62.21
2019-03-21,59.9
2019-03-22,61.19
2019-03-23,64.78
2019-03-24,59.02
2019-03-25,65.3
2019-03-26,67.23
2019-03-27,67.02
2019-03-28,75.77
2019-03-29,75.12
2019-03-30,85.28
2019-03-31,81.64
2019-04-01,79.24
2019-04-02,82.12
2019-04-03,81.81
2019-04-04,50.68
2019-04-05,44.72
2019-04-06,50.03
2019-04-07,66.82
2019-04-08,71.05
2019-04-09,67.66
2019-04-10,62.29
2019-04-11,59.77
2019-04-12,65.59
2019-04-13,60.17
2019-04-14,60.55
2019-04-15,54.56
2019-04-16,51.86
2019-04-17,56.55
2019-04-18,44.77
2019-04-19,42.03
2019-04-20,32.47
2019-04-21,28.21
2019-04-22,41.85
2019-04-23,28.42
2019-04-24,40.08
2019-04-25,44.12
2019-04-26,53.12
2019-04-27,59.62
2019-04-28,59.02
2019-04-29,56.52
2019-04-30,49.07
2019-05-01,49.94
2019-05-02,87.96
2019-05-03,103.25
2019-05-04,100.42
2019-05-05,97.18
2019-05-06,110.95
2019-05-07,88.32
2019-05-08,67.7
2019-05-09,64.57
2019-05-10,56.44
2019-05-11,54.42
2019-05-12,48.58
2019-05-13,44.81
2019-05-14,44.75
2019-05-15,45.92
2019-05-16,58.16
2019-05-17,65.88
2019-05-18,55.7
2019-05-19,46.85
2019-05-20,62.22
2019-05-21,72.77
2019-05-22,64.09
2019-05-23,51.78
2019-05-24,31.31
2019-05-25,29.58
2019-05-26,34.61
2019-05-27,52.68
2019-05-28,77.25
2019-05-29,76.55
2019-05-30,78.76
2019-05-31,49.86
2019-06-01,54.8
2019-06-02,35.77
2019-06-03,37.15
2019-06-04,29.82
2019-06-05,27.21
2019-06-06,45.83
2019-06-07,33.76
2019-06-08,25.46
2019-06-09,24.78
2019-06-10,23.83
2019-06-11,0.0
2019-06-12,0.0
2019-06-13,0.0
2019-06-14,0.0
2019-06-15,0.0
2019-06-16,0.0
2019-06-17,0.0
2019-06-18,56.09
2019-06-19,47.92
2019-06-20,22.78
2019-06-21,0.0
2019-06-22,0.0
2019-06-23,0.0
2019-06-24,0.0
2019-06-25,57.36
2019-06-26,55.51
2019-06-27,50.75
2019-06-28,45.05
2019-06-29,46.9
2019-06-30,40.2
2019-07-01,36.12
2019-07-02,43.52
2019-07-03,34.86
2019-07-04,27.34
2019-07-05,38.57
2019-07-06,49.52
2019-07-07,28.95
2019-07-08,26.17
2019-07-09,26.83
2019-07-10,33.66
2019-07-11,49.88
2019-07-12,50.61
2019-07-13,37.18
2019-07-14,27.74
2019-07-15,26.98
2019-07-16,29.01
2019-07-17,29.39
2019-07-18,21.07
2019-07-19,17.91
2019-07-20,21.05
2019-07-21,16.86
2019-07-22,21.08
2019-07-23,26.21
2019-07-24,29.58
2019-07-25,39.38
2019-07-26,35.43
2019-07-27,43.83
2019-07-28,44.4
2019-07-29,39.89
2019-07-30,35.98
2019-07-31,31.15
2019-08-01,33.9
2019-08-02,45.88
2019-08-03,44.31
2019-08-04,38.04
2019-08-05,48.38
2019-08-06,34.72
2019-08-07,27.68
2019-08-08,29.48
2019-08-09,23.3
2019-08-10,16.95
2019-08-11,14.72
2019-08-12,17.06
2019-08-13,21.22
2019-08-14,24.9
2019-08-15,33.7
2019-08-16,28.25
2019-08-17,40.48
2019-08-18,42.58
2019-08-19,39.9
2019-08-20,38.29
2019-08-21,31.07
2019-08-22,23.18
2019-08-23,22.64
2019-08-24,30.07
2019-08-25,21.39
2019-08-26,18.76
2019-08-27,21.27
2019-08-28,23.28
2019-08-29,31.92
2019-08-30,30.21
2019-08-31,39.05
2019-09-01,28.91
2019-09-02,26.69
2019-09-03,27.66
2019-09-04,23.82
2019-09-05,21.87
2019-09-06,19.67
2019-09-07,27.82
2019-09-08,29.74
2019-09-09,30.69
2019-09-10,27.14
2019-09-11,28.23
2019-09-12,31.68
2019-09-13,33.53
2019-09-14,30.52
2019-09-15,29.57
2019-09-16,32.68
2019-09-17,34.76
2019-09-18,22.19
2019-09-19,22.42
2019-09-20,33.56
2019-09-21,36.12
2019-09-22,33.91
2019-09-23,20.84
2019-09-24,22.3
2019-09-25,22.76
2019-09-26,26.74
2019-09-27,32.4
2019-09-28,33.81
2019-09-29,29.1
2019-09-30,20.95
2019-10-01,27.22
2019-10-02,30.45
2019-10-03,28.85
2019-10-04,31.23
2019-10-05,33.07
2019-10-06,28.23
2019-10-07,22.56
2019-10-08,19.94
2019-10-09,34.77
2019-10-10,33.61
2019-10-11,29.79
2019-10-12,28.76
2019-10-13,21.86
2019-10-14,28.23
2019-10-15,29.12
2019-10-16,33.51
2019-10-17,20.77
2019-10-18,23.21
2019-10-19,0.0
2019-10-20,13.9
2019-10-21,16.67
2019-10-22,22.5
2019-10-23,21.1
2019-10-24,33.55
2019-10-25,37.78
2019-10-26,36.28
2019-10-27,42.3
2019-10-28,35.83
2019-10-29,33.99
2019-10-30,10.54
2019-10-31,12.23
2019-11-01,28.72
2019-11-02,37.35
2019-11-03,31.71
2019-11-04,27.28
2019-11-05,50.49
2019-11-06,50.81
2019-11-07,45.02
2019-11-08,47.27
2019-11-09,31.08
2019-11-10,30.39
2019-11-11,39.27
2019-11-12,49.25
2019-11-13,67.61
2019-11-14,56.88
2019-11-15,48.96
2019-11-16,35.95
2019-11-17,27.57
2019-11-18,51.91
2019-11-19,45.85
2019-11-20,43.29
2019-11-21,39.84
2019-11-22,35.35
2019-11-23,53.49
2019-11-24,49.09
2019-11-25,42.3
2019-11-26,47.81
2019-11-27,65.38
2019-11-28,40.69
2019-11-29,49.72
2019-11-30,25.41
2019-12-01,13.3
2019-12-02,31.62
2019-12-03,51.14
2019-12-04,52.39
2019-12-05,58.52
2019-12-06,58.0
2019-12-07,64.6
2019-12-08,39.35
2019-12-09,44.54
2019-12-10,57.7
2019-12-11,59.92
2019-12-12,49.24
2019-12-13,61.92
2019-12-14,42.06
2019-12-15,46.41
2019-12-16,63.77
2019-12-17,51.31
2019-12-18,66.25
2019-12-19,48.09
2019-12-20,57.02
2019-12-21,52.52
2019-12-22,63.31
2019-12-23,68.62
2019-12-24,80.62
2019-12-25,58.38
2019-12-26,38.64
2019-12-27,49.14
2019-12-28,62.85
2019-12-29,72.67
2019-12-30,73.72
2019-12-31,68.57
2020-01-01,65.09
2020-01-02,60.26
2020-01-03,65.79
2020-01-04,55.05
2020-01-05,43.67
2020-01-06,74.23
2020-01-07,59.51
2020-01-08,37.56
2020-01-09,57.01
2020-01-10,65.95
2020-01-11,55.43
2020-01-12,50.54
2020-01-13,72.0
2020-01-14,85.45
2020-01-15,90.09
2020-01-16,74.82
2020-01-17,69.87
2020-01-18,59.79
2020-01-19,56.6
2020-01-20,58.42
2020-01-21,52.01
2020-01-22,55.34
2020-01-23,53.17
2020-01-24,60.35
2020-01-25,65.88
2020-01-26,55.09
2020-01-27,59.45
2020-01-28,80.21
2020-01-29,91.03
2020-01-30,88.7
2020-01-31,86.73
2020-02-01,71.66
2020-02-02,57.62
2020-02-03,68.97
2020-02-04,53.71
2020-02-05,62.33
2020-02-06,60.73
2020-02-07,56.28
2020-02-08,61.92
2020-02-09,60.54
2020-02-10,134.53
2020-02-11,70.15
2020-02-12,64.86
2020-02-13,69.38
2020-02-14,63.63
2020-02-15,70.41
2020-02-16,80.15
2020-02-17,82.96
2020-02-18,67.89
2020-02-19,67.59
2020-02-20,74.67
2020-02-21,62.19
2020-02-22,68.21
2020-02-23,49.54
2020-02-24,58.64
2020-02-25,61.57
2020-02-26,60.79
2020-02-27,59.85
2020-02-28,68.88
2020-02-29,123.28
2020-03-01,55.13
2020-03-02,59.61
2020-03-03,50.14
2020-03-04,88.17
2020-03-05,63.93
2020-03-06,58.67
2020-03-07,55.47
2020-03-08,54.46
2020-03-09,54.84
2020-03-10,62.34
2020-03-11,56.42
2020-03-12,59.96
2020-03-13,54.95
2020-03-14,60.48
2020-03-15,53.51
2020-03-16,60.2
2020-03-17,70.74
2020-03-18,47.79
2020-03-19,52.54
2020-03-20,61.65
2020-03-21,59.67
2020-03-22,49.53
2020-03-23,54.5
2020-03-24,41.48
2020-03-25,46.73
2020-03-26,46.63
2020-03-27,52.78
2020-03-28,54.61
2020-03-29,45.16
2020-03-30,48.86
2020-03-31,49.22
2020-04-01,48.32
2020-04-02,56.02
2020-04-03,56.3
2020-04-04,55.61
2020-04-05,46.5
2020-04-06,31.28
2020-04-07,35.34
2020-04-08,37.62
2020-04-09,45.18
2020-04-10,43.1
2020-04-11,49.68
2020-04-12,46.43
2020-04-13,52.42
2020-04-14,49.73
2020-04-15,35.83
2020-04-16,26.06
2020-04-17,26.14
2020-04-18,21.02
2020-04-19,20.13
2020-04-20,27.65
2020-04-21,31.6
2020-04-22,30.51
2020-04-23,35.6
2020-04-24,38.65
2020-04-25,41.47
2020-04-26,57.7
2020-04-27,34.27
2020-04-28,44.32
2020-04-29,34.48
2020-04-30,48.19
2020-05-01,43.59
2020-05-02,48.64
2020-05-03,47.16
2020-05-04,47.67
2020-05-05,54.3
2020-05-06,45.58
2020-05-07,47.43
2020-05-08,36.69
2020-05-09,39.05
2020-05-10,37.16
2020-05-11,34.67
2020-05-12,52.48
2020-05-13,29.49
2020-05-14,38.91
2020-05-15,40.97
2020-05-16,31.34
2020-05-17,40.82
2020-05-18,33.81
2020-05-19,44.22
2020-05-20,39.46
2020-05-21,29.47
2020-05-22,30.8
2020-05-23,37.29
2020-05-24,35.54
2020-05-25,47.13
2020-05-26,35.47
2020-05-27,41.6
2020-05-28,40.45
2020-05-29,32.58
2020-05-30,29.67
2020-05-31,17.71
2020-06-01,16.64
2020-06-02,22.06
2020-06-03,23.91
2020-06-04,34.41
2020-06-05,36.22
2020-06-06,23.4
2020-06-07,0.0
2020-06-08,0.0
2020-06-09,49.5
2020-06-10,45.57
2020-06-11,42.51
2020-06-12,48.84
2020-06-13,46.15
2020-06-14,34.44
2020-06-15,47.31
2020-06-16,46.31
2020-06-17,57.72
2020-06-18,48.74
2020-06-19,41.01
2020-06-20,40.99
2020-06-21,31.24
2020-06-22,34.27
2020-06-23,54.74
2020-06-24,67.22
2020-06-25,51.15
2020-06-26,32.5
2020-06-27,36.04
2020-06-28,43.97
2020-06-29,46.71
2020-06-30,41.53
2020-07-01,35.0
2016-07-01,82.5
2016-07-02,0.0
2016-07-03,0.0
2016-07-04,0.0
2016-07-05,68.0
2016-07-06,77.06
2016-07-07,84.31
2016-07-08,92.73
2016-07-09,77.65
2016-07-10,69.68
2016-07-11,70.52
2016-07-12,84.49
2016-07-13,75.77
2016-07-14,98.23
2016-07-15,103.08
2016-07-16,111.15
2016-07-17,94.44
2016-07-18,96.07
2016-07-19,80.51
2016-07-20,103.34
2016-07-21,57.56
2016-07-22,85.88
2016-07-23,83.02
2016-07-24,103.9
2016-07-25,58.38
2016-07-26,80.58
2016-07-27,66.8
2016-07-28,68.36
2016-07-29,81.96
2016-07-30,77.05
2016-07-31,68.42
2016-08-01,62.12
2016-08-02,44.53
2016-08-03,43.55
2016-08-04,52.09
2016-08-05,82.45
2016-08-06,89.99
2016-08-07,86.21
2016-08-08,92.09
2016-08-09,103.97
2016-08-10,96.36
2016-08-11,85.46
2016-08-12,107.82
2016-08-13,106.86
2016-08-14,93.6
2016-08-15,78.98
2016-08-16,80.46
2016-08-17,101.92
2016-08-18,102.19
2016-08-19,101.42
2016-08-20,102.06
2016-08-21,107.83
2016-08-22,111.73
2016-08-23,97.97
2016-08-24,89.86
2016-08-25,77.62
2016-08-26,72.64
2016-08-27,63.29
2016-08-28,32.93
2016-08-29,34.51
2016-08-30,35.2
2016-08-31,54.03
2016-09-01,66.39
2016-09-02,74.2
2016-09-03,57.16
2016-09-04,57.14
2016-09-05,101.71
2016-09-06,91.61
2016-09-07,94.73
2016-09-08,101.98
2016-09-09,91.88
2016-09-10,98.79
2016-09-11,88.89
2016-09-12,79.75
2016-09-13,54.42
2016-09-14,55.62
2016-09-15,27.95
2016-09-16,47.83
2016-09-17,71.78
2016-09-18,79.07
2016-09-19,92.91
2016-09-20,46.12
2016-09-21,29.45
2016-09-22,27.2
2016-09-23,33.15
2016-09-24,55.19
2016-09-25,51.23
2016-09-26,64.6
2016-09-27,103.15
2016-09-28,118.07
2016-09-29,92.72
2016-09-30,96.82
2016-10-01,72.92
2016-10-02,99.21
2016-10-03,113.21
2016-10-04,93.36
2016-10-05,101.42
2016-10-06,94.82
2016-10-07,79.35
2016-10-08,102.59
2016-10-09,87.66
2016-10-10,92.35
2016-10-11,83.88
2016-10-12,0.0
2016-10-13,107.77
2016-10-14,94.0
2016-10-15,0.0
2016-10-16,0.0
2016-10-17,115.67
2016-10-18,112.08
2016-10-19,105.53
2016-10-20,112.79
2016-10-21,101.08
2016-10-22,100.71
2016-10-23,103.08
2016-10-24,103.67
2016-10-25,108.64
2016-10-26,96.76
2016-10-27,101.06
2016-10-28,76.94
2016-10-29,81.9
2016-10-30,74.15
2016-10-31,96.69
2016-11-01,93.18
2016-11-02,65.46
2016-11-03,53.15
2016-11-04,30.1
2016-11-05,36.89
2016-11-06,92.4
2016-11-07,112.68
2016-11-08,105.6
2016-11-09,104.47
2016-11-10,101.39
2016-11-11,94.0
2016-11-12,94.0
2016-11-13,120.82
2016-11-14,115.91
2016-11-15,106.53
2016-11-16,108.85
2016-11-17,120.03
2016-11-18,122.95
2016-11-19,113.83
2016-11-20,107.4
2016-11-21,110.91
2016-11-22,100.06
2016-11-23,109.68
2016-11-24,102.75
2016-11-25,102.48
2016-11-26,96.29
2016-11-27,102.83
2016-11-28,105.94
2016-11-29,103.65
2016-11-30,99.53
2016-12-01,108.85
2016-12-02,80.48
2016-12-03,67.24
2016-12-04,93.04
2016-12-05,113.48
2016-12-06,77.91
2016-12-07,64.11
2016-12-08,80.16
2016-12-09,102.77
2016-12-10,116.72
2016-12-11,95.57
2016-12-12,71.42
2016-12-13,84.67
2016-12-14,102.67
2016-12-15,117.17
2016-12-16,113.57
2016-12-17,104.08
2016-12-18,107.2
2016-12-19,104.71
2016-12-20,100.85
2016-12-21,99.22
2016-12-22,102.33
2016-12-23,96.71
2016-12-24,123.67
2016-12-25,101.09
2016-12-26,127.14
2016-12-27,108.45
2016-12-28,94.0
2016-12-29,94.0
2016-12-30,94.0
2016-12-31,112.65
2017-01-01,97.56
2017-01-02,77.84
2017-01-03,101.33
2017-01-04,100.24
2017-01-05,105.73
2017-01-06,123.12
2017-01-07,88.98
2017-01-08,92.42
2017-01-09,95.9
2017-01-10,96.12
2017-01-11,97.03
2017-01-12,107.1
2017-01-13,111.64
2017-01-14,113.17
2017-01-15,123.73
2017-01-16,108.77
2017-01-17,111.45
2017-01-18,102.81
2017-01-19,107.71
2017-01-20,122.62
2017-01-21,120.43
2017-01-22,122.65
2017-01-23,114.71
2017-01-24,103.58
2017-01-25,118.21
2017-01-26,127.59
2017-01-27,106.33
2017-01-28,165.54
2017-01-29,109.16
2017-01-30,144.43
2017-01-31,154.56
2017-02-01,149.8
2017-02-02,125.5
2017-02-03,172.76
2017-02-04,170.32
2017-02-05,191.04
2017-02-06,159.65
2017-02-07,161.9
2017-02-08,177.05
2017-02-09,191.72
2017-02-10,158.52
2017-02-11,134.1
2017-02-12,92.38
2017-02-13,108.45
2017-02-14,122.19
2017-02-15,181.65
2017-02-16,205.91
2017-02-17,177.61
2017-02-18,171.09
2017-02-19,143.79
2017-02-20,138.38
2017-02-21,116.64
2017-02-22,110.73
2017-02-23,116.4
2017-02-24,93.34
2017-02-25,100.52
2017-02-26,120.28
2017-02-27,134.8
2017-02-28,124.23
2017-03-01,175.98
2017-03-02,142.93
2017-03-03,174.14
2017-03-04,115.14
2017-03-05,62.1
2017-03-06,53.71
2017-03-07,58.88
2017-03-08,42.65
2017-03-09,51.86
2017-03-10,61.07
2017-03-11,45.37
2017-03-12,82.12
2017-03-13,94.74
2017-03-14,78.96
2017-03-15,62.62
2017-03-16,78.56
2017-03-17,85.47
2017-03-18,99.17
2017-03-19,107.27
2017-03-20,109.69
2017-03-21,84.08
2017-03-22,92.46
2017-03-23,108.98
2017-03-24,123.59
2017-03-25,96.75
2017-03-26,0.0
2017-03-27,105.5
2017-03-28,116.29
2017-03-29,82.42
2017-03-30,92.82
2017-03-31,110.0
2017-04-01,96.5
2017-04-02,103.49
2017-04-03,75.36
2017-04-04,86.28
2017-04-05,96.82
2017-04-06,104.17
2017-04-07,99.45
2017-04-08,98.0
2017-04-09,66.79
2017-04-10,90.62
2017-04-11,81.5
2017-04-12,0.0
2017-04-13,0.0
2017-04-14,0.0
2017-04-15,0.0
2017-04-16,0.0
2017-04-17,0.0
2017-04-18,0.0
2017-04-19,0.0
2017-04-20,0.0
2017-04-21,0.0
2017-04-22,0.0
2017-04-23,0.0
2017-04-24,0.0
2017-04-25,0.0
2017-04-26,0.0
2017-04-27,0.0
2017-04-28,0.0
2017-04-29,0.0
2017-04-30,0.0
2017-05-01,0.0
2017-05-02,0.0
2017-05-03,0.0
2017-05-04,0.0
2017-05-05,0.0
2017-05-06,0.0
2017-05-07,0.0
2017-05-08,0.0
2017-05-09,0.0
2017-05-10,0.0
2017-05-11,0.0
2017-05-12,0.0
2017-05-13,0.0
2017-05-14,0.0
2017-05-15,0.0
2017-05-16,0.0
2017-05-17,0.0
2017-05-18,0.0
2017-05-19,0.0
2017-05-20,0.0
2017-05-21,0.0
2017-05-22,0.0
2017-05-23,0.0
2017-05-24,0.0
2017-05-25,0.0
2017-05-26,0.0
2017-05-27,0.0
2017-05-28,0.0
2017-05-29,0.0
2017-05-30,0.0
2017-05-31,0.0
2017-06-01,0.0
2017-06-02,0.0
2017-06-03,0.0
2017-06-04,0.0
2017-06-05,0.0
2017-06-06,0.0
2017-06-07,0.0
2017-06-08,0.0
2017-06-09,0.0
2017-06-10,0.0
2017-06-11,0.0
2017-06-12,0.0
2017-06-13,0.0
2017-06-14,0.0
2017-06-15,0.0
2017-06-16,0.0
2017-06-17,0.0
2017-06-18,0.0
2017-06-19,0.0
2017-06-20,0.0
2017-06-21,0.0
2017-06-22,0.0
2017-06-23,0.0
2017-06-24,0.0
2017-06-25,0.0
2017-06-26,0.0
2017-06-27,0.0
2017-06-28,0.0
2017-06-29,0.0
2017-06-30,0.0
2017-07-01,0.0
2017-07-02,0.0
2017-07-03,0.0
2017-07-04,0.0
2017-07-05,0.0
2017-07-06,0.0
2017-07-07,0.0
2017-07-08,0.0
2017-07-09,0.0
2017-07-10,0.0
2017-07-11,0.0
2017-07-12,0.0
2017-07-13,0.0
2017-07-14,0.0
2017-07-15,0.0
2017-07-16,0.0
2017-07-17,0.0
2017-07-18,0.0
2017-07-19,0.0
2017-07-20,0.0
2017-07-21,0.0
2017-07-22,0.0
2017-07-23,0.0
2017-07-24,0.0
2017-07-25,0.0
2017-07-26,0.0
2017-07-27,0.0
2017-07-28,0.0
2017-07-29,0.0
2017-07-30,0.0
2017-07-31,0.0
2017-08-01,0.0
2017-08-02,0.0
2017-08-03,0.0
2017-08-04,0.0
2017-08-05,0.0
2017-08-06,0.0
2017-08-07,0.0
2017-08-08,0.0
2017-08-09,0.0
2017-08-10,0.0
2017-08-11,0.0
2017-08-12,0.0
2017-08-13,0.0
2017-08-14,0.0
2017-08-15,0.0
2017-08-16,0.0
2017-08-17,0.0
2017-08-18,0.0
2017-08-19,0.0
2017-08-20,0.0
2017-08-21,0.0
2017-08-22,0.0
2017-08-23,0.0
2017-08-24,0.0
2017-08-25,0.0
2017-08-26,0.0
2017-08-27,0.0
2017-08-28,0.0
2017-08-29,0.0
2017-08-30,0.0
2017-08-31,0.0
2017-09-01,0.0
2017-09-02,0.0
2017-09-03,0.0
2017-09-04,0.0
2017-09-05,0.0
2017-09-06,0.0
2017-09-07,0.0
2017-09-08,0.0
2017-09-09,0.0
2017-09-10,0.0
2017-09-11,0.0
2017-09-12,0.0
2017-09-13,0.0
2017-09-14,0.0
2017-09-15,0.0
2017-09-16,0.0
2017-09-17,0.0
2017-09-18,0.0
2017-09-19,0.0
2017-09-20,0.0
2017-09-21,0.0
2017-09-22,0.0
2017-09-23,0.0
2017-09-24,0.0
2017-09-25,0.0
2017-09-26,0.0
2017-09-27,0.0
2017-09-28,0.0
2017-09-29,0.0
2017-09-30,0.0
2017-10-01,44.56
2017-10-02,52.29
2017-10-03,41.55
2017-10-04,56.15
2017-10-05,26.0
2017-10-06,21.41
2017-10-07,35.62
2017-10-08,30.0
2017-10-09,30.57
2017-10-10,0.0
2017-10-11,0.0
2017-10-12,0.0
2017-10-13,0.0
2017-10-14,0.0
2017-10-15,0.0
2017-10-16,0.0
2017-10-17,0.0
2017-10-18,0.0
2017-10-19,102.42
2017-10-20,0.0
2017-10-21,138.58
2017-10-22,0.0
2017-10-23,95.65
2017-10-24,36.0
2017-10-25,0.0
2017-10-26,0.0
2017-10-27,46.0
2017-10-28,0.0
2017-10-29,0.0
2017-10-30,0.0
2017-10-31,119.76
2017-11-01,96.39
2017-11-02,100.96
2017-11-03,83.03
2017-11-04,67.98
2017-11-05,57.01
2017-11-06,48.12
2017-11-07,55.26
2017-11-08,61.49
2017-11-09,81.14
2017-11-10,97.61
2017-11-11,109.46
2017-11-12,98.27
2017-11-13,72.5
2017-11-14,54.72
2017-11-15,27.08
2017-11-16,22.89
2017-11-17,18.72
2017-11-18,28.9
2017-11-19,28.67
2017-11-20,28.68
2017-11-21,61.47
2017-11-22,106.56
2017-11-23,130.08
2017-11-24,138.21
2017-11-25,119.5
2017-11-26,124.86
2017-11-27,125.91
2017-11-28,172.13
2017-11-29,133.9
2017-11-30,92.98
2017-12-01,126.25
2017-12-02,124.88
2017-12-03,114.81
2017-12-04,123.44
2017-12-05,184.65
2017-12-06,178.5
2017-12-07,141.02
2017-12-08,112.99
2017-12-09,111.86
2017-12-10,160.8
2017-12-11,126.78
2017-12-12,128.31
2017-12-13,149.08
2017-12-14,97.69
2017-12-15,97.87
2017-12-16,163.67
2017-12-17,181.98
2017-12-18,139.11
2017-12-19,121.39
2017-12-20,137.31
2017-12-21,110.88
2017-12-22,178.94
2017-12-23,195.51
2017-12-24,183.31
2017-12-25,168.7
2017-12-26,202.38
2017-12-27,176.88
2017-12-28,195.79
2017-12-29,103.4
2017-12-30,100.61
2017-12-31,113.01
2018-01-01,99.04
2018-01-02,106.57
2018-01-03,132.6
2018-01-04,234.51
2018-01-05,183.69
2018-01-06,218.15
2018-01-07,200.4
2018-01-08,196.05
2018-01-09,116.56
2018-01-10,191.53
2018-01-11,289.19
2018-01-12,254.08
2018-01-13,210.61
2018-01-14,283.0
2018-01-15,203.02
2018-01-16,233.26
2018-01-17,200.75
2018-01-18,168.22
2018-01-19,187.51
2018-01-20,249.97
2018-01-21,199.35
2018-01-22,213.01
2018-01-23,262.9
2018-01-24,0.0
2018-01-25,0.0
2018-01-26,0.0
2018-01-27,124.52
2018-01-28,152.19
2018-01-29,156.83
2018-01-30,202.2
2018-01-31,187.71
2018-02-01,168.36
2018-02-02,210.94
2018-02-03,205.06
2018-02-04,191.95
2018-02-05,179.27
2018-02-06,183.64
2018-02-07,139.55
2018-02-08,114.01
2018-02-09,125.65
2018-02-10,119.12
2018-02-11,129.71
2018-02-12,116.58
2018-02-13,122.26
2018-02-14,113.91
2018-02-15,169.98
2018-02-16,150.5
2018-02-17,155.27
2018-02-18,112.92
2018-02-19,143.59
2018-02-20,161.53
2018-02-21,183.23
2018-02-22,194.15
2018-02-23,188.84
2018-02-24,256.85
2018-02-25,250.5
2018-02-26,171.6
2018-02-27,136.39
2018-02-28,151.74
2018-03-01,149.89
2018-03-02,138.5
2018-03-03,124.78
2018-03-04,118.47
2018-03-05,133.72
2018-03-06,123.68
2018-03-07,147.36
2018-03-08,96.61
2018-03-09,84.41
2018-03-10,143.53
2018-03-11,142.07
2018-03-12,125.83
2018-03-13,122.96
2018-03-14,123.78
2018-03-15,107.78
2018-03-16,83.23
2018-03-17,175.91
2018-03-18,157.14
2018-03-19,108.03
2018-03-20,106.51
2018-03-21,120.63
2018-03-22,108.06
2018-03-23,139.74
2018-03-24,115.06
2018-03-25,97.95
2018-03-26,114.38
2018-03-27,107.48
2018-03-28,74.44
2018-03-29,67.21
2018-03-30,75.32
2018-03-31,94.22
2018-04-01,88.07
2018-04-02,87.32
2018-04-03,55.07
2018-04-04,69.72
2018-04-05,71.41
2018-04-06,102.08
2018-04-07,82.95
2018-04-08,42.92
2018-04-09,89.78
2018-04-10,97.93
2018-04-11,69.38
2018-04-12,54.98
2018-04-13,83.68
2018-04-14,55.15
2018-04-15,54.14
2018-04-16,57.66
2018-04-17,85.09
2018-04-18,66.45
2018-04-19,65.64
2018-04-20,69.43
2018-04-21,83.35
2018-04-22,66.29
2018-04-23,107.32
2018-04-24,86.19
2018-04-25,87.92
2018-04-26,81.58
2018-04-27,52.24
2018-04-28,54.07
2018-04-29,69.48
2018-04-30,60.54
2018-05-01,58.94
2018-05-02,127.69
2018-05-03,75.02
2018-05-04,81.52
2018-05-05,72.55
2018-05-06,77.05
2018-05-07,72.27
2018-05-08,87.8
2018-05-09,81.33
2018-05-10,94.77
2018-05-11,58.97
2018-05-12,64.46
2018-05-13,71.82
2018-05-14,56.46
2018-05-15,87.91
2018-05-16,78.44
2018-05-17,71.64
2018-05-18,89.72
2018-05-19,84.06
2018-05-20,76.61
2018-05-21,73.38
2018-05-22,66.39
2018-05-23,53.12
2018-05-24,50.59
2018-05-25,39.54
2018-05-26,31.62
2018-05-27,43.25
2018-05-28,76.72
2018-05-29,80.88
2018-05-30,106.22
2018-05-31,107.24
2018-06-01,102.24
2018-06-02,86.36
2018-06-03,121.95
2018-06-04,89.52
2018-06-05,144.62
2018-06-06,84.35
2018-06-07,68.43
2018-06-08,124.02
2018-06-09,83.33
2018-06-10,66.84
2018-06-11,87.54
2018-06-12,100.2
2018-06-13,136.51
2018-06-14,148.5
2018-06-15,188.11
2018-06-16,173.25
2018-06-17,0.0
2018-06-18,0.0
2018-06-19,78.35
2018-06-20,129.48
2018-06-21,106.31
2018-06-22,74.19
2018-06-23,97.3
2018-06-24,95.68
2018-06-25,113.06
2018-06-26,101.23
2018-06-27,113.38
2018-06-28,70.27
2018-06-29,84.65
2018-06-30,79.51
2018-07-01,91.28
2018-07-02,79.9
2018-07-03,86.26
2018-07-04,102.52
2018-07-05,91.04
2018-07-06,71.62
2018-07-07,101.2
2018-07-08,80.16
2018-07-09,88.43
2018-07-10,82.39
2018-07-11,84.57
2018-07-12,70.56
2018-07-13,82.2
2018-07-14,84.99
2018-07-15,49.03
2018-07-16,99.19
2018-07-17,74.76
2018-07-18,82.04
2018-07-19,58.77
2018-07-20,67.82
2018-07-21,59.59
2018-07-22,91.42
2018-07-23,138.91
2018-07-24,137.9
2018-07-25,128.51
2018-07-26,150.92
2018-07-27,127.79
2018-07-28,108.84
2018-07-29,127.5
2018-07-30,157.0
2018-07-31,163.0
2018-08-01,239.38
2018-08-02,109.01
2018-08-03,165.01
2018-08-04,166.88
2018-08-05,115.41
2018-08-06,140.55
2018-08-07,83.09
2018-08-08,82.99
2018-08-09,109.74
2018-08-10,107.32
2018-08-11,71.82
2018-08-12,49.71
2018-08-13,49.8
2018-08-14,82.02
2018-08-15,0.0
2018-08-16,111.67
2018-08-17,69.31
2018-08-18,68.96
2018-08-19,52.3
2018-08-20,53.92
2018-08-21,48.4
2018-08-22,67.02
2018-08-23,71.25
2018-08-24,39.0
2018-08-25,93.42
2018-08-26,0.0
2018-08-27,96.32
2018-08-28,108.88
2018-08-29,133.73
2018-08-30,110.32
2018-08-31,125.77
2018-09-01,84.6
2018-09-02,99.71
2018-09-03,104.47
2018-09-04,101.34
2018-09-05,91.6
2018-09-06,133.49
2018-09-07,105.99
2018-09-08,134.82
2018-09-09,165.7
2018-09-10,123.99
2018-09-11,100.31
2018-09-12,114.28
2018-09-13,109.78
2018-09-14,117.69
2018-09-15,147.66
2018-09-16,192.29
2018-09-17,79.99
2018-09-18,104.04
2018-09-19,129.97
2018-09-20,105.67
2018-09-21,74.29
2018-09-22,71.96
2018-09-23,101.61
2018-09-24,77.84
2018-09-25,79.11
2018-09-26,104.24
2018-09-27,92.5
2018-09-28,55.55
2018-09-29,86.03
2018-09-30,119.12
2018-10-01,125.23
2018-10-02,137.38
2018-10-03,104.29
2018-10-04,141.49
2018-10-05,154.36
2018-10-06,181.76
2018-10-07,155.0
2018-10-08,122.81
2018-10-09,126.5
2018-10-10,93.9
2018-10-11,137.83
2018-10-12,110.35
2018-10-13,118.55
2018-10-14,99.35
2018-10-15,100.07
2018-10-16,83.99
2018-10-17,89.9
2018-10-18,164.46
2018-10-19,209.56
2018-10-20,187.53
2018-10-21,213.95
2018-10-22,250.11
2018-10-23,249.15
2018-10-24,226.33
2018-10-25,198.9
2018-10-26,123.25
2018-10-27,208.22
2018-10-28,107.47
2018-10-29,70.48
2018-10-30,72.83
2018-10-31,49.88
2018-11-01,32.91
2018-11-02,36.49
2018-11-03,29.02
2018-11-04,28.92
2018-11-05,38.83
2018-11-06,89.68
2018-11-07,160.09
2018-11-08,196.15
2018-11-09,108.47
2018-11-10,160.33
2018-11-11,141.5
2018-11-12,157.27
2018-11-13,120.8
2018-11-14,131.34
2018-11-15,108.41
2018-11-16,111.88
2018-11-17,138.21
2018-11-18,97.11
2018-11-19,88.83
2018-11-20,94.72
2018-11-21,0.0
2018-11-22,0.0
2018-11-23,0.0
2018-11-24,0.0
2018-11-25,0.0
2018-11-26,0.0
2018-11-27,0.0
2018-11-28,0.0
2018-11-29,0.0
2018-11-30,101.29
2018-12-01,120.39
2018-12-02,0.0
2018-12-03,0.0
2018-12-04,143.07
2018-12-05,148.52
2018-12-06,154.93
2018-12-07,0.0
2018-12-08,166.15
2018-12-09,180.89
2018-12-10,155.66
2018-12-11,141.28
2018-12-12,122.47
2018-12-13,135.92
2018-12-14,144.93
2018-12-15,168.15
2018-12-16,107.74
2018-12-17,42.28
2018-12-18,24.42
2018-12-19,26.8
2018-12-20,46.15
2018-12-21,76.9
2018-12-22,97.28
2018-12-23,132.35
2018-12-24,141.81
2018-12-25,197.54
2018-12-26,193.27
2018-12-27,195.18
2018-12-28,179.35
2018-12-29,137.85
2018-12-30,116.5
2018-12-31,147.92
2019-01-01,278.71
2019-01-02,265.78
2019-01-03,285.83
2019-01-04,244.16
2019-01-05,170.85
2019-01-06,199.8
2019-01-07,250.09
2019-01-08,297.86
2019-01-09,285.72
2019-01-10,227.11
2019-01-11,161.56
2019-01-12,203.73
2019-01-13,206.55
2019-01-14,306.16
2019-01-15,269.04
2019-01-16,185.07
2019-01-17,213.54
2019-01-18,253.02
2019-01-19,228.39
2019-01-20,267.76
2019-01-21,283.17
2019-01-22,254.44
2019-01-23,137.7
2019-01-24,233.08
2019-01-25,198.95
2019-01-26,56.4
2019-01-27,129.08
2019-01-28,138.65
2019-01-29,127.43
2019-01-30,117.96
2019-01-31,106.17
2019-02-01,106.93
2019-02-02,212.2
2019-02-03,245.56
2019-02-04,144.15
2019-02-05,243.2
2019-02-06,275.41
2019-02-07,278.92
2019-02-08,221.69
2019-02-09,140.91
2019-02-10,0.0
2019-02-11,124.13
2019-02-12,126.53
2019-02-13,124.4
2019-02-14,178.56
2019-02-15,94.34
2019-02-16,138.24
2019-02-17,109.68
2019-02-18,100.88
2019-02-19,71.67
2019-02-20,86.76
2019-02-21,115.7
2019-02-22,118.58
2019-02-23,128.17
2019-02-24,144.36
2019-02-25,165.39
2019-02-26,169.83
2019-02-27,0.0
2019-02-28,0.0
2019-03-01,46.46
2019-03-02,52.28
2019-03-03,69.05
2019-03-04,87.02
2019-03-05,91.01
2019-03-06,111.52
2019-03-07,93.77
2019-03-08,81.68
2019-03-09,96.17
2019-03-10,75.6
2019-03-11,93.11
2019-03-12,123.07
2019-03-13,133.44
2019-03-14,159.08
2019-03-15,116.19
2019-03-16,95.94
2019-03-17,105.79
2019-03-18,79.98
2019-03-19,100.66
2019-03-20,72.87
2019-03-21,66.43
2019-03-22,115.06
2019-03-23,105.29
2019-03-24,108.14
2019-03-25,89.98
2019-03-26,64.93
2019-03-27,76.36
2019-03-28,93.56
2019-03-29,102.51
2019-03-30,104.69
2019-03-31,133.71
2019-04-01,133.41
2019-04-02,103.06
2019-04-03,89.44
2019-04-04,103.61
2019-04-05,77.64
2019-04-06,109.5
2019-04-07,85.39
2019-04-08,79.8
2019-04-09,81.76
2019-04-10,99.18
2019-04-11,0.0
2019-04-12,97.07
2019-04-13,106.57
2019-04-14,85.16
2019-04-15,107.04
2019-04-16,120.82
2019-04-17,116.16
2019-04-18,102.2
2019-04-19,68.45
2019-04-20,73.93
2019-04-21,86.99
2019-04-22,78.81
2019-04-23,68.03
2019-04-24,60.43
2019-04-25,114.06
2019-04-26,120.33
2019-04-27,96.85
2019-04-28,104.1
2019-04-29,65.88
2019-04-30,52.79
2019-05-01,50.34
2019-05-02,55.1
2019-05-03,198.42
2019-05-04,180.09
2019-05-05,220.1
2019-05-06,216.54
2019-05-07,194.4
2019-05-08,183.91
2019-05-09,188.33
2019-05-10,171.44
2019-05-11,163.64
2019-05-12,147.05
2019-05-13,168.58
2019-05-14,122.82
2019-05-15,113.4
2019-05-16,130.06
2019-05-17,127.26
2019-05-18,139.76
2019-05-19,124.52
2019-05-20,105.97
2019-05-21,117.35
2019-05-22,120.24
2019-05-23,103.66
2019-05-24,104.97
2019-05-25,123.66
2019-05-26,131.82
2019-05-27,127.6
2019-05-28,117.65
2019-05-29,112.15
2019-05-30,103.26
2019-05-31,107.98
2019-06-01,106.33
2019-06-02,137.62
2019-06-03,101.8
2019-06-04,113.64
2019-06-05,126.08
2019-06-06,123.12
2019-06-07,127.45
2019-06-08,118.95
2019-06-09,133.27
2019-06-10,116.44
2019-06-11,113.19
2019-06-12,131.6
2019-06-13,94.44
2019-06-14,130.58
2019-06-15,138.02
2019-06-16,141.42
2019-06-17,100.52
2019-06-18,120.64
2019-06-19,196.5
2019-06-20,105.75
2019-06-21,66.8
2019-06-22,114.49
2019-06-23,81.53
2019-06-24,71.35
2019-06-25,61.28
2019-06-26,84.08
2019-06-27,105.25
2019-06-28,106.57
2019-06-29,91.36
2019-06-30,77.9
2019-07-01,96.54
2019-07-02,92.4
2019-07-03,141.22
2019-07-04,139.81
2019-07-05,85.62
2019-07-06,91.73
2019-07-07,139.65
2019-07-08,100.5
2019-07-09,192.31
2019-07-10,121.6
2019-07-11,106.83
2019-07-12,95.85
2019-07-13,118.77
2019-07-14,84.28
2019-07-15,103.5
2019-07-16,130.91
2019-07-17,161.99
2019-07-18,106.84
2019-07-19,110.31
2019-07-20,71.59
2019-07-21,48.5
2019-07-22,47.3
2019-07-23,50.23
2019-07-24,102.17
2019-07-25,81.88
2019-07-26,49.3
2019-07-27,54.79
2019-07-28,50.55
2019-07-29,70.71
2019-07-30,96.67
2019-07-31,124.88
2019-08-01,90.2
2019-08-02,58.85
2019-08-03,49.19
2019-08-04,92.72
2019-08-05,57.12
2019-08-06,44.55
2019-08-07,26.19
2019-08-08,82.32
2019-08-09,103.55
2019-08-10,104.83
2019-08-11,82.66
2019-08-12,110.48
2019-08-13,100.88
2019-08-14,101.57
2019-08-15,162.64
2019-08-16,78.38
2019-08-17,108.8
2019-08-18,91.54
2019-08-19,107.54
2019-08-20,128.99
2019-08-21,93.0
2019-08-22,81.31
2019-08-23,124.19
2019-08-24,84.5
2019-08-25,57.94
2019-08-26,149.3
2019-08-27,105.31
2019-08-28,106.67
2019-08-29,0.0
2019-08-30,0.0
2019-08-31,0.0
2019-09-01,0.0
2019-09-02,0.0
2019-09-03,0.0
2019-09-04,0.0
2019-09-05,71.23
2019-09-06,52.18
2019-09-07,52.41
2019-09-08,80.31
2019-09-09,108.49
2019-09-10,106.76
2019-09-11,98.36
2019-09-12,91.75
2019-09-13,97.09
2019-09-14,93.44
2019-09-15,85.61
2019-09-16,98.42
2019-09-17,66.68
2019-09-18,45.52
2019-09-19,27.66
2019-09-20,37.77
2019-09-21,80.12
2019-09-22,31.12
2019-09-23,20.53
2019-09-24,31.34
2019-09-25,34.22
2019-09-26,50.1
2019-09-27,116.42
2019-09-28,43.1
2019-09-29,78.88
2019-09-30,99.56
2019-10-01,87.41
2019-10-02,89.36
2019-10-03,185.5
2019-10-04,109.12
2019-10-05,114.53
2019-10-06,88.4
2019-10-07,81.94
2019-10-08,157.35
2019-10-09,34.04
2019-10-10,80.25
2019-10-11,99.34
2019-10-12,112.85
2019-10-13,161.21
2019-10-14,46.85
2019-10-15,72.39
2019-10-16,56.18
2019-10-17,20.34
2019-10-18,22.06
2019-10-19,23.93
2019-10-20,17.65
2019-10-21,23.78
2019-10-22,26.01
2019-10-23,8.16
2019-10-24,63.4
2019-10-25,88.58
2019-10-26,60.5
2019-10-27,192.8
2019-10-28,61.36
2019-10-29,50.3
2019-10-30,69.57
2019-10-31,109.0
2019-11-01,144.14
2019-11-02,157.26
2019-11-03,259.91
2019-11-04,194.85
2019-11-05,252.29
2019-11-06,183.4
2019-11-07,153.08
2019-11-08,174.76
2019-11-09,142.8
2019-11-10,88.54
2019-11-11,98.86
2019-11-12,104.19
2019-11-13,78.79
2019-11-14,104.68
2019-11-15,108.74
2019-11-16,111.17
2019-11-17,92.64
2019-11-18,85.5
2019-11-19,129.85
2019-11-20,120.93
2019-11-21,101.16
2019-11-22,100.93
2019-11-23,119.7
2019-11-24,147.0
2019-11-25,150.87
2019-11-26,148.19
2019-11-27,119.26
2019-11-28,80.81
2019-11-29,105.51
2019-11-30,102.9
2019-12-01,94.56
2019-12-02,113.55
2019-12-03,125.12
2019-12-04,113.04
2019-12-05,129.34
2019-12-06,110.56
2019-12-07,73.78
2019-12-08,48.31
2019-12-09,48.71
2019-12-10,95.84
2019-12-11,96.94
2019-12-12,112.54
2019-12-13,110.43
2019-12-14,71.34
2019-12-15,54.86
2019-12-16,84.0
2019-12-17,121.94
2019-12-18,126.76
2019-12-19,124.21
2019-12-20,118.43
2019-12-21,145.62
2019-12-22,0.0
2019-12-23,0.0
2019-12-24,0.0
2019-12-25,0.0
2019-12-26,0.0
2019-12-27,0.0
2019-12-28,0.0
2019-12-29,0.0
2019-12-30,0.0
2019-12-31,99.33
2020-01-01,108.15
2020-01-02,90.22
2020-01-03,92.39
2020-01-04,50.19
2020-01-05,43.09
2020-01-06,87.02
2020-01-07,102.77
2020-01-08,93.16
2020-01-09,209.75
2020-01-10,87.2
2020-01-11,138.17
2020-01-12,125.02
2020-01-13,234.22
2020-01-14,326.4
2020-01-15,180.44
2020-01-16,103.17
2020-01-17,81.3
2020-01-18,81.73
2020-01-19,92.98
2020-01-20,79.86
2020-01-21,54.82
2020-01-22,107.42
2020-01-23,166.18
2020-01-24,177.62
2020-01-25,142.02
2020-01-26,128.35
2020-01-27,117.45
2020-01-28,136.94
2020-01-29,119.24
2020-01-30,105.92
2020-01-31,110.18
2020-02-01,66.31
2020-02-02,50.95
2020-02-03,54.88
2020-02-04,71.06
2020-02-05,128.79
2020-02-06,64.27
2020-02-07,103.55
2020-02-08,54.27
2020-02-09,47.32
2020-02-10,59.32
2020-02-11,98.66
2020-02-12,106.88
2020-02-13,179.96
2020-02-14,131.84
2020-02-15,143.74
2020-02-16,111.72
2020-02-17,121.58
2020-02-18,107.09
2020-02-19,92.06
2020-02-20,69.95
2020-02-21,59.7
2020-02-22,70.91
2020-02-23,125.81
2020-02-24,153.34
2020-02-25,76.4
2020-02-26,107.91
2020-02-27,58.33
2020-02-28,117.11
2020-02-29,131.04
2020-03-01,125.65
2020-03-02,104.45
2020-03-03,151.4
2020-03-04,110.01
2020-03-05,47.95
2020-03-06,40.46
2020-03-07,36.93
2020-03-08,71.21
2020-03-09,55.45
2020-03-10,46.4
2020-03-11,58.97
2020-03-12,56.3
2020-03-13,51.15
2020-03-14,80.28
2020-03-15,98.12
2020-03-16,111.92
2020-03-17,113.8
2020-03-18,98.93
2020-03-19,115.14
2020-03-20,67.96
2020-03-21,60.98
2020-03-22,69.26
2020-03-23,42.84
2020-03-24,95.32
2020-03-25,65.07
2020-03-26,57.46
2020-03-27,90.8
2020-03-28,85.01
2020-03-29,57.42
2020-03-30,65.48
2020-03-31,52.17
2020-04-01,76.29
2020-04-02,66.29
2020-04-03,74.16
2020-04-04,57.81
2020-04-05,52.05
2020-04-06,43.83
2020-04-07,47.4
2020-04-08,30.07
2020-04-09,54.42
2020-04-10,68.95
2020-04-11,38.99
2020-04-12,44.33
2020-04-13,67.82
2020-04-14,65.8
2020-04-15,73.21
2020-04-16,78.22
2020-04-17,63.94
2020-04-18,51.65
2020-04-19,56.17
2020-04-20,35.35
2020-04-21,51.36
2020-04-22,32.8
2020-04-23,37.46
2020-04-24,0.0
2020-04-25,0.0
2020-04-26,31.3
2020-04-27,40.29
2020-04-28,46.6
2020-04-29,46.54
2020-04-30,66.09
2020-05-01,48.54
2020-05-02,78.4
2020-05-03,67.79
2020-05-04,68.24
2020-05-05,45.07
2020-05-06,45.89
2020-05-07,51.48
2020-05-08,50.8
2020-05-09,40.67
2020-05-10,58.2
2020-05-11,51.69
2020-05-12,42.63
2020-05-13,50.06
2020-05-14,45.86
2020-05-15,42.11
2020-05-16,17.99
2020-05-17,17.76
2020-05-18,36.23
2020-05-19,76.7
2020-05-20,203.26
2020-05-21,150.21
2020-05-22,90.94
2020-05-23,81.11
2020-05-24,72.39
2020-05-25,75.86
2020-05-26,68.72
2020-05-27,121.23
2020-05-28,102.0
2020-05-29,62.53
2020-05-30,84.8
2020-05-31,79.53
2020-06-01,81.88
2020-06-02,43.3
2020-06-03,102.58
2020-06-04,77.06
2020-06-05,112.53
2020-06-06,74.97
2020-06-07,101.97
2020-06-08,125.15
2020-06-09,85.41
2020-06-10,79.28
2020-06-11,98.53
2020-06-12,76.27
2020-06-13,86.77
2020-06-14,83.23
2020-06-15,100.53
2020-06-16,80.51
2020-06-17,73.22
2020-06-18,88.8
2020-06-19,66.81
2020-06-20,86.29
2020-06-21,91.75
2020-06-22,108.22
2020-06-23,83.38
2020-06-24,90.9
2020-06-25,58.54
2020-06-26,32.27
2020-06-27,50.94
2020-06-28,74.09
2020-06-29,65.73
2020-06-30,49.97
2020-07-01,66.0
