Date,PM2.5
2015-01-01,0.0
2015-01-02,0.0
2015-01-03,0.0
2015-01-04,0.0
2015-01-05,0.0
2015-01-06,0.0
2015-01-07,0.0
2015-01-08,0.0
2015-01-09,0.0
2015-01-10,0.0
2015-01-11,0.0
2015-01-12,0.0
2015-01-13,0.0
2015-01-14,0.0
2015-01-15,0.0
2015-01-16,0.0
2015-01-17,0.0
2015-01-18,0.0
2015-01-19,0.0
2015-01-20,0.0
2015-01-21,0.0
2015-01-22,0.0
2015-01-23,0.0
2015-01-24,0.0
2015-01-25,0.0
2015-01-26,0.0
2015-01-27,0.0
2015-01-28,73.24
2015-01-29,83.13
2015-01-30,79.84
2015-01-31,94.52
2015-02-01,135.99
2015-02-02,178.33
2015-02-03,139.7
2015-02-04,80.65
2015-02-05,58.36
2015-02-06,79.29
2015-02-07,88.7
2015-02-08,74.28
2015-02-09,113.93
2015-02-10,105.39
2015-02-11,66.52
2015-02-12,65.04
2015-02-13,103.36
2015-02-14,177.33
2015-02-15,113.25
2015-02-16,99.7
2015-02-17,80.61
2015-02-18,100.79
2015-02-19,107.99
2015-02-20,140.29
2015-02-21,239.96
2015-02-22,142.96
2015-02-23,238.41
2015-02-24,118.72
2015-02-25,52.99
2015-02-26,0.0
2015-02-27,0.0
2015-02-28,0.0
2015-03-01,61.12
2015-03-02,60.78
2015-03-03,91.83
2015-03-04,93.88
2015-03-05,173.01
2015-03-06,0.0
2015-03-07,105.45
2015-03-08,71.56
2015-03-09,119.8
2015-03-10,106.71
2015-03-11,118.49
2015-03-12,106.01
2015-03-13,97.34
2015-03-14,83.92
2015-03-15,49.51
2015-03-16,30.76
2015-03-17,50.29
2015-03-18,57.69
2015-03-19,105.06
2015-03-20,94.1
2015-03-21,111.89
2015-03-22,108.59
2015-03-23,130.76
2015-03-24,143.55
2015-03-25,165.07
2015-03-26,166.85
2015-03-27,147.38
2015-03-28,158.25
2015-03-29,237.76
2015-03-30,133.37
2015-03-31,133.3
2015-04-01,96.04
2015-04-02,77.69
2015-04-03,53.07
2015-04-04,63.11
2015-04-05,156.76
2015-04-06,120.96
2015-04-07,138.63
2015-04-08,144.36
2015-04-09,85.03
2015-04-10,134.6
2015-04-11,61.06
2015-04-12,39.42
2015-04-13,111.86
2015-04-14,58.37
2015-04-15,95.37
2015-04-16,141.3
2015-04-17,106.68
2015-04-18,109.48
2015-04-19,126.04
2015-04-20,71.22
2015-04-21,97.87
2015-04-22,63.38
2015-04-23,75.29
2015-04-24,80.9
2015-04-25,103.29
2015-04-26,107.5
2015-04-27,161.14
2015-04-28,102.58
2015-04-29,138.42
2015-04-30,129.04
2015-05-01,96.65
2015-05-02,126.77
2015-05-03,106.15
2015-05-04,86.31
2015-05-05,83.99
2015-05-06,65.11
2015-05-07,51.03
2015-05-08,38.73
2015-05-09,61.12
2015-05-10,58.44
2015-05-11,61.49
2015-05-12,65.39
2015-05-13,100.92
2015-05-14,97.48
2015-05-15,129.27
2015-05-16,129.58
2015-05-17,100.57
2015-05-18,130.34
2015-05-19,53.24
2015-05-20,42.0
2015-05-21,50.1
2015-05-22,83.69
2015-05-23,38.88
2015-05-24,46.89
2015-05-25,70.96
2015-05-26,53.66
2015-05-27,45.49
2015-05-28,60.86
2015-05-29,51.93
2015-05-30,77.87
2015-05-31,57.59
2015-06-01,77.22
2015-06-02,45.29
2015-06-03,103.78
2015-06-04,25.14
2015-06-05,87.03
2015-06-06,89.6
2015-06-07,80.69
2015-06-08,44.75
2015-06-09,38.11
2015-06-10,45.5
2015-06-11,36.98
2015-06-12,43.58
2015-06-13,45.49
2015-06-14,38.06
2015-06-15,45.41
2015-06-16,37.71
2015-06-17,32.37
2015-06-18,34.74
2015-06-19,32.56
2015-06-20,29.28
2015-06-21,20.46
2015-06-22,26.07
2015-06-23,21.43
2015-06-24,11.91
2015-06-25,57.75
2015-06-26,66.39
2015-06-27,62.61
2015-06-28,47.5
2015-06-29,111.8
2015-06-30,30.0
2015-07-01,4.66
2015-07-02,48.72
2015-07-03,49.7
2015-07-04,48.1
2015-07-05,47.43
2015-07-06,51.74
2015-07-07,42.68
2015-07-08,38.45
2015-07-09,46.69
2015-07-10,55.27
2015-07-11,149.03
2015-07-12,86.57
2015-07-13,111.77
2015-07-14,151.4
2015-07-15,51.35
2015-07-16,65.37
2015-07-17,56.28
2015-07-18,48.17
2015-07-19,33.56
2015-07-20,31.3
2015-07-21,48.12
2015-07-22,57.11
2015-07-23,34.72
2015-07-24,29.22
2015-07-25,29.79
2015-07-26,59.95
2015-07-27,19.2
2015-07-28,19.52
2015-07-29,35.16
2015-07-30,33.03
2015-07-31,40.95
2015-08-01,40.29
2015-08-02,41.16
2015-08-03,36.12
2015-08-04,28.51
2015-08-05,31.59
2015-08-06,42.56
2015-08-07,48.12
2015-08-08,37.09
2015-08-09,33.4
2015-08-10,38.64
2015-08-11,40.49
2015-08-12,41.37
2015-08-13,44.56
2015-08-14,65.68
2015-08-15,33.34
2015-08-16,39.17
2015-08-17,34.0
2015-08-18,36.38
2015-08-19,38.35
2015-08-20,38.5
2015-08-21,39.61
2015-08-22,61.79
2015-08-23,43.22
2015-08-24,33.41
2015-08-25,36.9
2015-08-26,36.36
2015-08-27,32.64
2015-08-28,38.23
2015-08-29,39.86
2015-08-30,72.74
2015-08-31,43.2
2015-09-01,63.2
2015-09-02,64.73
2015-09-03,65.28
2015-09-04,67.86
2015-09-05,52.4
2015-09-06,33.33
2015-09-07,29.52
2015-09-08,15.53
2015-09-09,57.51
2015-09-10,50.24
2015-09-11,61.77
2015-09-12,46.93
2015-09-13,43.01
2015-09-14,42.06
2015-09-15,44.94
2015-09-16,29.58
2015-09-17,32.15
2015-09-18,36.33
2015-09-19,24.46
2015-09-20,0.0
2015-09-21,27.08
2015-09-22,59.29
2015-09-23,65.32
2015-09-24,47.39
2015-09-25,43.88
2015-09-26,28.35
2015-09-27,3.59
2015-09-28,3.04
2015-09-29,19.14
2015-09-30,69.12
2015-10-01,76.41
2015-10-02,102.49
2015-10-03,127.94
2015-10-04,87.18
2015-10-05,99.73
2015-10-06,84.15
2015-10-07,92.12
2015-10-08,94.02
2015-10-09,150.27
2015-10-10,118.91
2015-10-11,91.41
2015-10-12,95.9
2015-10-13,137.87
2015-10-14,90.71
2015-10-15,108.68
2015-10-16,98.79
2015-10-17,145.75
2015-10-18,179.43
2015-10-19,170.52
2015-10-20,203.4
2015-10-21,92.71
2015-10-22,64.66
2015-10-23,78.14
2015-10-24,100.17
2015-10-25,147.35
2015-10-26,206.89
2015-10-27,114.84
2015-10-28,89.64
2015-10-29,51.72
2015-10-30,54.59
2015-10-31,46.5
2015-11-01,0.0
2015-11-02,122.54
2015-11-03,147.18
2015-11-04,214.67
2015-11-05,207.13
2015-11-06,191.01
2015-11-07,192.35
2015-11-08,127.64
2015-11-09,0.0
2015-11-10,0.0
2015-11-11,0.0
2015-11-12,0.0
2015-11-13,0.0
2015-11-14,0.0
2015-11-15,0.0
2015-11-16,0.0
2015-11-17,0.0
2015-11-18,0.0
2015-11-19,0.0
2015-11-20,0.0
2015-11-21,0.0
2015-11-22,0.0
2015-11-23,0.0
2015-11-24,0.0
2015-11-25,0.0
2015-11-26,0.0
2015-11-27,0.0
2015-11-28,0.0
2015-11-29,0.0
2015-11-30,0.0
2015-12-01,0.0
2015-12-02,0.0
2015-12-03,0.0
2015-12-04,0.0
2015-12-05,0.0
2015-12-06,0.0
2015-12-07,0.0
2015-12-08,0.0
2015-12-09,0.0
2015-12-10,0.0
2015-12-11,0.0
2015-12-12,0.0
2015-12-13,0.0
2015-12-14,0.0
2015-12-15,0.0
2015-12-16,0.0
2015-12-17,0.0
2015-12-18,0.0
2015-12-19,0.0
2015-12-20,0.0
2015-12-21,0.0
2015-12-22,0.0
2015-12-23,0.0
2015-12-24,0.0
2015-12-25,0.0
2015-12-26,0.0
2015-12-27,0.0
2015-12-28,0.0
2015-12-29,0.0
2015-12-30,0.0
2015-12-31,0.0
2016-01-01,0.0
2016-01-02,0.0
2016-01-03,0.0
2016-01-04,0.0
2016-01-05,0.0
2016-01-06,0.0
2016-01-07,0.0
2016-01-08,0.0
2016-01-09,0.0
2016-01-10,0.0
2016-01-11,0.0
2016-01-12,0.0
2016-01-13,0.0
2016-01-14,0.0
2016-01-15,0.0
2016-01-16,0.0
2016-01-17,0.0
2016-01-18,0.0
2016-01-19,0.0
2016-01-20,0.0
2016-01-21,0.0
2016-01-22,0.0
2016-01-23,0.0
2016-01-24,0.0
2016-01-25,0.0
2016-01-26,0.0
2016-01-27,0.0
2016-01-28,0.0
2016-01-29,0.0
2016-01-30,0.0
2016-01-31,0.0
2016-02-01,0.0
2016-02-02,0.0
2016-02-03,0.0
2016-02-04,0.0
2016-02-05,0.0
2016-02-06,0.0
2016-02-07,0.0
2016-02-08,0.0
2016-02-09,0.0
2016-02-10,0.0
2016-02-11,0.0
2016-02-12,0.0
2016-02-13,0.0
2016-02-14,0.0
2016-02-15,0.0
2016-02-16,0.0
2016-02-17,0.0
2016-02-18,0.0
2016-02-19,0.0
2016-02-20,0.0
2016-02-21,0.0
2016-02-22,0.0
2016-02-23,0.0
2016-02-24,0.0
2016-02-25,0.0
2016-02-26,0.0
2016-02-27,0.0
2016-02-28,0.0
2016-02-29,0.0
2016-03-01,0.0
2016-03-02,0.0
2016-03-03,0.0
2016-03-04,0.0
2016-03-05,0.0
2016-03-06,0.0
2016-03-07,0.0
2016-03-08,0.0
2016-03-09,0.0
2016-03-10,0.0
2016-03-11,0.0
2016-03-12,0.0
2016-03-13,0.0
2016-03-14,0.0
2016-03-15,0.0
2016-03-16,0.0
2016-03-17,0.0
2016-03-18,0.0
2016-03-19,0.0
2016-03-20,0.0
2016-03-21,0.0
2016-03-22,0.0
2016-03-23,0.0
2016-03-24,0.0
2016-03-25,0.0
2016-03-26,0.0
2016-03-27,0.0
2016-03-28,0.0
2016-03-29,0.0
2016-03-30,0.0
2016-03-31,0.0
2016-04-01,0.0
2016-04-02,0.0
2016-04-03,0.0
2016-04-04,0.0
2016-04-05,0.0
2016-04-06,0.0
2016-04-07,0.0
2016-04-08,0.0
2016-04-09,0.0
2016-04-10,0.0
2016-04-11,0.0
2016-04-12,0.0
2016-04-13,0.0
2016-04-14,0.0
2016-04-15,0.0
2016-04-16,0.0
2016-04-17,0.0
2016-04-18,0.0
2016-04-19,0.0
2016-04-20,0.0
2016-04-21,0.0
2016-04-22,0.0
2016-04-23,0.0
2016-04-24,0.0
2016-04-25,0.0
2016-04-26,0.0
2016-04-27,0.0
2016-04-28,0.0
2016-04-29,0.0
2016-04-30,0.0
2016-05-01,0.0
2016-05-02,0.0
2016-05-03,0.0
2016-05-04,0.0
2016-05-05,0.0
2016-05-06,0.0
2016-05-07,0.0
2016-05-08,0.0
2016-05-09,0.0
2016-05-10,0.0
2016-05-11,0.0
2016-05-12,0.0
2016-05-13,0.0
2016-05-14,0.0
2016-05-15,0.0
2016-05-16,0.0
2016-05-17,0.0
2016-05-18,0.0
2016-05-19,0.0
2016-05-20,0.0
2016-05-21,0.0
2016-05-22,0.0
2016-05-23,0.0
2016-05-24,0.0
2016-05-25,0.0
2016-05-26,0.0
2016-05-27,0.0
2016-05-28,0.0
2016-05-29,0.0
2016-05-30,0.0
2016-05-31,0.0
2016-06-01,0.0
2016-06-02,0.0
2016-06-03,0.0
2016-06-04,0.0
2016-06-05,0.0
2016-06-06,0.0
2016-06-07,0.0
2016-06-08,0.0
2016-06-09,0.0
2016-06-10,0.0
2016-06-11,0.0
2016-06-12,0.0
2016-06-13,0.0
2016-06-14,0.0
2016-06-15,0.0
2016-06-16,0.0
2016-06-17,0.0
2016-06-18,0.0
2016-06-19,0.0
2016-06-20,0.0
2016-06-21,0.0
2016-06-22,0.0
2016-06-23,0.0
2016-06-24,0.0
2016-06-25,0.0
2016-06-26,0.0
2016-06-27,33.02
2016-06-28,27.29
2016-06-29,41.43
2016-06-30,30.16
2016-07-01,29.42
2016-07-02,20.87
2016-07-03,35.08
2016-07-04,40.23
2016-07-05,54.25
2016-07-06,49.04
2016-07-07,35.87
2016-07-08,46.3
2016-07-09,39.15
2016-07-10,45.3
2016-07-11,43.61
2016-07-12,0.0
2016-07-13,34.89
2016-07-14,38.13
2016-07-15,36.47
2016-07-16,40.9
2016-07-17,34.19
2016-07-18,32.92
2016-07-19,41.39
2016-07-20,31.71
2016-07-21,33.48
2016-07-22,30.8
2016-07-23,30.47
2016-07-24,34.64
2016-07-25,43.71
2016-07-26,46.52
2016-07-27,36.54
2016-07-28,36.87
2016-07-29,46.19
2016-07-30,48.44
2016-07-31,40.18
2016-08-01,33.5
2016-08-02,29.36
2016-08-03,44.59
2016-08-04,50.65
2016-08-05,33.93
2016-08-06,0.0
2016-08-07,43.9
2016-08-08,93.34
2016-08-09,38.06
2016-08-10,20.19
2016-08-11,10.45
2016-08-12,29.87
2016-08-13,60.18
2016-08-14,85.1
2016-08-15,55.55
2016-08-16,170.22
2016-08-17,35.05
2016-08-18,37.68
2016-08-19,32.78
2016-08-20,53.5
2016-08-21,48.24
2016-08-22,63.27
2016-08-23,40.43
2016-08-24,31.15
2016-08-25,33.76
2016-08-26,35.95
2016-08-27,58.07
2016-08-28,46.04
2016-08-29,52.27
2016-08-30,46.68
2016-08-31,44.59
2016-09-01,30.81
2016-09-02,47.67
2016-09-03,35.69
2016-09-04,36.44
2016-09-05,33.83
2016-09-06,34.23
2016-09-07,52.15
2016-09-08,35.99
2016-09-09,37.93
2016-09-10,31.94
2016-09-11,18.04
2016-09-12,27.9
2016-09-13,36.51
2016-09-14,55.71
2016-09-15,57.01
2016-09-16,53.94
2016-09-17,49.34
2016-09-18,0.0
2016-09-19,0.0
2016-09-20,0.0
2016-09-21,42.22
2016-09-22,39.43
2016-09-23,42.33
2016-09-24,26.75
2016-09-25,34.16
2016-09-26,30.07
2016-09-27,25.54
2016-09-28,38.47
2016-09-29,42.55
2016-09-30,38.1
2016-10-01,27.22
2016-10-02,41.81
2016-10-03,75.03
2016-10-04,0.0
2016-10-05,30.48
2016-10-06,75.06
2016-10-07,85.36
2016-10-08,124.97
2016-10-09,86.63
2016-10-10,70.34
2016-10-11,50.49
2016-10-12,42.25
2016-10-13,48.23
2016-10-14,138.94
2016-10-15,155.68
2016-10-16,120.35
2016-10-17,140.81
2016-10-18,87.09
2016-10-19,83.57
2016-10-20,75.41
2016-10-21,106.86
2016-10-22,96.53
2016-10-23,76.96
2016-10-24,73.05
2016-10-25,72.52
2016-10-26,109.22
2016-10-27,122.63
2016-10-28,214.36
2016-10-29,381.69
2016-10-30,182.59
2016-10-31,271.85
2016-11-01,230.76
2016-11-02,203.3
2016-11-03,152.03
2016-11-04,176.02
2016-11-05,0.0
2016-11-06,0.0
2016-11-07,0.0
2016-11-08,0.0
2016-11-09,0.0
2016-11-10,0.0
2016-11-11,0.0
2016-11-12,0.0
2016-11-13,0.0
2016-11-14,0.0
2016-11-15,0.0
2016-11-16,0.0
2016-11-17,0.0
2016-11-18,0.0
2016-11-19,0.0
2016-11-20,0.0
2016-11-21,0.0
2016-11-22,0.0
2016-11-23,0.0
2016-11-24,0.0
2016-11-25,0.0
2016-11-26,0.0
2016-11-27,0.0
2016-11-28,0.0
2016-11-29,0.0
2016-11-30,0.0
2016-12-01,0.0
2016-12-02,0.0
2016-12-03,0.0
2016-12-04,0.0
2016-12-05,0.0
2016-12-06,0.0
2016-12-07,0.0
2016-12-08,0.0
2016-12-09,0.0
2016-12-10,0.0
2016-12-11,0.0
2016-12-12,0.0
2016-12-13,0.0
2016-12-14,0.0
2016-12-15,0.0
2016-12-16,0.0
2016-12-17,0.0
2016-12-18,0.0
2016-12-19,0.0
2016-12-20,0.0
2016-12-21,0.0
2016-12-22,0.0
2016-12-23,0.0
2016-12-24,0.0
2016-12-25,0.0
2016-12-26,0.0
2016-12-27,0.0
2016-12-28,0.0
2016-12-29,0.0
2016-12-30,0.0
2016-12-31,0.0
2017-01-01,0.0
2017-01-02,0.0
2017-01-03,0.0
2017-01-04,0.0
2017-01-05,0.0
2017-01-06,0.0
2017-01-07,0.0
2017-01-08,0.0
2017-01-09,0.0
2017-01-10,0.0
2017-01-11,0.0
2017-01-12,0.0
2017-01-13,0.0
2017-01-14,0.0
2017-01-15,0.0
2017-01-16,0.0
2017-01-17,0.0
2017-01-18,0.0
2017-01-19,0.0
2017-01-20,0.0
2017-01-21,0.0
2017-01-22,0.0
2017-01-23,0.0
2017-01-24,0.0
2017-01-25,0.0
2017-01-26,0.0
2017-01-27,0.0
2017-01-28,0.0
2017-01-29,0.0
2017-01-30,0.0
2017-01-31,0.0
2017-02-01,0.0
2017-02-02,0.0
2017-02-03,0.0
2017-02-04,0.0
2017-02-05,0.0
2017-02-06,0.0
2017-02-07,0.0
2017-02-08,0.0
2017-02-09,0.0
2017-02-10,0.0
2017-02-11,0.0
2017-02-12,0.0
2017-02-13,0.0
2017-02-14,0.0
2017-02-15,0.0
2017-02-16,0.0
2017-02-17,0.0
2017-02-18,0.0
2017-02-19,0.0
2017-02-20,0.0
2017-02-21,0.0
2017-02-22,0.0
2017-02-23,0.0
2017-02-24,0.0
2017-02-25,0.0
2017-02-26,0.0
2017-02-27,0.0
2017-02-28,0.0
2017-03-01,0.0
2017-03-02,0.0
2017-03-03,0.0
2017-03-04,0.0
2017-03-05,0.0
2017-03-06,0.0
2017-03-07,0.0
2017-03-08,0.0
2017-03-09,0.0
2017-03-10,0.0
2017-03-11,0.0
2017-03-12,0.0
2017-03-13,0.0
2017-03-14,0.0
2017-03-15,0.0
2017-03-16,0.0
2017-03-17,0.0
2017-03-18,0.0
2017-03-19,0.0
2017-03-20,0.0
2017-03-21,0.0
2017-03-22,0.0
2017-03-23,0.0
2017-03-24,0.0
2017-03-25,0.0
2017-03-26,0.0
2017-03-27,0.0
2017-03-28,0.0
2017-03-29,0.0
2017-03-30,0.0
2017-03-31,0.0
2017-04-01,0.0
2017-04-02,0.0
2017-04-03,0.0
2017-04-04,0.0
2017-04-05,0.0
2017-04-06,0.0
2017-04-07,0.0
2017-04-08,0.0
2017-04-09,0.0
2017-04-10,0.0
2017-04-11,0.0
2017-04-12,0.0
2017-04-13,0.0
2017-04-14,0.0
2017-04-15,0.0
2017-04-16,0.0
2017-04-17,0.0
2017-04-18,0.0
2017-04-19,0.0
2017-04-20,0.0
2017-04-21,0.0
2017-04-22,0.0
2017-04-23,0.0
2017-04-24,0.0
2017-04-25,0.0
2017-04-26,0.0
2017-04-27,0.0
2017-04-28,0.0
2017-04-29,0.0
2017-04-30,0.0
2017-05-01,0.0
2017-05-02,0.0
2017-05-03,0.0
2017-05-04,0.0
2017-05-05,0.0
2017-05-06,0.0
2017-05-07,0.0
2017-05-08,0.0
2017-05-09,0.0
2017-05-10,0.0
2017-05-11,0.0
2017-05-12,0.0
2017-05-13,0.0
2017-05-14,0.0
2017-05-15,0.0
2017-05-16,0.0
2017-05-17,0.0
2017-05-18,0.0
2017-05-19,0.0
2017-05-20,0.0
2017-05-21,0.0
2017-05-22,0.0
2017-05-23,0.0
2017-05-24,0.0
2017-05-25,0.0
2017-05-26,0.0
2017-05-27,0.0
2017-05-28,0.0
2017-05-29,0.0
2017-05-30,0.0
2017-05-31,0.0
2017-06-01,0.0
2017-06-02,0.0
2017-06-03,0.0
2017-06-04,0.0
2017-06-05,0.0
2017-06-06,0.0
2017-06-07,0.0
2017-06-08,0.0
2017-06-09,0.0
2017-06-10,0.0
2017-06-11,0.0
2017-06-12,0.0
2017-06-13,0.0
2017-06-14,0.0
2017-06-15,0.0
2017-06-16,0.0
2017-06-17,0.0
2017-06-18,0.0
2017-06-19,0.0
2017-06-20,0.0
2017-06-21,0.0
2017-06-22,0.0
2017-06-23,0.0
2017-06-24,0.0
2017-06-25,0.0
2017-06-26,0.0
2017-06-27,0.0
2017-06-28,0.0
2017-06-29,0.0
2017-06-30,0.0
2017-07-01,0.0
2017-07-02,0.0
2017-07-03,0.0
2017-07-04,0.0
2017-07-05,0.0
2017-07-06,0.0
2017-07-07,0.0
2017-07-08,0.0
2017-07-09,0.0
2017-07-10,0.0
2017-07-11,0.0
2017-07-12,0.0
2017-07-13,0.0
2017-07-14,0.0
2017-07-15,0.0
2017-07-16,0.0
2017-07-17,0.0
2017-07-18,0.0
2017-07-19,0.0
2017-07-20,0.0
2017-07-21,0.0
2017-07-22,0.0
2017-07-23,0.0
2017-07-24,0.0
2017-07-25,0.0
2017-07-26,0.0
2017-07-27,0.0
2017-07-28,0.0
2017-07-29,0.0
2017-07-30,0.0
2017-07-31,0.0
2017-08-01,0.0
2017-08-02,0.0
2017-08-03,0.0
2017-08-04,0.0
2017-08-05,0.0
2017-08-06,0.0
2017-08-07,0.0
2017-08-08,0.0
2017-08-09,0.0
2017-08-10,0.0
2017-08-11,0.0
2017-08-12,0.0
2017-08-13,0.0
2017-08-14,0.0
2017-08-15,0.0
2017-08-16,0.0
2017-08-17,0.0
2017-08-18,0.0
2017-08-19,0.0
2017-08-20,0.0
2017-08-21,0.0
2017-08-22,0.0
2017-08-23,0.0
2017-08-24,0.0
2017-08-25,0.0
2017-08-26,0.0
2017-08-27,0.0
2017-08-28,0.0
2017-08-29,0.0
2017-08-30,0.0
2017-08-31,0.0
2017-09-01,0.0
2017-09-02,0.0
2017-09-03,0.0
2017-09-04,0.0
2017-09-05,0.0
2017-09-06,0.0
2017-09-07,0.0
2017-09-08,0.0
2017-09-09,0.0
2017-09-10,0.0
2017-09-11,0.0
2017-09-12,0.0
2017-09-13,0.0
2017-09-14,0.0
2017-09-15,0.0
2017-09-16,0.0
2017-09-17,0.0
2017-09-18,0.0
2017-09-19,0.0
2017-09-20,0.0
2017-09-21,0.0
2017-09-22,0.0
2017-09-23,0.0
2017-09-24,0.0
2017-09-25,0.0
2017-09-26,0.0
2017-09-27,0.0
2017-09-28,0.0
2017-09-29,0.0
2017-09-30,0.0
2017-10-01,0.0
2017-10-02,0.0
2017-10-03,0.0
2017-10-04,0.0
2017-10-05,0.0
2017-10-06,0.0
2017-10-07,0.0
2017-10-08,0.0
2017-10-09,0.0
2017-10-10,64.55
2017-10-11,61.72
2017-10-12,0.0
2017-10-13,0.0
2017-10-14,0.0
2017-10-15,0.0
2017-10-16,0.0
2017-10-17,0.0
2017-10-18,76.32
2017-10-19,0.0
2017-10-20,109.16
2017-10-21,126.57
2017-10-22,59.26
2017-10-23,51.72
2017-10-24,67.4
2017-10-25,79.49
2017-10-26,112.25
2017-10-27,133.07
2017-10-28,93.96
2017-10-29,93.7
2017-10-30,0.0
2017-10-31,77.12
2017-11-01,0.0
2017-11-02,0.0
2017-11-03,96.65
2017-11-04,107.09
2017-11-05,119.02
2017-11-06,83.86
2017-11-07,72.67
2017-11-08,94.32
2017-11-09,89.0
2017-11-10,85.35
2017-11-11,101.25
2017-11-12,90.02
2017-11-13,119.17
2017-11-14,207.19
2017-11-15,148.83
2017-11-16,85.32
2017-11-17,143.07
2017-11-18,140.88
2017-11-19,99.77
2017-11-20,119.99
2017-11-21,111.92
2017-11-22,96.51
2017-11-23,80.52
2017-11-24,92.8
2017-11-25,102.26
2017-11-26,108.19
2017-11-27,93.87
2017-11-28,109.53
2017-11-29,79.34
2017-11-30,93.05
2017-12-01,85.51
2017-12-02,80.89
2017-12-03,58.62
2017-12-04,68.53
2017-12-05,81.38
2017-12-06,56.54
2017-12-07,74.08
2017-12-08,62.76
2017-12-09,86.09
2017-12-10,59.74
2017-12-11,87.13
2017-12-12,52.15
2017-12-13,67.51
2017-12-14,70.08
2017-12-15,86.9
2017-12-16,77.34
2017-12-17,65.93
2017-12-18,66.58
2017-12-19,62.24
2017-12-20,62.07
2017-12-21,72.04
2017-12-22,67.44
2017-12-23,77.76
2017-12-24,96.71
2017-12-25,75.14
2017-12-26,69.27
2017-12-27,71.54
2017-12-28,104.13
2017-12-29,88.93
2017-12-30,82.03
2017-12-31,84.43
2018-01-01,84.46
2018-01-02,76.51
2018-01-03,63.88
2018-01-04,81.1
2018-01-05,73.61
2018-01-06,75.79
2018-01-07,77.87
2018-01-08,77.72
2018-01-09,66.89
2018-01-10,74.57
2018-01-11,89.1
2018-01-12,110.34
2018-01-13,82.53
2018-01-14,108.01
2018-01-15,92.94
2018-01-16,87.3
2018-01-17,89.06
2018-01-18,51.61
2018-01-19,91.13
2018-01-20,88.69
2018-01-21,108.92
2018-01-22,89.63
2018-01-23,55.27
2018-01-24,97.88
2018-01-25,128.56
2018-01-26,103.63
2018-01-27,102.16
2018-01-28,89.53
2018-01-29,101.92
2018-01-30,117.99
2018-01-31,115.79
2018-02-01,189.12
2018-02-02,88.37
2018-02-03,96.64
2018-02-04,98.0
2018-02-05,93.31
2018-02-06,104.89
2018-02-07,109.34
2018-02-08,70.25
2018-02-09,103.17
2018-02-10,185.77
2018-02-11,84.48
2018-02-12,89.41
2018-02-13,64.61
2018-02-14,65.35
2018-02-15,52.18
2018-02-16,75.13
2018-02-17,83.65
2018-02-18,220.49
2018-02-19,242.66
2018-02-20,114.78
2018-02-21,92.92
2018-02-22,91.66
2018-02-23,138.4
2018-02-24,0.0
2018-02-25,38.82
2018-02-26,49.18
2018-02-27,56.42
2018-02-28,60.36
2018-03-01,54.45
2018-03-02,53.5
2018-03-03,41.64
2018-03-04,32.36
2018-03-05,29.98
2018-03-06,33.3
2018-03-07,56.51
2018-03-08,88.85
2018-03-09,111.68
2018-03-10,114.06
2018-03-11,116.93
2018-03-12,84.19
2018-03-13,98.53
2018-03-14,84.16
2018-03-15,71.82
2018-03-16,80.51
2018-03-17,133.48
2018-03-18,116.54
2018-03-19,98.49
2018-03-20,160.68
2018-03-21,102.05
2018-03-22,100.33
2018-03-23,99.73
2018-03-24,104.22
2018-03-25,109.8
2018-03-26,124.44
2018-03-27,180.27
2018-03-28,138.6
2018-03-29,139.21
2018-03-30,154.09
2018-03-31,121.0
2018-04-01,80.56
2018-04-02,103.75
2018-04-03,75.68
2018-04-04,62.83
2018-04-05,104.23
2018-04-06,91.04
2018-04-07,90.13
2018-04-08,160.43
2018-04-09,94.55
2018-04-10,124.59
2018-04-11,92.5
2018-04-12,86.29
2018-04-13,104.21
2018-04-14,88.5
2018-04-15,84.47
2018-04-16,73.54
2018-04-17,53.89
2018-04-18,60.08
2018-04-19,53.13
2018-04-20,71.3
2018-04-21,37.9
2018-04-22,78.18
2018-04-23,56.35
2018-04-24,59.66
2018-04-25,114.6
2018-04-26,74.48
2018-04-27,81.11
2018-04-28,100.39
2018-04-29,39.97
2018-04-30,53.61
2018-05-01,63.06
2018-05-02,46.17
2018-05-03,61.24
2018-05-04,41.81
2018-05-05,55.09
2018-05-06,65.54
2018-05-07,41.04
2018-05-08,49.71
2018-05-09,44.75
2018-05-10,45.84
2018-05-11,76.36
2018-05-12,44.79
2018-05-13,50.16
2018-05-14,49.07
2018-05-15,46.06
2018-05-16,52.82
2018-05-17,53.39
2018-05-18,59.44
2018-05-19,71.01
2018-05-20,59.98
2018-05-21,50.7
2018-05-22,69.87
2018-05-23,61.53
2018-05-24,67.03
2018-05-25,43.37
2018-05-26,60.05
2018-05-27,56.93
2018-05-28,44.14
2018-05-29,69.0
2018-05-30,43.53
2018-05-31,16.63
2018-06-01,78.16
2018-06-02,83.27
2018-06-03,63.79
2018-06-04,50.27
2018-06-05,51.54
2018-06-06,54.35
2018-06-07,53.59
2018-06-08,55.77
2018-06-09,63.58
2018-06-10,103.08
2018-06-11,78.25
2018-06-12,77.84
2018-06-13,69.99
2018-06-14,78.7
2018-06-15,59.96
2018-06-16,48.27
2018-06-17,44.81
2018-06-18,55.21
2018-06-19,40.89
2018-06-20,41.59
2018-06-21,39.02
2018-06-22,33.5
2018-06-23,39.42
2018-06-24,46.84
2018-06-25,51.63
2018-06-26,38.12
2018-06-27,27.79
2018-06-28,36.27
2018-06-29,76.41
2018-06-30,62.72
2018-07-01,48.12
2018-07-02,36.8
2018-07-03,41.37
2018-07-04,302.08
2018-07-05,37.15
2018-07-06,59.76
2018-07-07,71.94
2018-07-08,47.95
2018-07-09,55.91
2018-07-10,72.06
2018-07-11,127.23
2018-07-12,127.37
2018-07-13,36.42
2018-07-14,40.97
2018-07-15,33.38
2018-07-16,33.51
2018-07-17,29.56
2018-07-18,21.89
2018-07-19,44.87
2018-07-20,33.16
2018-07-21,45.25
2018-07-22,48.95
2018-07-23,42.89
2018-07-24,48.36
2018-07-25,51.7
2018-07-26,43.18
2018-07-27,35.8
2018-07-28,37.76
2018-07-29,38.1
2018-07-30,39.43
2018-07-31,51.78
2018-08-01,63.4
2018-08-02,58.21
2018-08-03,47.83
2018-08-04,53.64
2018-08-05,48.18
2018-08-06,56.75
2018-08-07,41.21
2018-08-08,37.33
2018-08-09,28.74
2018-08-10,34.05
2018-08-11,28.94
2018-08-12,25.06
2018-08-13,32.05
2018-08-14,44.02
2018-08-15,48.73
2018-08-16,43.54
2018-08-17,28.66
2018-08-18,31.01
2018-08-19,33.95
2018-08-20,33.7
2018-08-21,48.21
2018-08-22,40.66
2018-08-23,38.65
2018-08-24,49.47
2018-08-25,33.2
2018-08-26,34.52
2018-08-27,44.57
2018-08-28,58.92
2018-08-29,51.03
2018-08-30,45.77
2018-08-31,38.22
2018-09-01,34.44
2018-09-02,28.8
2018-09-03,0.0
2018-09-04,114.85
2018-09-05,20.8
2018-09-06,22.14
2018-09-07,19.66
2018-09-08,22.3
2018-09-09,22.33
2018-09-10,18.54
2018-09-11,17.91
2018-09-12,16.28
2018-09-13,21.06
2018-09-14,20.82
2018-09-15,18.18
2018-09-16,21.41
2018-09-17,24.51
2018-09-18,28.15
2018-09-19,23.65
2018-09-20,25.32
2018-09-21,25.87
2018-09-22,22.62
2018-09-23,21.12
2018-09-24,21.79
2018-09-25,18.87
2018-09-26,22.11
2018-09-27,24.07
2018-09-28,25.9
2018-09-29,29.8
2018-09-30,29.37
2018-10-01,33.95
2018-10-02,31.13
2018-10-03,58.28
2018-10-04,63.92
2018-10-05,73.89
2018-10-06,79.37
2018-10-07,78.64
2018-10-08,122.92
2018-10-09,160.05
2018-10-10,113.9
2018-10-11,126.66
2018-10-12,116.02
2018-10-13,96.65
2018-10-14,110.05
2018-10-15,109.84
2018-10-16,140.06
2018-10-17,109.11
2018-10-18,107.26
2018-10-19,105.87
2018-10-20,101.86
2018-10-21,96.15
2018-10-22,88.58
2018-10-23,129.98
2018-10-24,103.71
2018-10-25,121.11
2018-10-26,82.49
2018-10-27,72.93
2018-10-28,94.08
2018-10-29,82.88
2018-10-30,88.69
2018-10-31,82.52
2018-11-01,72.11
2018-11-02,78.48
2018-11-03,103.22
2018-11-04,70.39
2018-11-05,107.9
2018-11-06,117.08
2018-11-07,162.18
2018-11-08,205.21
2018-11-09,165.37
2018-11-10,110.7
2018-11-11,143.72
2018-11-12,91.56
2018-11-13,133.13
2018-11-14,143.52
2018-11-15,83.28
2018-11-16,75.58
2018-11-17,93.73
2018-11-18,127.46
2018-11-19,98.6
2018-11-20,84.71
2018-11-21,86.52
2018-11-22,90.1
2018-11-23,68.52
2018-11-24,86.43
2018-11-25,70.51
2018-11-26,78.48
2018-11-27,63.75
2018-11-28,68.3
2018-11-29,91.23
2018-11-30,92.74
2018-12-01,96.58
2018-12-02,91.37
2018-12-03,88.02
2018-12-04,96.82
2018-12-05,96.89
2018-12-06,109.2
2018-12-07,94.95
2018-12-08,75.42
2018-12-09,73.07
2018-12-10,98.25
2018-12-11,118.16
2018-12-12,95.4
2018-12-13,70.04
2018-12-14,56.71
2018-12-15,59.4
2018-12-16,54.75
2018-12-17,62.18
2018-12-18,238.42
2018-12-19,125.16
2018-12-20,106.45
2018-12-21,92.45
2018-12-22,111.75
2018-12-23,106.19
2018-12-24,72.1
2018-12-25,79.15
2018-12-26,94.8
2018-12-27,80.14
2018-12-28,89.14
2018-12-29,68.29
2018-12-30,67.75
2018-12-31,80.54
2019-01-01,110.71
2019-01-02,147.57
2019-01-03,131.5
2019-01-04,102.12
2019-01-05,115.0
2019-01-06,84.84
2019-01-07,74.62
2019-01-08,89.72
2019-01-09,84.03
2019-01-10,82.79
2019-01-11,76.38
2019-01-12,66.01
2019-01-13,116.42
2019-01-14,75.49
2019-01-15,66.97
2019-01-16,161.09
2019-01-17,124.45
2019-01-18,95.15
2019-01-19,73.58
2019-01-20,86.32
2019-01-21,149.26
2019-01-22,70.06
2019-01-23,86.59
2019-01-24,74.12
2019-01-25,52.92
2019-01-26,47.26
2019-01-27,52.79
2019-01-28,63.68
2019-01-29,73.37
2019-01-30,55.24
2019-01-31,83.1
2019-02-01,76.87
2019-02-02,47.01
2019-02-03,54.77
2019-02-04,103.13
2019-02-05,117.59
2019-02-06,50.15
2019-02-07,94.1
2019-02-08,105.03
2019-02-09,46.5
2019-02-10,41.76
2019-02-11,46.91
2019-02-12,59.98
2019-02-13,82.79
2019-02-14,62.6
2019-02-15,72.53
2019-02-16,44.69
2019-02-17,54.18
2019-02-18,81.84
2019-02-19,46.48
2019-02-20,62.32
2019-02-21,37.26
2019-02-22,37.96
2019-02-23,34.1
2019-02-24,64.5
2019-02-25,50.97
2019-02-26,64.44
2019-02-27,51.5
2019-02-28,33.38
2019-03-01,42.11
2019-03-02,46.35
2019-03-03,61.32
2019-03-04,48.84
2019-03-05,39.23
2019-03-06,45.37
2019-03-07,55.7
2019-03-08,54.11
2019-03-09,52.68
2019-03-10,44.12
2019-03-11,46.52
2019-03-12,57.06
2019-03-13,84.14
2019-03-14,52.24
2019-03-15,62.44
2019-03-16,66.97
2019-03-17,75.05
2019-03-18,60.5
2019-03-19,88.33
2019-03-20,78.11
2019-03-21,62.04
2019-03-22,73.98
2019-03-23,75.84
2019-03-24,92.21
2019-03-25,64.71
2019-03-26,67.44
2019-03-27,69.51
2019-03-28,112.44
2019-03-29,133.21
2019-03-30,89.74
2019-03-31,74.35
2019-04-01,96.96
2019-04-02,122.78
2019-04-03,109.21
2019-04-04,94.41
2019-04-05,97.92
2019-04-06,97.68
2019-04-07,99.9
2019-04-08,78.55
2019-04-09,73.58
2019-04-10,64.02
2019-04-11,81.22
2019-04-12,75.74
2019-04-13,70.14
2019-04-14,67.2
2019-04-15,225.49
2019-04-16,182.46
2019-04-17,95.69
2019-04-18,93.12
2019-04-19,64.3
2019-04-20,81.71
2019-04-21,66.39
2019-04-22,92.59
2019-04-23,84.47
2019-04-24,76.98
2019-04-25,0.0
2019-04-26,0.0
2019-04-27,84.95
2019-04-28,91.99
2019-04-29,110.7
2019-04-30,132.76
2019-05-01,113.47
2019-05-02,101.68
2019-05-03,86.07
2019-05-04,72.58
2019-05-05,81.79
2019-05-06,72.54
2019-05-07,58.71
2019-05-08,72.51
2019-05-09,43.83
2019-05-10,15.52
2019-05-11,0.0
2019-05-12,0.0
2019-05-13,0.0
2019-05-14,46.04
2019-05-15,37.55
2019-05-16,33.97
2019-05-17,35.48
2019-05-18,34.11
2019-05-19,33.69
2019-05-20,42.31
2019-05-21,24.6
2019-05-22,27.93
2019-05-23,41.39
2019-05-24,46.79
2019-05-25,51.63
2019-05-26,63.15
2019-05-27,57.47
2019-05-28,50.27
2019-05-29,42.02
2019-05-30,48.74
2019-05-31,46.51
2019-06-01,48.1
2019-06-02,41.38
2019-06-03,46.46
2019-06-04,39.68
2019-06-05,38.27
2019-06-06,35.06
2019-06-07,30.07
2019-06-08,48.74
2019-06-09,35.3
2019-06-10,34.31
2019-06-11,33.97
2019-06-12,41.08
2019-06-13,25.56
2019-06-14,26.75
2019-06-15,32.71
2019-06-16,32.79
2019-06-17,28.02
2019-06-18,26.92
2019-06-19,69.38
2019-06-20,42.08
2019-06-21,35.67
2019-06-22,63.09
2019-06-23,46.13
2019-06-24,57.49
2019-06-25,49.23
2019-06-26,70.03
2019-06-27,60.03
2019-06-28,49.43
2019-06-29,59.63
2019-06-30,53.13
2019-07-01,43.22
2019-07-02,44.75
2019-07-03,44.27
2019-07-04,47.77
2019-07-05,47.88
2019-07-06,47.71
2019-07-07,34.72
2019-07-08,37.99
2019-07-09,41.69
2019-07-10,45.31
2019-07-11,43.48
2019-07-12,41.97
2019-07-13,38.49
2019-07-14,41.7
2019-07-15,42.43
2019-07-16,38.99
2019-07-17,34.92
2019-07-18,32.7
2019-07-19,44.65
2019-07-20,51.63
2019-07-21,48.67
2019-07-22,37.73
2019-07-23,73.98
2019-07-24,52.55
2019-07-25,48.26
2019-07-26,46.8
2019-07-27,39.43
2019-07-28,47.55
2019-07-29,43.84
2019-07-30,41.45
2019-07-31,28.8
2019-08-01,47.31
2019-08-02,56.72
2019-08-03,45.43
2019-08-04,37.7
2019-08-05,43.43
2019-08-06,50.53
2019-08-07,60.09
2019-08-08,57.61
2019-08-09,44.1
2019-08-10,22.26
2019-08-11,37.97
2019-08-12,46.3
2019-08-13,41.77
2019-08-14,47.52
2019-08-15,50.55
2019-08-16,27.6
2019-08-17,41.4
2019-08-18,44.46
2019-08-19,39.88
2019-08-20,46.58
2019-08-21,36.44
2019-08-22,45.37
2019-08-23,47.67
2019-08-24,41.31
2019-08-25,30.82
2019-08-26,45.77
2019-08-27,58.51
2019-08-28,36.1
2019-08-29,38.5
2019-08-30,40.53
2019-08-31,37.05
2019-09-01,31.28
2019-09-02,25.64
2019-09-03,40.18
2019-09-04,39.16
2019-09-05,45.55
2019-09-06,55.43
2019-09-07,35.05
2019-09-08,33.15
2019-09-09,38.7
2019-09-10,45.2
2019-09-11,59.4
2019-09-12,0.0
2019-09-13,64.45
2019-09-14,59.96
2019-09-15,66.21
2019-09-16,38.0
2019-09-17,44.41
2019-09-18,50.66
2019-09-19,73.61
2019-09-20,27.17
2019-09-21,39.27
2019-09-22,45.4
2019-09-23,59.74
2019-09-24,58.49
2019-09-25,61.46
2019-09-26,39.34
2019-09-27,28.2
2019-09-28,30.18
2019-09-29,20.71
2019-09-30,21.94
2019-10-01,33.66
2019-10-02,51.11
2019-10-03,57.08
2019-10-04,49.88
2019-10-05,57.65
2019-10-06,68.62
2019-10-07,99.81
2019-10-08,73.52
2019-10-09,108.07
2019-10-10,117.13
2019-10-11,70.26
2019-10-12,109.48
2019-10-13,194.36
2019-10-14,98.5
2019-10-15,96.74
2019-10-16,90.7
2019-10-17,100.06
2019-10-18,109.01
2019-10-19,87.87
2019-10-20,89.05
2019-10-21,81.62
2019-10-22,84.9
2019-10-23,46.84
2019-10-24,53.59
2019-10-25,82.74
2019-10-26,62.7
2019-10-27,57.54
2019-10-28,75.12
2019-10-29,37.74
2019-10-30,20.1
2019-10-31,54.57
2019-11-01,63.17
2019-11-02,42.27
2019-11-03,33.68
2019-11-04,69.31
2019-11-05,84.29
2019-11-06,112.08
2019-11-07,56.86
2019-11-08,64.96
2019-11-09,48.99
2019-11-10,68.07
2019-11-11,84.08
2019-11-12,100.47
2019-11-13,88.0
2019-11-14,49.19
2019-11-15,43.56
2019-11-16,70.05
2019-11-17,58.66
2019-11-18,62.15
2019-11-19,52.04
2019-11-20,46.54
2019-11-21,55.43
2019-11-22,55.5
2019-11-23,58.97
2019-11-24,60.38
2019-11-25,73.87
2019-11-26,64.06
2019-11-27,53.91
2019-11-28,38.15
2019-11-29,48.47
2019-11-30,46.95
2019-12-01,43.06
2019-12-02,46.74
2019-12-03,41.61
2019-12-04,77.66
2019-12-05,65.48
2019-12-06,64.87
2019-12-07,93.24
2019-12-08,92.26
2019-12-09,78.95
2019-12-10,86.88
2019-12-11,72.3
2019-12-12,62.39
2019-12-13,52.59
2019-12-14,63.33
2019-12-15,48.58
2019-12-16,45.47
2019-12-17,54.42
2019-12-18,72.45
2019-12-19,89.97
2019-12-20,104.25
2019-12-21,64.25
2019-12-22,60.17
2019-12-23,57.99
2019-12-24,49.63
2019-12-25,53.0
2019-12-26,52.77
2019-12-27,39.89
2019-12-28,43.95
2019-12-29,53.52
2019-12-30,69.1
2019-12-31,74.18
2020-01-01,79.57
2020-01-02,72.59
2020-01-03,69.54
2020-01-04,66.2
2020-01-05,55.99
2020-01-06,46.96
2020-01-07,70.06
2020-01-08,61.4
2020-01-09,38.89
2020-01-10,56.14
2020-01-11,59.96
2020-01-12,83.9
2020-01-13,89.34
2020-01-14,39.83
2020-01-15,53.27
2020-01-16,40.07
2020-01-17,80.24
2020-01-18,59.51
2020-01-19,36.05
2020-01-20,36.21
2020-01-21,51.15
2020-01-22,51.32
2020-01-23,38.71
2020-01-24,40.83
2020-01-25,61.05
2020-01-26,62.03
2020-01-27,33.93
2020-01-28,18.03
2020-01-29,28.77
2020-01-30,41.74
2020-01-31,57.28
2020-02-01,88.79
2020-02-02,52.31
2020-02-03,68.19
2020-02-04,80.59
2020-02-05,77.56
2020-02-06,56.5
2020-02-07,66.87
2020-02-08,95.25
2020-02-09,69.85
2020-02-10,64.94
2020-02-11,79.58
2020-02-12,83.67
2020-02-13,88.83
2020-02-14,50.55
2020-02-15,73.04
2020-02-16,59.47
2020-02-17,62.48
2020-02-18,85.33
2020-02-19,114.79
2020-02-20,65.74
2020-02-21,60.61
2020-02-22,36.35
2020-02-23,54.06
2020-02-24,68.68
2020-02-25,73.18
2020-02-26,137.81
2020-02-27,94.27
2020-02-28,79.68
2020-02-29,53.86
2020-03-01,53.06
2020-03-02,56.2
2020-03-03,77.58
2020-03-04,49.16
2020-03-05,43.75
2020-03-06,54.05
2020-03-07,51.32
2020-03-08,35.04
2020-03-09,37.02
2020-03-10,37.67
2020-03-11,31.12
2020-03-12,41.19
2020-03-13,41.72
2020-03-14,39.57
2020-03-15,39.42
2020-03-16,36.03
2020-03-17,53.07
2020-03-18,58.54
2020-03-19,101.09
2020-03-20,50.47
2020-03-21,74.43
2020-03-22,48.16
2020-03-23,44.61
2020-03-24,31.89
2020-03-25,33.25
2020-03-26,43.67
2020-03-27,22.93
2020-03-28,37.73
2020-03-29,20.67
2020-03-30,28.55
2020-03-31,29.97
2020-04-01,24.79
2020-04-02,25.52
2020-04-03,33.48
2020-04-04,39.44
2020-04-05,43.77
2020-04-06,46.64
2020-04-07,45.8
2020-04-08,36.3
2020-04-09,32.12
2020-04-10,30.73
2020-04-11,30.18
2020-04-12,26.7
2020-04-13,18.77
2020-04-14,31.16
2020-04-15,23.69
2020-04-16,38.65
2020-04-17,30.8
2020-04-18,30.69
2020-04-19,21.27
2020-04-20,29.84
2020-04-21,27.81
2020-04-22,32.11
2020-04-23,31.67
2020-04-24,27.19
2020-04-25,28.25
2020-04-26,25.91
2020-04-27,31.76
2020-04-28,32.55
2020-04-29,27.15
2020-04-30,26.93
2020-05-01,28.71
2020-05-02,22.56
2020-05-03,23.82
2020-05-04,23.73
2020-05-05,33.47
2020-05-06,26.52
2020-05-07,30.45
2020-05-08,26.79
2020-05-09,23.79
2020-05-10,26.17
2020-05-11,21.31
2020-05-12,21.94
2020-05-13,23.19
2020-05-14,21.9
2020-05-15,19.15
2020-05-16,35.75
2020-05-17,27.28
2020-05-18,20.85
2020-05-19,23.98
2020-05-20,25.6
2020-05-21,33.35
2020-05-22,31.38
2020-05-23,29.26
2020-05-24,25.47
2020-05-25,24.84
2020-05-26,29.78
2020-05-27,31.25
2020-05-28,30.7
2020-05-29,23.91
2020-05-30,25.71
2020-05-31,22.83
2020-06-01,31.02
2020-06-02,131.88
2020-06-03,0.0
2020-06-04,26.08
2020-06-05,30.72
2020-06-06,33.19
2020-06-07,20.67
2020-06-08,22.92
2020-06-09,21.17
2020-06-10,23.62
2020-06-11,20.4
2020-06-12,21.4
2020-06-13,21.72
2020-06-14,24.1
2020-06-15,21.21
2020-06-16,31.49
2020-06-17,14.79
2020-06-18,12.1
2020-06-19,17.65
2020-06-20,22.9
2020-06-21,24.28
2020-06-22,19.02
2020-06-23,22.2
2020-06-24,30.29
2020-06-25,32.56
2020-06-26,36.48
2020-06-27,62.12
2020-06-28,31.57
2020-06-29,29.75
2020-06-30,40.02
2020-07-01,37.63
2020-03-11,32.69
2020-03-12,31.21
2020-03-13,38.39
2020-03-14,43.23
2020-03-15,33.82
2020-03-16,27.14
2020-03-17,27.32
2020-03-18,31.76
2020-03-19,43.8
2020-03-20,35.48
2020-03-21,51.27
2020-03-22,33.24
2020-03-23,35.34
2020-03-24,47.34
2020-03-25,53.64
2020-03-26,54.9
2020-03-27,44.64
2020-03-28,51.33
2020-03-29,34.54
2020-03-30,39.47
2020-03-31,27.27
2020-04-01,38.6
2020-04-02,36.22
2020-04-03,30.35
2020-04-04,24.05
2020-04-05,26.47
2020-04-06,35.13
2020-04-07,33.19
2020-04-08,24.92
2020-04-09,39.15
2020-04-10,38.01
2020-04-11,30.06
2020-04-12,21.7
2020-04-13,28.33
2020-04-14,46.26
2020-04-15,40.72
2020-04-16,22.63
2020-04-17,15.06
2020-04-18,19.5
2020-04-19,10.48
2020-04-20,11.79
2020-04-21,9.53
2020-04-22,8.53
2020-04-23,10.42
2020-04-24,5.74
2020-04-25,3.14
2020-04-26,1.97
2020-04-27,5.4
2020-04-28,3.55
2020-04-29,3.85
2020-04-30,4.49
2020-05-01,7.92
2020-05-02,8.24
2020-05-03,5.48
2020-05-04,6.32
2020-05-05,10.16
2020-05-06,6.15
2020-05-07,3.93
2020-05-08,13.61
2020-05-09,13.29
2020-05-10,16.09
2020-05-11,25.35
2020-05-12,27.97
2020-05-13,23.72
2020-05-14,21.05
2020-05-15,14.82
2020-05-16,8.3
2020-05-17,12.42
2020-05-18,17.92
2020-05-19,18.83
2020-05-20,6.53
2020-05-21,8.97
2020-05-22,14.67
2020-05-23,16.13
2020-05-24,13.4
2020-05-25,9.72
2020-05-26,9.03
2020-05-27,1.96
2020-05-28,3.47
2020-05-29,3.62
2020-05-30,3.43
2020-05-31,3.68
2020-06-01,4.52
2020-06-02,3.96
2020-06-03,2.33
2020-06-04,2.17
2020-06-05,2.49
2020-06-06,2.81
2020-06-07,5.2
2020-06-08,14.44
2020-06-09,10.08
2020-06-10,1.54
2020-06-11,0.0
2020-06-12,0.99
2020-06-13,1.4
2020-06-14,0.98
2020-06-15,1.19
2020-06-16,1.14
2020-06-17,0.0
2020-06-18,1.25
2020-06-19,5.92
2020-06-20,2.46
2020-06-21,2.63
2020-06-22,2.88
2020-06-23,2.76
2020-06-24,8.62
2020-06-25,7.98
2020-06-26,1.39
2020-06-27,0.16
2020-06-28,0.24
2020-06-29,0.28
2020-06-30,1.89
2020-07-01,4.49
2017-11-24,71.36
2017-11-25,81.4
2017-11-26,78.32
2017-11-27,88.76
2017-11-28,64.18
2017-11-29,72.47
2017-11-30,69.8
2017-12-01,73.96
2017-12-02,89.9
2017-12-03,87.14
2017-12-04,84.64
2017-12-05,88.36
2017-12-06,96.83
2017-12-07,117.46
2017-12-08,122.88
2017-12-09,74.28
2017-12-10,50.32
2017-12-11,58.47
2017-12-12,89.35
2017-12-13,64.42
2017-12-14,69.4
2017-12-15,71.07
2017-12-16,79.76
2017-12-17,108.06
2017-12-18,100.75
2017-12-19,106.25
2017-12-20,83.79
2017-12-21,79.98
2017-12-22,76.27
2017-12-23,86.5
2017-12-24,100.62
2017-12-25,110.73
2017-12-26,107.7
2017-12-27,104.81
2017-12-28,89.95
2017-12-29,74.58
2017-12-30,56.68
2017-12-31,61.03
2018-01-01,59.03
2018-01-02,61.88
2018-01-03,71.57
2018-01-04,92.44
2018-01-05,92.9
2018-01-06,85.15
2018-01-07,81.47
2018-01-08,81.58
2018-01-09,79.56
2018-01-10,87.43
2018-01-11,87.33
2018-01-12,110.39
2018-01-13,77.51
2018-01-14,86.96
2018-01-15,76.29
2018-01-16,67.06
2018-01-17,68.34
2018-01-18,66.28
2018-01-19,64.98
2018-01-20,75.46
2018-01-21,81.58
2018-01-22,78.27
2018-01-23,79.01
2018-01-24,77.98
2018-01-25,77.96
2018-01-26,79.04
2018-01-27,77.78
2018-01-28,76.48
2018-01-29,74.2
2018-01-30,78.23
2018-01-31,68.53
2018-02-01,62.08
2018-02-02,50.64
2018-02-03,44.21
2018-02-04,50.71
2018-02-05,42.27
2018-02-06,39.41
2018-02-07,50.56
2018-02-08,50.54
2018-02-09,26.22
2018-02-10,31.83
2018-02-11,70.26
2018-02-12,59.47
2018-02-13,58.71
2018-02-14,56.29
2018-02-15,50.41
2018-02-16,57.53
2018-02-17,43.82
2018-02-18,42.71
2018-02-19,54.73
2018-02-20,50.91
2018-02-21,38.5
2018-02-22,32.21
2018-02-23,35.36
2018-02-24,59.65
2018-02-25,46.16
2018-02-26,34.31
2018-02-27,39.52
2018-02-28,43.08
2018-03-01,38.1
2018-03-02,33.08
2018-03-03,29.7
2018-03-04,38.67
2018-03-05,30.04
2018-03-06,39.72
2018-03-07,38.21
2018-03-08,58.31
2018-03-09,62.49
2018-03-10,49.04
2018-03-11,41.67
2018-03-12,32.44
2018-03-13,26.43
2018-03-14,25.08
2018-03-15,26.09
2018-03-16,16.62
2018-03-17,49.58
2018-03-18,43.52
2018-03-19,39.83
2018-03-20,36.89
2018-03-21,48.71
2018-03-22,52.69
2018-03-23,46.48
2018-03-24,44.22
2018-03-25,35.91
2018-03-26,39.05
2018-03-27,30.21
2018-03-28,31.14
2018-03-29,26.82
2018-03-30,26.34
2018-03-31,28.48
2018-04-01,21.83
2018-04-02,24.23
2018-04-03,22.29
2018-04-04,25.28
2018-04-05,19.68
2018-04-06,29.89
2018-04-07,24.4
2018-04-08,20.05
2018-04-09,23.72
2018-04-10,26.12
2018-04-11,13.0
2018-04-12,9.25
2018-04-13,7.16
2018-04-14,7.97
2018-04-15,6.48
2018-04-16,7.2
2018-04-17,8.27
2018-04-18,17.79
2018-04-19,9.21
2018-04-20,24.83
2018-04-21,19.78
2018-04-22,8.85
2018-04-23,25.0
2018-04-24,23.35
2018-04-25,18.48
2018-04-26,24.79
2018-04-27,11.04
2018-04-28,9.74
2018-04-29,10.35
2018-04-30,28.85
2018-05-01,22.81
2018-05-02,28.54
2018-05-03,18.46
2018-05-04,23.9
2018-05-05,0.0
2018-05-06,0.0
2018-05-07,17.0
2018-05-08,29.12
2018-05-09,14.42
2018-05-10,19.06
2018-05-11,12.42
2018-05-12,21.4
2018-05-13,16.78
2018-05-14,19.77
2018-05-15,22.63
2018-05-16,22.44
2018-05-17,15.2
2018-05-18,9.58
2018-05-19,43.35
2018-05-20,16.44
2018-05-21,27.93
2018-05-22,13.23
2018-05-23,20.52
2018-05-24,25.62
2018-05-25,40.32
2018-05-26,13.07
2018-05-27,16.56
2018-05-28,19.57
2018-05-29,30.96
2018-05-30,32.1
2018-05-31,31.82
2018-06-01,37.5
2018-06-02,23.25
2018-06-03,27.42
2018-06-04,31.26
2018-06-05,28.12
2018-06-06,32.33
2018-06-07,19.29
2018-06-08,17.99
2018-06-09,12.72
2018-06-10,13.65
2018-06-11,17.64
2018-06-12,23.43
2018-06-13,25.92
2018-06-14,32.7
2018-06-15,31.58
2018-06-16,22.9
2018-06-17,24.23
2018-06-18,17.92
2018-06-19,17.38
2018-06-20,19.06
2018-06-21,18.81
2018-06-22,18.69
2018-06-23,17.85
2018-06-24,18.09
2018-06-25,18.93
2018-06-26,16.86
2018-06-27,16.85
2018-06-28,16.46
2018-06-29,18.4
2018-06-30,20.31
2018-07-01,23.99
2018-07-02,20.36
2018-07-03,15.08
2018-07-04,19.42
2018-07-05,13.93
2018-07-06,18.29
2018-07-07,17.25
2018-07-08,13.43
2018-07-09,16.83
2018-07-10,18.16
2018-07-11,16.89
2018-07-12,15.95
2018-07-13,14.05
2018-07-14,9.85
2018-07-15,8.68
2018-07-16,7.5
2018-07-17,7.75
2018-07-18,10.45
2018-07-19,12.7
2018-07-20,14.48
2018-07-21,17.96
2018-07-22,16.87
2018-07-23,16.46
2018-07-24,17.42
2018-07-25,17.79
2018-07-26,18.75
2018-07-27,11.92
2018-07-28,17.74
2018-07-29,21.78
2018-07-30,28.31
2018-07-31,27.1
2018-08-01,20.21
2018-08-02,18.52
2018-08-03,25.59
2018-08-04,21.79
2018-08-05,24.0
2018-08-06,17.79
2018-08-07,18.47
2018-08-08,16.73
2018-08-09,18.72
2018-08-10,11.39
2018-08-11,10.62
2018-08-12,8.1
2018-08-13,9.28
2018-08-14,7.45
2018-08-15,15.32
2018-08-16,8.84
2018-08-17,11.39
2018-08-18,12.51
2018-08-19,8.71
2018-08-20,10.46
2018-08-21,11.3
2018-08-22,7.0
2018-08-23,11.44
2018-08-24,15.76
2018-08-25,18.79
2018-08-26,15.05
2018-08-27,10.1
2018-08-28,14.43
2018-08-29,22.65
2018-08-30,28.45
2018-08-31,24.94
2018-09-01,26.24
2018-09-02,30.6
2018-09-03,21.81
2018-09-04,24.22
2018-09-05,19.82
2018-09-06,25.11
2018-09-07,31.3
2018-09-08,27.1
2018-09-09,0.0
2018-09-10,26.73
2018-09-11,33.28
2018-09-12,40.66
2018-09-13,40.56
2018-09-14,37.93
2018-09-15,31.64
2018-09-16,0.0
2018-09-17,27.69
2018-09-18,22.12
2018-09-19,29.25
2018-09-20,38.32
2018-09-21,35.02
2018-09-22,24.29
2018-09-23,19.69
2018-09-24,18.81
2018-09-25,26.13
2018-09-26,24.08
2018-09-27,21.81
2018-09-28,11.15
2018-09-29,14.58
2018-09-30,0.0
2018-10-01,8.98
2018-10-02,9.7
2018-10-03,13.11
2018-10-04,14.15
2018-10-05,25.88
2018-10-06,49.7
2018-10-07,68.66
2018-10-08,53.52
2018-10-09,65.16
2018-10-10,52.88
2018-10-11,54.08
2018-10-12,40.99
2018-10-13,47.2
2018-10-14,39.22
2018-10-15,36.86
2018-10-16,34.41
2018-10-17,22.05
2018-10-18,0.0
2018-10-19,0.0
2018-10-20,0.0
2018-10-21,0.0
2018-10-22,72.23
2018-10-23,71.31
2018-10-24,63.54
2018-10-25,52.92
2018-10-26,56.53
2018-10-27,69.42
2018-10-28,53.53
2018-10-29,48.33
2018-10-30,58.65
2018-10-31,33.33
2018-11-01,17.62
2018-11-02,14.54
2018-11-03,12.7
2018-11-04,16.86
2018-11-05,21.58
2018-11-06,23.22
2018-11-07,28.39
2018-11-08,43.23
2018-11-09,51.51
2018-11-10,56.85
2018-11-11,68.25
2018-11-12,84.48
2018-11-13,77.38
2018-11-14,71.23
2018-11-15,38.29
2018-11-16,15.69
2018-11-17,16.21
2018-11-18,19.48
2018-11-19,26.8
2018-11-20,48.35
2018-11-21,50.02
2018-11-22,59.2
2018-11-23,56.0
2018-11-24,51.25
2018-11-25,78.19
2018-11-26,85.11
2018-11-27,93.95
2018-11-28,80.96
2018-11-29,52.64
2018-11-30,60.52
2018-12-01,77.86
2018-12-02,70.89
2018-12-03,74.34
2018-12-04,97.09
2018-12-05,89.63
2018-12-06,86.92
2018-12-07,100.1
2018-12-08,110.12
2018-12-09,111.21
2018-12-10,107.24
2018-12-11,89.07
2018-12-12,93.1
2018-12-13,76.94
2018-12-14,90.61
2018-12-15,96.57
2018-12-16,78.15
2018-12-17,19.26
2018-12-18,10.89
2018-12-19,16.38
2018-12-20,30.48
2018-12-21,48.88
2018-12-22,55.24
2018-12-23,83.4
2018-12-24,93.78
2018-12-25,92.72
2018-12-26,76.48
2018-12-27,50.45
2018-12-28,73.19
2018-12-29,82.53
2018-12-30,95.18
2018-12-31,79.29
2019-01-01,83.17
2019-01-02,109.97
2019-01-03,139.38
2019-01-04,126.47
2019-01-05,127.94
2019-01-06,126.66
2019-01-07,121.47
2019-01-08,118.17
2019-01-09,97.45
2019-01-10,115.23
2019-01-11,121.81
2019-01-12,99.69
2019-01-13,92.66
2019-01-14,116.99
2019-01-15,120.33
2019-01-16,108.43
2019-01-17,118.0
2019-01-18,107.94
2019-01-19,108.34
2019-01-20,96.45
2019-01-21,90.25
2019-01-22,100.34
2019-01-23,62.75
2019-01-24,62.74
2019-01-25,34.51
2019-01-26,15.12
2019-01-27,27.25
2019-01-28,51.67
2019-01-29,54.24
2019-01-30,47.81
2019-01-31,84.99
2019-02-01,63.05
2019-02-02,71.09
2019-02-03,76.78
2019-02-04,73.21
2019-02-05,81.64
2019-02-06,81.71
2019-02-07,75.52
2019-02-08,58.02
2019-02-09,65.56
2019-02-10,56.98
2019-02-11,74.5
2019-02-12,66.61
2019-02-13,70.86
2019-02-14,69.96
2019-02-15,60.11
2019-02-16,33.9
2019-02-17,31.75
2019-02-18,34.8
2019-02-19,32.07
2019-02-20,30.32
2019-02-21,38.35
2019-02-22,36.92
2019-02-23,43.16
2019-02-24,42.51
2019-02-25,33.88
2019-02-26,22.47
2019-02-27,14.78
2019-02-28,20.92
2019-03-01,27.08
2019-03-02,23.72
2019-03-03,22.49
2019-03-04,21.59
2019-03-05,34.44
2019-03-06,49.2
2019-03-07,42.1
2019-03-08,16.39
2019-03-09,12.88
2019-03-10,10.66
2019-03-11,12.77
2019-03-12,27.0
2019-03-13,32.79
2019-03-14,39.77
2019-03-15,43.78
2019-03-16,40.96
2019-03-17,40.08
2019-03-18,22.52
2019-03-19,22.09
2019-03-20,25.39
2019-03-21,21.71
2019-03-22,23.56
2019-03-23,23.68
2019-03-24,17.99
2019-03-25,17.03
2019-03-26,20.58
2019-03-27,24.0
2019-03-28,27.44
2019-03-29,24.11
2019-03-30,28.43
2019-03-31,33.0
2019-04-01,37.09
2019-04-02,30.05
2019-04-03,20.75
2019-04-04,13.97
2019-04-05,18.72
2019-04-06,22.07
2019-04-07,19.4
2019-04-08,13.49
2019-04-09,20.68
2019-04-10,16.52
2019-04-11,15.91
2019-04-12,17.24
2019-04-13,25.87
2019-04-14,15.77
2019-04-15,23.75
2019-04-16,25.36
2019-04-17,32.7
2019-04-18,20.21
2019-04-19,11.55
2019-04-20,9.39
2019-04-21,9.77
2019-04-22,21.38
2019-04-23,24.68
2019-04-24,17.58
2019-04-25,28.05
2019-04-26,27.98
2019-04-27,23.32
2019-04-28,15.52
2019-04-29,12.11
2019-04-30,19.03
2019-05-01,27.18
2019-05-02,38.9
2019-05-03,57.73
2019-05-04,44.49
2019-05-05,39.76
2019-05-06,47.3
2019-05-07,39.81
2019-05-08,49.19
2019-05-09,40.38
2019-05-10,44.65
2019-05-11,35.5
2019-05-12,41.0
2019-05-13,36.14
2019-05-14,40.41
2019-05-15,34.12
2019-05-16,41.62
2019-05-17,43.1
2019-05-18,35.3
2019-05-19,40.35
2019-05-20,32.33
2019-05-21,24.95
2019-05-22,32.3
2019-05-23,30.42
2019-05-24,36.5
2019-05-25,40.04
2019-05-26,40.51
2019-05-27,38.88
2019-05-28,36.31
2019-05-29,38.7
2019-05-30,33.52
2019-05-31,36.8
2019-06-01,41.89
2019-06-02,41.47
2019-06-03,31.52
2019-06-04,39.73
2019-06-05,36.24
2019-06-06,24.16
2019-06-07,23.12
2019-06-08,31.95
2019-06-09,26.02
2019-06-10,22.19
2019-06-11,13.91
2019-06-12,11.81
2019-06-13,10.02
2019-06-14,9.55
2019-06-15,17.42
2019-06-16,19.25
2019-06-17,23.99
2019-06-18,23.62
2019-06-19,21.28
2019-06-20,14.03
2019-06-21,17.9
2019-06-22,17.07
2019-06-23,13.45
2019-06-24,15.93
2019-06-25,19.8
2019-06-26,21.45
2019-06-27,12.45
2019-06-28,9.57
2019-06-29,8.23
2019-06-30,11.55
2019-07-01,13.4
2019-07-02,12.05
2019-07-03,14.54
2019-07-04,8.4
2019-07-05,10.31
2019-07-06,13.91
2019-07-07,15.17
2019-07-08,13.1
2019-07-09,11.3
2019-07-10,13.03
2019-07-11,11.17
2019-07-12,11.65
2019-07-13,17.22
2019-07-14,12.68
2019-07-15,10.73
2019-07-16,14.44
2019-07-17,21.86
2019-07-18,16.18
2019-07-19,22.28
2019-07-20,11.14
2019-07-21,14.72
2019-07-22,12.89
2019-07-23,13.53
2019-07-24,9.92
2019-07-25,11.23
2019-07-26,7.48
2019-07-27,12.52
2019-07-28,13.25
2019-07-29,10.89
2019-07-30,8.0
2019-07-31,10.62
2019-08-01,8.71
2019-08-02,6.85
2019-08-03,9.31
2019-08-04,9.09
2019-08-05,7.53
2019-08-06,6.89
2019-08-07,7.35
2019-08-08,7.45
2019-08-09,10.88
2019-08-10,13.49
2019-08-11,16.6
2019-08-12,18.19
2019-08-13,0.0
2019-08-14,24.25
2019-08-15,24.56
2019-08-16,15.75
2019-08-17,17.54
2019-08-18,0.0
2019-08-19,0.0
2019-08-20,0.0
2019-08-21,0.0
2019-08-22,0.0
2019-08-23,0.0
2019-08-24,0.0
2019-08-25,0.0
2019-08-26,0.0
2019-08-27,14.0
2019-08-28,15.8
2019-08-29,14.98
2019-08-30,10.11
2019-08-31,0.0
2019-09-01,0.0
2019-09-02,0.0
2019-09-03,0.0
2019-09-04,0.0
2019-09-05,0.0
2019-09-06,0.0
2019-09-07,0.0
2019-09-08,0.0
2019-09-09,0.0
2019-09-10,0.0
2019-09-11,0.0
2019-09-12,0.0
2019-09-13,0.0
2019-09-14,0.0
2019-09-15,0.0
2019-09-16,0.0
2019-09-17,0.0
2019-09-18,0.0
2019-09-19,0.0
2019-09-20,0.0
2019-09-21,0.0
2019-09-22,0.0
2019-09-23,0.0
2019-09-24,0.0
2019-09-25,0.0
2019-09-26,0.0
2019-09-27,0.0
2019-09-28,0.0
2019-09-29,0.0
2019-09-30,0.0
2019-10-01,0.0
2019-10-02,0.0
2019-10-03,0.0
2019-10-04,0.0
2019-10-05,0.0
2019-10-06,0.0
2019-10-07,21.0
2019-10-08,23.31
2019-10-09,27.63
2019-10-10,21.05
2019-10-11,18.12
2019-10-12,7.09
2019-10-13,7.08
2019-10-14,9.79
2019-10-15,32.29
2019-10-16,40.0
2019-10-17,19.31
2019-10-18,9.48
2019-10-19,13.78
2019-10-20,8.12
2019-10-21,9.99
2019-10-22,9.29
2019-10-23,11.75
2019-10-24,7.14
2019-10-25,7.53
2019-10-26,11.82
2019-10-27,18.57
2019-10-28,38.32
2019-10-29,19.51
2019-10-30,18.54
2019-10-31,12.01
2019-11-01,12.95
2019-11-02,18.41
2019-11-03,42.98
2019-11-04,56.76
2019-11-05,78.45
2019-11-06,89.53
2019-11-07,85.95
2019-11-08,81.5
2019-11-09,77.93
2019-11-10,51.46
2019-11-11,39.26
2019-11-12,37.5
2019-11-13,45.41
2019-11-14,50.33
2019-11-15,60.86
2019-11-16,64.88
2019-11-17,63.97
2019-11-18,42.45
2019-11-19,62.31
2019-11-20,80.27
2019-11-21,63.19
2019-11-22,53.15
2019-11-23,63.39
2019-11-24,76.12
2019-11-25,83.5
2019-11-26,79.85
2019-11-27,68.76
2019-11-28,57.83
2019-11-29,35.69
2019-11-30,55.2
2019-12-01,65.14
2019-12-02,55.72
2019-12-03,63.99
2019-12-04,77.57
2019-12-05,82.76
2019-12-06,90.54
2019-12-07,61.25
2019-12-08,36.75
2019-12-09,24.96
2019-12-10,39.12
2019-12-11,51.44
2019-12-12,38.89
2019-12-13,35.8
2019-12-14,39.06
2019-12-15,47.53
2019-12-16,46.6
2019-12-17,67.15
2019-12-18,66.82
2019-12-19,83.16
2019-12-20,79.92
2019-12-21,83.64
2019-12-22,72.34
2019-12-23,72.99
2019-12-24,76.56
2019-12-25,84.51
2019-12-26,50.52
2019-12-27,41.79
2019-12-28,57.09
2019-12-29,74.45
2019-12-30,59.42
2019-12-31,49.5
2020-01-01,59.64
2020-01-02,42.46
2020-01-03,39.07
2020-01-04,22.79
2020-01-05,37.81
2020-01-06,38.82
2020-01-07,69.49
2020-01-08,53.32
2020-01-09,37.23
2020-01-10,51.22
2020-01-11,66.57
2020-01-12,78.28
2020-01-13,85.67
2020-01-14,82.66
2020-01-15,68.4
2020-01-16,56.44
2020-01-17,45.81
2020-01-18,31.59
2020-01-19,36.62
2020-01-20,31.22
2020-01-21,29.88
2020-01-22,37.56
2020-01-23,59.33
2020-01-24,61.4
2020-01-25,51.18
2020-01-26,38.39
2020-01-27,34.56
2020-01-28,33.62
2020-01-29,29.98
2020-01-30,32.18
2020-01-31,26.72
2020-02-01,21.22
2020-02-02,19.94
2020-02-03,24.44
2020-02-04,27.24
2020-02-05,25.74
2020-02-06,20.12
2020-02-07,16.85
2020-02-08,22.46
2020-02-09,38.73
2020-02-10,36.26
2020-02-11,45.14
2020-02-12,59.61
2020-02-13,61.24
2020-02-14,43.11
2020-02-15,64.53
2020-02-16,37.53
2020-02-17,29.12
2020-02-18,31.68
2020-02-19,40.98
2020-02-20,49.1
2020-02-21,35.92
2020-02-22,27.13
2020-02-23,34.81
2020-02-24,31.66
2020-02-25,24.86
2020-02-26,31.28
2020-02-27,38.85
2020-02-28,31.99
2020-02-29,35.99
2020-03-01,32.99
2020-03-02,39.84
2020-03-03,40.19
2020-03-04,35.95
2020-03-05,20.14
2020-03-06,19.0
2020-03-07,14.26
2020-03-08,10.28
2020-03-09,12.37
2020-03-10,10.63
2020-03-11,11.08
2020-03-12,12.73
2020-03-13,18.17
2020-03-14,23.78
2020-03-15,25.83
2020-03-16,27.28
2020-03-17,31.49
2020-03-18,19.45
2020-03-19,18.86
2020-03-20,15.23
2020-03-21,13.9
2020-03-22,25.49
2020-03-23,26.01
2020-03-24,17.19
2020-03-25,16.77
2020-03-26,23.67
2020-03-27,25.36
2020-03-28,25.12
2020-03-29,26.96
2020-03-30,30.36
2020-03-31,29.86
2020-04-01,34.77
2020-04-02,29.77
2020-04-03,30.52
2020-04-04,30.58
2020-04-05,23.9
2020-04-06,16.28
2020-04-07,11.01
2020-04-08,16.58
2020-04-09,18.11
2020-04-10,21.17
2020-04-11,13.72
2020-04-12,16.75
2020-04-13,18.38
2020-04-14,19.77
2020-04-15,18.62
2020-04-16,17.21
2020-04-17,13.28
2020-04-18,7.38
2020-04-19,7.59
2020-04-20,7.81
2020-04-21,7.35
2020-04-22,9.51
2020-04-23,11.34
2020-04-24,9.36
2020-04-25,14.44
2020-04-26,11.9
2020-04-27,16.45
2020-04-28,10.61
2020-04-29,35.38
2020-04-30,26.8
2020-05-01,28.33
2020-05-02,24.11
2020-05-03,21.42
2020-05-04,22.79
2020-05-05,0.0
2020-05-06,14.28
2020-05-07,18.76
2020-05-08,18.81
2020-05-09,18.48
2020-05-10,14.26
2020-05-11,17.1
2020-05-12,13.9
2020-05-13,13.11
2020-05-14,12.05
2020-05-15,13.47
2020-05-16,0.0
2020-05-17,0.0
2020-05-18,30.46
2020-05-19,34.15
2020-05-20,41.46
2020-05-21,27.66
2020-05-22,29.9
2020-05-23,21.15
2020-05-24,18.09
2020-05-25,16.93
2020-05-26,22.01
2020-05-27,24.22
2020-05-28,25.16
2020-05-29,20.96
2020-05-30,22.5
2020-05-31,19.96
2020-06-01,8.09
2020-06-02,12.78
2020-06-03,10.23
2020-06-04,7.89
2020-06-05,9.33
2020-06-06,10.14
2020-06-07,11.49
2020-06-08,12.19
2020-06-09,10.39
2020-06-10,10.18
2020-06-11,5.6
2020-06-12,4.7
2020-06-13,4.65
2020-06-14,11.71
2020-06-15,10.07
2020-06-16,11.61
2020-06-17,8.73
2020-06-18,11.2
2020-06-19,11.03
2020-06-20,16.99
2020-06-21,12.74
2020-06-22,17.97
2020-06-23,15.48
2020-06-24,14.88
2020-06-25,20.74
2020-06-26,10.41
2020-06-27,14.5
2020-06-28,16.65
2020-06-29,20.96
2020-06-30,21.34
2020-07-01,22.0
2017-02-27,13.42
2017-02-28,12.45
2017-03-01,19.52
2017-03-02,77.71
2017-03-03,19.7
2017-03-04,22.91
2017-03-05,29.56
2017-03-06,46.13
2017-03-07,44.3
2017-03-08,41.23
2017-03-09,29.88
2017-03-10,37.93
2017-03-11,32.46
2017-03-12,25.65
2017-03-13,41.36
2017-03-14,51.88
2017-03-15,51.59
2017-03-16,45.46
2017-03-17,152.17
2017-03-18,72.87
2017-03-19,73.26
2017-03-20,65.26
2017-03-21,56.39
2017-03-22,55.43
2017-03-23,40.95
2017-03-24,40.99
2017-03-25,57.49
2017-03-26,45.98
2017-03-27,47.2
2017-03-28,58.95
2017-03-29,39.4
2017-03-30,39.47
2017-03-31,52.77
2017-04-01,16.38
2017-04-02,20.11
2017-04-03,42.05
2017-04-04,40.64
2017-04-05,31.96
2017-04-06,0.0
2017-04-07,0.0
2017-04-08,33.2
2017-04-09,24.29
2017-04-10,30.05
2017-04-11,41.4
2017-04-12,33.11
2017-04-13,50.72
2017-04-14,25.84
2017-04-15,24.3
2017-04-16,33.02
2017-04-17,53.08
2017-04-18,82.91
2017-04-19,32.08
2017-04-20,27.6
2017-04-21,56.22
2017-04-22,0.0
2017-04-23,0.0
2017-04-24,23.98
2017-04-25,25.74
2017-04-26,28.28
2017-04-27,25.1
2017-04-28,25.99
2017-04-29,27.14
2017-04-30,25.81
2017-05-01,23.96
2017-05-02,41.54
2017-05-03,52.43
2017-05-04,53.42
2017-05-05,194.39
2017-05-06,296.84
2017-05-07,105.49
2017-05-08,868.66
2017-05-09,0.0
2017-05-10,832.8
2017-05-11,595.88
2017-05-12,157.6
2017-05-13,53.9
2017-05-14,40.51
2017-05-15,0.0
2017-05-16,57.8
2017-05-17,41.85
2017-05-18,54.1
2017-05-19,42.41
2017-05-20,45.32
2017-05-21,43.97
2017-05-22,36.59
2017-05-23,30.55
2017-05-24,192.7
2017-05-25,37.67
2017-05-26,25.3
2017-05-27,20.42
2017-05-28,17.64
2017-05-29,19.68
2017-05-30,26.47
2017-05-31,29.12
2017-06-01,34.99
2017-06-02,47.59
2017-06-03,58.68
2017-06-04,48.49
2017-06-05,38.78
2017-06-06,89.01
2017-06-07,39.74
2017-06-08,38.25
2017-06-09,38.93
2017-06-10,44.76
2017-06-11,33.88
2017-06-12,41.62
2017-06-13,49.45
2017-06-14,36.81
2017-06-15,38.42
2017-06-16,33.06
2017-06-17,34.62
2017-06-18,42.96
2017-06-19,40.82
2017-06-20,33.69
2017-06-21,32.0
2017-06-22,37.18
2017-06-23,39.66
2017-06-24,44.85
2017-06-25,35.19
2017-06-26,36.66
2017-06-27,41.22
2017-06-28,35.76
2017-06-29,39.06
2017-06-30,30.48
2017-07-01,45.34
2017-07-02,41.09
2017-07-03,36.95
2017-07-04,43.04
2017-07-05,46.59
2017-07-06,49.08
2017-07-07,49.0
2017-07-08,48.72
2017-07-09,0.0
2017-07-10,50.31
2017-07-11,50.33
2017-07-12,48.58
2017-07-13,46.72
2017-07-14,51.53
2017-07-15,52.08
2017-07-16,50.9
2017-07-17,49.41
2017-07-18,50.64
2017-07-19,52.14
2017-07-20,44.63
2017-07-21,47.5
2017-07-22,47.06
2017-07-23,43.23
2017-07-24,47.21
2017-07-25,48.32
2017-07-26,49.32
2017-07-27,0.0
2017-07-28,0.0
2017-07-29,47.12
2017-07-30,31.41
2017-07-31,51.03
2017-08-01,43.78
2017-08-02,0.0
2017-08-03,0.0
2017-08-04,0.0
2017-08-05,0.0
2017-08-06,0.0
2017-08-07,0.0
2017-08-08,27.5
2017-08-09,0.0
2017-08-10,40.09
2017-08-11,26.23
2017-08-12,38.53
2017-08-13,38.68
2017-08-14,21.38
2017-08-15,36.69
2017-08-16,33.27
2017-08-17,43.31
2017-08-18,41.05
2017-08-19,28.53
2017-08-20,23.58
2017-08-21,36.83
2017-08-22,31.97
2017-08-23,28.94
2017-08-24,47.34
2017-08-25,38.36
2017-08-26,25.91
2017-08-27,29.99
2017-08-28,28.77
2017-08-29,18.41
2017-08-30,25.56
2017-08-31,36.13
2017-09-01,32.01
2017-09-02,27.65
2017-09-03,28.76
2017-09-04,34.81
2017-09-05,30.17
2017-09-06,29.15
2017-09-07,30.99
2017-09-08,37.7
2017-09-09,47.29
2017-09-10,24.04
2017-09-11,27.56
2017-09-12,59.49
2017-09-13,75.94
2017-09-14,35.3
2017-09-15,37.93
2017-09-16,54.76
2017-09-17,52.81
2017-09-18,71.8
2017-09-19,44.09
2017-09-20,54.21
2017-09-21,56.33
2017-09-22,76.9
2017-09-23,30.64
2017-09-24,39.43
2017-09-25,77.79
2017-09-26,69.26
2017-09-27,53.55
2017-09-28,78.12
2017-09-29,97.56
2017-09-30,203.2
2017-10-01,65.44
2017-10-02,49.0
2017-10-03,56.55
2017-10-04,64.58
2017-10-05,63.2
2017-10-06,74.82
2017-10-07,50.85
2017-10-08,60.98
2017-10-09,52.15
2017-10-10,0.0
2017-10-11,0.0
2017-10-12,0.0
2017-10-13,0.0
2017-10-14,0.0
2017-10-15,0.0
2017-10-16,0.0
2017-10-17,0.0
2017-10-18,0.0
2017-10-19,139.16
2017-10-20,248.12
2017-10-21,148.47
2017-10-22,194.47
2017-10-23,214.73
2017-10-24,71.13
2017-10-25,126.19
2017-10-26,133.53
2017-10-27,150.33
2017-10-28,165.75
2017-10-29,221.93
2017-10-30,147.44
2017-10-31,174.03
2017-11-01,145.27
2017-11-02,129.13
2017-11-03,146.53
2017-11-04,144.73
2017-11-05,160.69
2017-11-06,140.05
2017-11-07,97.78
2017-11-08,90.68
2017-11-09,113.0
2017-11-10,137.47
2017-11-11,147.97
2017-11-12,151.19
2017-11-13,121.54
2017-11-14,89.18
2017-11-15,38.17
2017-11-16,78.81
2017-11-17,111.37
2017-11-18,83.0
2017-11-19,106.43
2017-11-20,144.45
2017-11-21,128.92
2017-11-22,143.36
2017-11-23,110.68
2017-11-24,141.64
2017-11-25,143.81
2017-11-26,137.81
2017-11-27,137.05
2017-11-28,129.76
2017-11-29,146.1
2017-11-30,146.1
2017-12-01,147.77
2017-12-02,119.12
2017-12-03,130.16
2017-12-04,108.22
2017-12-05,92.93
2017-12-06,51.36
2017-12-07,106.08
2017-12-08,131.98
2017-12-09,117.47
2017-12-10,102.19
2017-12-11,44.98
2017-12-12,53.43
2017-12-13,66.28
2017-12-14,58.41
2017-12-15,53.83
2017-12-16,58.65
2017-12-17,63.41
2017-12-18,43.93
2017-12-19,75.09
2017-12-20,108.76
2017-12-21,87.22
2017-12-22,56.46
2017-12-23,72.21
2017-12-24,96.33
2017-12-25,112.36
2017-12-26,148.9
2017-12-27,177.53
2017-12-28,101.19
2017-12-29,100.84
2017-12-30,133.75
2017-12-31,158.06
2018-01-01,161.69
2018-01-02,149.97
2018-01-03,87.04
2018-01-04,0.0
2018-01-05,0.0
2018-01-06,0.0
2018-01-07,0.0
2018-01-08,0.0
2018-01-09,0.0
2018-01-10,0.0
2018-01-11,0.0
2018-01-12,98.85
2018-01-13,103.52
2018-01-14,124.02
2018-01-15,66.92
2018-01-16,77.72
2018-01-17,77.71
2018-01-18,73.58
2018-01-19,61.57
2018-01-20,70.31
2018-01-21,74.04
2018-01-22,58.91
2018-01-23,58.9
2018-01-24,26.86
2018-01-25,62.55
2018-01-26,57.51
2018-01-27,70.09
2018-01-28,53.67
2018-01-29,45.61
2018-01-30,61.12
2018-01-31,56.96
2018-02-01,44.39
2018-02-02,31.79
2018-02-03,55.78
2018-02-04,50.4
2018-02-05,58.71
2018-02-06,48.6
2018-02-07,59.76
2018-02-08,67.11
2018-02-09,69.65
2018-02-10,67.14
2018-02-11,58.38
2018-02-12,48.16
2018-02-13,16.26
2018-02-14,15.91
2018-02-15,31.96
2018-02-16,68.32
2018-02-17,41.54
2018-02-18,53.44
2018-02-19,52.41
2018-02-20,69.46
2018-02-21,54.32
2018-02-22,43.14
2018-02-23,52.39
2018-02-24,29.75
2018-02-25,0.0
2018-02-26,27.2
2018-02-27,58.6
2018-02-28,57.97
2018-03-01,46.84
2018-03-02,16.77
2018-03-03,25.72
2018-03-04,19.79
2018-03-05,31.52
2018-03-06,47.8
2018-03-07,58.97
2018-03-08,51.79
2018-03-09,29.06
2018-03-10,28.63
2018-03-11,42.29
2018-03-12,48.66
2018-03-13,54.53
2018-03-14,40.21
2018-03-15,27.42
2018-03-16,20.92
2018-03-17,30.1
2018-03-18,43.88
2018-03-19,44.86
2018-03-20,56.47
2018-03-21,20.96
2018-03-22,15.44
2018-03-23,37.84
2018-03-24,53.87
2018-03-25,52.32
2018-03-26,85.49
2018-03-27,79.32
2018-03-28,58.0
2018-03-29,43.46
2018-03-30,0.0
2018-03-31,60.49
2018-04-01,42.65
2018-04-02,34.55
2018-04-03,65.85
2018-04-04,60.17
2018-04-05,52.95
2018-04-06,46.28
2018-04-07,34.09
2018-04-08,42.13
2018-04-09,28.51
2018-04-10,34.87
2018-04-11,18.64
2018-04-12,28.11
2018-04-13,42.29
2018-04-14,52.59
2018-04-15,55.56
2018-04-16,33.87
2018-04-17,22.94
2018-04-18,35.71
2018-04-19,43.0
2018-04-20,17.8
2018-04-21,21.1
2018-04-22,23.62
2018-04-23,29.8
2018-04-24,60.36
2018-04-25,69.33
2018-04-26,43.85
2018-04-27,81.81
2018-04-28,71.4
2018-04-29,61.67
2018-04-30,64.92
2018-05-01,77.06
2018-05-02,60.54
2018-05-03,37.37
2018-05-04,46.96
2018-05-05,60.38
2018-05-06,43.89
2018-05-07,26.75
2018-05-08,31.61
2018-05-09,58.47
2018-05-10,99.65
2018-05-11,108.04
2018-05-12,118.6
2018-05-13,41.29
2018-05-14,51.48
2018-05-15,75.55
2018-05-16,56.32
2018-05-17,92.14
2018-05-18,84.74
2018-05-19,72.32
2018-05-20,67.71
2018-05-21,74.3
2018-05-22,104.43
2018-05-23,52.81
2018-05-24,51.88
2018-05-25,62.72
2018-05-26,74.08
2018-05-27,72.53
2018-05-28,108.07
2018-05-29,74.32
2018-05-30,66.86
2018-05-31,75.49
2018-06-01,99.15
2018-06-02,48.66
2018-06-03,67.25
2018-06-04,61.84
2018-06-05,59.22
2018-06-06,0.0
2018-06-07,53.32
2018-06-08,54.7
2018-06-09,29.87
2018-06-10,50.25
2018-06-11,51.72
2018-06-12,63.27
2018-06-13,83.88
2018-06-14,194.84
2018-06-15,262.84
2018-06-16,145.95
2018-06-17,49.36
2018-06-18,41.53
2018-06-19,39.78
2018-06-20,44.05
2018-06-21,33.94
2018-06-22,40.94
2018-06-23,32.02
2018-06-24,41.94
2018-06-25,45.02
2018-06-26,49.85
2018-06-27,30.38
2018-06-28,21.99
2018-06-29,14.6
2018-06-30,26.32
2018-07-01,39.38
2018-07-02,42.91
2018-07-03,29.81
2018-07-04,57.48
2018-07-05,35.43
2018-07-06,57.96
2018-07-07,51.58
2018-07-08,41.99
2018-07-09,43.36
2018-07-10,52.64
2018-07-11,28.48
2018-07-12,36.03
2018-07-13,16.45
2018-07-14,21.83
2018-07-15,21.47
2018-07-16,28.43
2018-07-17,22.09
2018-07-18,24.9
2018-07-19,18.52
2018-07-20,26.85
2018-07-21,27.89
2018-07-22,25.89
2018-07-23,23.24
2018-07-24,24.15
2018-07-25,28.38
2018-07-26,14.82
2018-07-27,10.8
2018-07-28,0.0
2018-07-29,0.0
2018-07-30,0.0
2018-07-31,0.0
2018-08-01,0.0
2018-08-02,0.0
2018-08-03,0.0
2018-08-04,0.0
2018-08-05,0.0
2018-08-06,0.0
2018-08-07,0.0
2018-08-08,0.0
2018-08-09,0.0
2018-08-10,0.0
2018-08-11,0.0
2018-08-12,0.0
2018-08-13,0.0
2018-08-14,0.0
2018-08-15,0.0
2018-08-16,0.0
2018-08-17,0.0
2018-08-18,0.0
2018-08-19,0.0
2018-08-20,0.0
2018-08-21,19.92
2018-08-22,0.0
2018-08-23,0.0
2018-08-24,0.0
2018-08-25,0.0
2018-08-26,0.0
2018-08-27,0.0
2018-08-28,0.0
2018-08-29,0.0
2018-08-30,0.0
2018-08-31,0.0
2018-09-01,0.0
2018-09-02,0.0
2018-09-03,0.0
2018-09-04,0.0
2018-09-05,0.0
2018-09-06,0.0
2018-09-07,0.0
2018-09-08,0.0
2018-09-09,0.0
2018-09-10,0.0
2018-09-11,0.0
2018-09-12,0.0
2018-09-13,0.0
2018-09-14,0.0
2018-09-15,0.0
2018-09-16,0.0
2018-09-17,0.0
2018-09-18,0.0
2018-09-19,0.0
2018-09-20,0.0
2018-09-21,0.0
2018-09-22,0.0
2018-09-23,0.0
2018-09-24,0.0
2018-09-25,0.0
2018-09-26,0.0
2018-09-27,0.0
2018-09-28,0.0
2018-09-29,0.0
2018-09-30,0.0
2018-10-01,0.0
2018-10-02,0.0
2018-10-03,0.0
2018-10-04,0.0
2018-10-05,0.0
2018-10-06,0.0
2018-10-07,0.0
2018-10-08,0.0
2018-10-09,0.0
2018-10-10,0.0
2018-10-11,0.0
2018-10-12,0.0
2018-10-13,0.0
2018-10-14,0.0
2018-10-15,0.0
2018-10-16,0.0
2018-10-17,0.0
2018-10-18,0.0
2018-10-19,0.0
2018-10-20,0.0
2018-10-21,41.99
2018-10-22,59.95
2018-10-23,48.96
2018-10-24,61.79
2018-10-25,37.17
2018-10-26,42.12
2018-10-27,48.55
2018-10-28,45.78
2018-10-29,57.31
2018-10-30,57.94
2018-10-31,49.3
2018-11-01,116.63
2018-11-02,33.74
2018-11-03,48.76
2018-11-04,27.22
2018-11-05,27.75
2018-11-06,31.86
2018-11-07,73.92
2018-11-08,96.85
2018-11-09,60.41
2018-11-10,54.89
2018-11-11,62.42
2018-11-12,33.74
2018-11-13,45.16
2018-11-14,42.61
2018-11-15,38.93
2018-11-16,49.87
2018-11-17,71.74
2018-11-18,54.93
2018-11-19,48.16
2018-11-20,52.3
2018-11-21,93.43
2018-11-22,112.18
2018-11-23,46.38
2018-11-24,45.32
2018-11-25,68.66
2018-11-26,63.86
2018-11-27,69.37
2018-11-28,63.2
2018-11-29,65.15
2018-11-30,62.87
2018-12-01,62.95
2018-12-02,41.91
2018-12-03,53.8
2018-12-04,76.21
2018-12-05,61.69
2018-12-06,70.49
2018-12-07,63.57
2018-12-08,69.19
2018-12-09,73.15
2018-12-10,54.54
2018-12-11,23.84
2018-12-12,34.41
2018-12-13,35.39
2018-12-14,43.93
2018-12-15,37.55
2018-12-16,49.82
2018-12-17,61.91
2018-12-18,72.97
2018-12-19,81.51
2018-12-20,56.93
2018-12-21,56.6
2018-12-22,62.09
2018-12-23,75.18
2018-12-24,64.23
2018-12-25,68.66
2018-12-26,74.91
2018-12-27,72.08
2018-12-28,70.27
2018-12-29,98.32
2018-12-30,78.83
2018-12-31,78.42
2019-01-01,92.38
2019-01-02,77.42
2019-01-03,45.44
2019-01-04,34.45
2019-01-05,28.29
2019-01-06,14.54
2019-01-07,24.39
2019-01-08,27.89
2019-01-09,37.34
2019-01-10,45.99
2019-01-11,69.5
2019-01-12,52.22
2019-01-13,27.56
2019-01-14,28.1
2019-01-15,47.88
2019-01-16,70.18
2019-01-17,64.8
2019-01-18,34.37
2019-01-19,2.85
2019-01-20,15.53
2019-01-21,14.88
2019-01-22,9.17
2019-01-23,10.42
2019-01-24,39.63
2019-01-25,73.78
2019-01-26,44.72
2019-01-27,34.14
2019-01-28,58.49
2019-01-29,56.89
2019-01-30,70.78
2019-01-31,33.66
2019-02-01,34.5
2019-02-02,40.16
2019-02-03,47.96
2019-02-04,67.94
2019-02-05,48.54
2019-02-06,82.06
2019-02-07,45.96
2019-02-08,30.86
2019-02-09,36.56
2019-02-10,72.25
2019-02-11,41.63
2019-02-12,72.66
2019-02-13,77.14
2019-02-14,47.29
2019-02-15,16.68
2019-02-16,34.55
2019-02-17,61.25
2019-02-18,21.95
2019-02-19,25.43
2019-02-20,36.81
2019-02-21,44.38
2019-02-22,41.11
2019-02-23,40.75
2019-02-24,63.67
2019-02-25,63.92
2019-02-26,36.2
2019-02-27,35.6
2019-02-28,37.12
2019-03-01,57.28
2019-03-02,19.68
2019-03-03,19.43
2019-03-04,23.77
2019-03-05,37.84
2019-03-06,46.13
2019-03-07,74.7
2019-03-08,44.85
2019-03-09,37.6
2019-03-10,67.44
2019-03-11,37.63
2019-03-12,37.63
2019-03-13,69.9
2019-03-14,49.28
2019-03-15,43.24
2019-03-16,43.63
2019-03-17,74.37
2019-03-18,70.64
2019-03-19,71.22
2019-03-20,30.74
2019-03-21,40.85
2019-03-22,36.84
2019-03-23,54.1
2019-03-24,43.03
2019-03-25,52.6
2019-03-26,66.24
2019-03-27,88.86
2019-03-28,86.36
2019-03-29,73.09
2019-03-30,60.48
2019-03-31,28.25
2019-04-01,43.8
2019-04-02,71.36
2019-04-03,54.24
2019-04-04,66.98
2019-04-05,84.64
2019-04-06,92.19
2019-04-07,28.98
2019-04-08,34.9
2019-04-09,70.98
2019-04-10,53.72
2019-04-11,53.68
2019-04-12,35.58
2019-04-13,33.04
2019-04-14,43.46
2019-04-15,49.03
2019-04-16,38.2
2019-04-17,30.8
2019-04-18,31.83
2019-04-19,43.3
2019-04-20,47.63
2019-04-21,64.79
2019-04-22,79.94
2019-04-23,62.45
2019-04-24,35.46
2019-04-25,36.93
2019-04-26,38.07
2019-04-27,60.35
2019-04-28,61.59
2019-04-29,58.58
2019-04-30,47.27
2019-05-01,43.45
2019-05-02,38.35
2019-05-03,30.74
2019-05-04,43.75
2019-05-05,74.98
2019-05-06,59.63
2019-05-07,65.93
2019-05-08,54.21
2019-05-09,84.41
2019-05-10,97.06
2019-05-11,93.87
2019-05-12,37.95
2019-05-13,90.72
2019-05-14,36.44
2019-05-15,69.3
2019-05-16,34.17
2019-05-17,38.31
2019-05-18,31.87
2019-05-19,49.54
2019-05-20,37.44
2019-05-21,46.62
2019-05-22,58.24
2019-05-23,38.7
2019-05-24,26.47
2019-05-25,22.15
2019-05-26,34.8
2019-05-27,32.11
2019-05-28,38.02
2019-05-29,43.03
2019-05-30,57.3
2019-05-31,55.89
2019-06-01,58.44
2019-06-02,49.65
2019-06-03,63.82
2019-06-04,38.14
2019-06-05,51.45
2019-06-06,46.72
2019-06-07,35.52
2019-06-08,39.76
2019-06-09,39.17
2019-06-10,34.67
2019-06-11,50.27
2019-06-12,52.25
2019-06-13,40.12
2019-06-14,41.37
2019-06-15,71.78
2019-06-16,44.71
2019-06-17,62.47
2019-06-18,52.47
2019-06-19,55.22
2019-06-20,31.45
2019-06-21,22.63
2019-06-22,30.66
2019-06-23,30.83
2019-06-24,20.91
2019-06-25,16.57
2019-06-26,24.92
2019-06-27,22.93
2019-06-28,39.66
2019-06-29,39.39
2019-06-30,34.2
2019-07-01,38.51
2019-07-02,35.45
2019-07-03,39.52
2019-07-04,39.29
2019-07-05,15.97
2019-07-06,33.24
2019-07-07,23.68
2019-07-08,38.8
2019-07-09,25.52
2019-07-10,52.38
2019-07-11,60.87
2019-07-12,48.44
2019-07-13,50.87
2019-07-14,24.63
2019-07-15,41.52
2019-07-16,32.36
2019-07-17,24.46
2019-07-18,31.59
2019-07-19,29.65
2019-07-20,36.65
2019-07-21,34.1
2019-07-22,43.15
2019-07-23,48.85
2019-07-24,43.72
2019-07-25,28.22
2019-07-26,24.73
2019-07-27,27.5
2019-07-28,26.73
2019-07-29,29.12
2019-07-30,25.95
2019-07-31,17.41
2019-08-01,23.92
2019-08-02,16.58
2019-08-03,24.34
2019-08-04,41.6
2019-08-05,31.11
2019-08-06,33.02
2019-08-07,27.95
2019-08-08,27.18
2019-08-09,21.42
2019-08-10,21.94
2019-08-11,27.52
2019-08-12,32.26
2019-08-13,20.54
2019-08-14,23.62
2019-08-15,23.28
2019-08-16,22.43
2019-08-17,19.43
2019-08-18,11.69
2019-08-19,16.58
2019-08-20,25.06
2019-08-21,42.78
2019-08-22,34.69
2019-08-23,34.9
2019-08-24,42.01
2019-08-25,0.0
2019-08-26,36.18
2019-08-27,36.3
2019-08-28,44.57
2019-08-29,35.47
2019-08-30,37.27
2019-08-31,42.27
2019-09-01,41.31
2019-09-02,29.85
2019-09-03,41.67
2019-09-04,43.4
2019-09-05,20.82
2019-09-06,32.17
2019-09-07,32.83
2019-09-08,28.54
2019-09-09,38.61
2019-09-10,39.22
2019-09-11,41.36
2019-09-12,40.96
2019-09-13,35.44
2019-09-14,45.56
2019-09-15,42.86
2019-09-16,33.95
2019-09-17,37.32
2019-09-18,43.51
2019-09-19,31.24
2019-09-20,27.76
2019-09-21,33.91
2019-09-22,46.92
2019-09-23,29.63
2019-09-24,29.2
2019-09-25,60.23
2019-09-26,78.08
2019-09-27,35.0
2019-09-28,21.75
2019-09-29,12.58
2019-09-30,16.26
2019-10-01,18.15
2019-10-02,27.76
2019-10-03,28.07
2019-10-04,24.0
2019-10-05,30.18
2019-10-06,66.88
2019-10-07,34.53
2019-10-08,48.2
2019-10-09,47.82
2019-10-10,36.76
2019-10-11,67.93
2019-10-12,80.09
2019-10-13,89.61
2019-10-14,76.11
2019-10-15,45.01
2019-10-16,60.98
2019-10-17,58.05
2019-10-18,38.85
2019-10-19,22.66
2019-10-20,42.86
2019-10-21,62.48
2019-10-22,80.27
2019-10-23,96.33
2019-10-24,84.31
2019-10-25,90.71
2019-10-26,107.98
2019-10-27,116.05
2019-10-28,249.1
2019-10-29,111.47
2019-10-30,127.13
2019-10-31,139.65
2019-11-01,154.49
2019-11-02,110.95
2019-11-03,155.83
2019-11-04,104.21
2019-11-05,97.09
2019-11-06,137.13
2019-11-07,34.94
2019-11-08,24.18
2019-11-09,42.84
2019-11-10,84.92
2019-11-11,84.63
2019-11-12,168.71
2019-11-13,189.44
2019-11-14,148.61
2019-11-15,103.87
2019-11-16,86.49
2019-11-17,42.18
2019-11-18,101.44
2019-11-19,147.55
2019-11-20,91.41
2019-11-21,112.55
2019-11-22,57.31
2019-11-23,24.07
2019-11-24,32.98
2019-11-25,39.29
2019-11-26,30.77
2019-11-27,31.91
2019-11-28,25.36
2019-11-29,26.37
2019-11-30,41.64
2019-12-01,60.29
2019-12-02,84.89
2019-12-03,87.69
2019-12-04,90.75
2019-12-05,66.85
2019-12-06,54.62
2019-12-07,74.16
2019-12-08,67.0
2019-12-09,103.57
2019-12-10,128.64
2019-12-11,86.0
2019-12-12,28.77
2019-12-13,24.95
2019-12-14,39.26
2019-12-15,30.72
2019-12-16,41.03
2019-12-17,49.45
2019-12-18,58.96
2019-12-19,63.18
2019-12-20,108.34
2019-12-21,52.95
2019-12-22,62.11
2019-12-23,69.27
2019-12-24,97.42
2019-12-25,52.73
2019-12-26,58.57
2019-12-27,77.3
2019-12-28,80.31
2019-12-29,80.8
2019-12-30,71.17
2019-12-31,71.0
2020-01-01,94.38
2020-01-02,80.8
2020-01-03,78.22
2020-01-04,96.86
2020-01-05,65.12
2020-01-06,33.39
2020-01-07,36.74
2020-01-08,24.14
2020-01-09,56.17
2020-01-10,55.79
2020-01-11,55.64
2020-01-12,44.56
2020-01-13,47.0
2020-01-14,31.25
2020-01-15,54.01
2020-01-16,45.32
2020-01-17,77.37
2020-01-18,68.12
2020-01-19,57.46
2020-01-20,64.93
2020-01-21,37.05
2020-01-22,21.05
2020-01-23,27.42
2020-01-24,43.96
2020-01-25,71.6
2020-01-26,45.03
2020-01-27,61.56
2020-01-28,42.4
2020-01-29,20.48
2020-01-30,27.36
2020-01-31,21.43
2020-02-01,0.0
2020-02-02,0.0
2020-02-03,13.46
2020-02-04,67.56
2020-02-05,55.53
2020-02-06,74.16
2020-02-07,62.25
2020-02-08,92.15
2020-02-09,113.54
2020-02-10,63.68
2020-02-11,84.93
2020-02-12,38.88
2020-02-13,42.33
2020-02-14,33.14
2020-02-15,41.33
2020-02-16,69.4
2020-02-17,66.39
2020-02-18,59.59
2020-02-19,57.33
2020-02-20,49.81
2020-02-21,16.41
2020-02-22,34.54
2020-02-23,42.49
2020-02-24,54.38
2020-02-25,58.55
2020-02-26,71.27
2020-02-27,58.17
2020-02-28,67.24
2020-02-29,26.4
2020-03-01,22.15
2020-03-02,32.33
2020-03-03,33.46
2020-03-04,55.5
2020-03-05,22.09
2020-03-06,17.61
2020-03-07,17.0
2020-03-08,25.44
2020-03-09,20.71
2020-03-10,43.24
2020-03-11,40.15
2020-03-12,18.34
2020-03-13,17.08
2020-03-14,21.05
2020-03-15,25.65
2020-03-16,38.07
2020-03-17,41.78
2020-03-18,45.62
2020-03-19,39.08
2020-03-20,40.61
2020-03-21,33.78
2020-03-22,24.57
2020-03-23,30.12
2020-03-24,26.35
2020-03-25,15.6
2020-03-26,22.63
2020-03-27,20.29
2020-03-28,12.03
2020-03-29,17.74
2020-03-30,21.35
2020-03-31,21.91
2020-04-01,14.18
2020-04-02,13.97
2020-04-03,17.52
2020-04-04,22.8
2020-04-05,34.73
2020-04-06,0.0
2020-04-07,0.0
2020-04-08,0.0
2020-04-09,0.0
2020-04-10,0.0
2020-04-11,16.56
2020-04-12,20.09
2020-04-13,29.47
2020-04-14,22.37
2020-04-15,32.05
2020-04-16,22.61
2020-04-17,17.45
2020-04-18,8.8
2020-04-19,11.33
2020-04-20,16.35
2020-04-21,9.84
2020-04-22,13.72
2020-04-23,14.67
2020-04-24,20.68
2020-04-25,15.74
2020-04-26,14.78
2020-04-27,11.2
2020-04-28,13.63
2020-04-29,24.61
2020-04-30,23.98
2020-05-01,32.01
2020-05-02,28.37
2020-05-03,15.46
2020-05-04,19.64
2020-05-05,18.81
2020-05-06,23.32
2020-05-07,18.39
2020-05-08,34.0
2020-05-09,37.31
2020-05-10,39.62
2020-05-11,32.14
2020-05-12,24.59
2020-05-13,44.76
2020-05-14,42.22
2020-05-15,21.61
2020-05-16,35.91
2020-05-17,39.96
2020-05-18,44.56
2020-05-19,34.55
2020-05-20,43.35
2020-05-21,52.58
2020-05-22,68.2
2020-05-23,54.78
2020-05-24,29.01
2020-05-25,16.29
2020-05-26,51.47
2020-05-27,37.21
2020-05-28,43.68
2020-05-29,29.99
2020-05-30,24.14
2020-05-31,13.33
2020-06-01,19.12
2020-06-02,26.84
2020-06-03,26.72
2020-06-04,30.13
2020-06-05,20.75
2020-06-06,15.5
2020-06-07,26.99
2020-06-08,27.07
2020-06-09,29.6
2020-06-10,28.73
2020-06-11,31.56
2020-06-12,27.87
2020-06-13,24.76
2020-06-14,31.92
2020-06-15,28.49
2020-06-16,37.0
2020-06-17,40.46
2020-06-18,34.6
2020-06-19,47.94
2020-06-20,55.58
2020-06-21,60.73
2020-06-22,39.81
2020-06-23,68.81
2020-06-24,23.77
2020-06-25,31.68
2020-06-26,32.85
2020-06-27,51.1
2020-06-28,45.24
2020-06-29,26.77
2020-06-30,41.64
2020-07-01,57.67
2015-01-01,0.0
2015-01-02,0.0
2015-01-03,0.0
2015-01-04,0.0
2015-01-05,0.0
2015-01-06,0.0
2015-01-07,0.0
2015-01-08,0.0
2015-01-09,0.0
2015-01-10,0.0
2015-01-11,0.0
2015-01-12,0.0
2015-01-13,0.0
2015-01-14,0.0
2015-01-15,0.0
2015-01-16,0.0
2015-01-17,0.0
2015-01-18,0.0
2015-01-19,0.0
2015-01-20,0.0
2015-01-21,0.0
2015-01-22,0.0
2015-01-23,0.0
2015-01-24,0.0
2015-01-25,0.0
2015-01-26,0.0
2015-01-27,0.0
2015-01-28,0.0
2015-01-29,0.0
2015-01-30,0.0
2015-01-31,0.0
2015-02-01,0.0
2015-02-02,0.0
2015-02-03,0.0
2015-02-04,0.0
2015-02-05,0.0
2015-02-06,0.0
2015-02-07,0.0
2015-02-08,0.0
2015-02-09,0.0
2015-02-10,0.0
2015-02-11,0.0
2015-02-12,0.0
2015-02-13,0.0
2015-02-14,0.0
2015-02-15,0.0
2015-02-16,0.0
2015-02-17,0.0
2015-02-18,0.0
2015-02-19,0.0
2015-02-20,0.0
2015-02-21,0.0
2015-02-22,0.0
2015-02-23,0.0
2015-02-24,0.0
2015-02-25,0.0
2015-02-26,0.0
2015-02-27,0.0
2015-02-28,0.0
2015-03-01,0.0
2015-03-02,0.0
2015-03-03,0.0
2015-03-04,0.0
2015-03-05,0.0
2015-03-06,0.0
2015-03-07,0.0
2015-03-08,0.0
2015-03-09,0.0
2015-03-10,0.0
2015-03-11,0.0
2015-03-12,0.0
2015-03-13,0.0
2015-03-14,0.0
2015-03-15,0.0
2015-03-16,0.0
2015-03-17,0.0
2015-03-18,0.0
2015-03-19,0.0
2015-03-20,30.65
2015-03-21,48.59
2015-03-22,47.38
2015-03-23,65.65
2015-03-24,60.47
2015-03-25,62.56
2015-03-26,60.73
2015-03-27,42.1
2015-03-28,40.0
2015-03-29,32.16
2015-03-30,30.78
2015-03-31,38.99
2015-04-01,36.42
2015-04-02,38.15
2015-04-03,35.11
2015-04-04,36.68
2015-04-05,36.92
2015-04-06,31.78
2015-04-07,37.25
2015-04-08,29.8
2015-04-09,25.06
2015-04-10,24.4
2015-04-11,32.08
2015-04-12,19.72
2015-04-13,17.03
2015-04-14,19.73
2015-04-15,22.52
2015-04-16,21.36
2015-04-17,24.35
2015-04-18,18.33
2015-04-19,17.66
2015-04-20,27.46
2015-04-21,27.94
2015-04-22,23.81
2015-04-23,23.11
2015-04-24,15.12
2015-04-25,19.59
2015-04-26,69.85
2015-04-27,24.62
2015-04-28,32.92
2015-04-29,44.53
2015-04-30,26.68
2015-05-01,39.06
2015-05-02,50.83
2015-05-03,62.58
2015-05-04,45.26
2015-05-05,40.37
2015-05-06,43.21
2015-05-07,41.53
2015-05-08,27.85
2015-05-09,36.83
2015-05-10,40.81
2015-05-11,36.11
2015-05-12,28.76
2015-05-13,40.74
2015-05-14,23.77
2015-05-15,17.34
2015-05-16,30.45
2015-05-17,15.8
2015-05-18,20.12
2015-05-19,25.27
2015-05-20,26.7
2015-05-21,27.84
2015-05-22,29.52
2015-05-23,27.97
2015-05-24,28.17
2015-05-25,27.71
2015-05-26,28.01
2015-05-27,31.7
2015-05-28,48.08
2015-05-29,30.77
2015-05-30,26.15
2015-05-31,40.71
2015-06-01,23.69
2015-06-02,23.95
2015-06-03,21.51
2015-06-04,25.56
2015-06-05,22.41
2015-06-06,16.02
2015-06-07,12.69
2015-06-08,13.29
2015-06-09,12.11
2015-06-10,13.66
2015-06-11,14.56
2015-06-12,14.76
2015-06-13,12.29
2015-06-14,11.72
2015-06-15,15.7
2015-06-16,22.94
2015-06-17,19.54
2015-06-18,22.68
2015-06-19,21.86
2015-06-20,18.74
2015-06-21,18.81
2015-06-22,15.11
2015-06-23,17.47
2015-06-24,15.92
2015-06-25,13.58
2015-06-26,14.52
2015-06-27,27.25
2015-06-28,20.99
2015-06-29,22.26
2015-06-30,23.51
2015-07-01,19.76
2015-07-02,20.24
2015-07-03,17.28
2015-07-04,21.52
2015-07-05,19.43
2015-07-06,19.27
2015-07-07,23.27
2015-07-08,18.63
2015-07-09,14.52
2015-07-10,12.84
2015-07-11,19.08
2015-07-12,23.45
2015-07-13,25.62
2015-07-14,27.03
2015-07-15,24.09
2015-07-16,23.17
2015-07-17,26.84
2015-07-18,19.24
2015-07-19,14.46
2015-07-20,14.3
2015-07-21,19.29
2015-07-22,21.39
2015-07-23,45.86
2015-07-24,18.38
2015-07-25,24.44
2015-07-26,25.14
2015-07-27,13.85
2015-07-28,16.63
2015-07-29,19.04
2015-07-30,24.43
2015-07-31,19.16
2015-08-01,18.18
2015-08-02,15.52
2015-08-03,18.67
2015-08-04,15.85
2015-08-05,18.26
2015-08-06,17.94
2015-08-07,21.86
2015-08-08,46.86
2015-08-09,54.42
2015-08-10,21.02
2015-08-11,21.1
2015-08-12,16.64
2015-08-13,14.99
2015-08-14,20.21
2015-08-15,18.04
2015-08-16,20.8
2015-08-17,15.35
2015-08-18,27.31
2015-08-19,32.13
2015-08-20,23.26
2015-08-21,17.9
2015-08-22,10.99
2015-08-23,12.9
2015-08-24,22.29
2015-08-25,20.06
2015-08-26,17.38
2015-08-27,14.67
2015-08-28,18.96
2015-08-29,20.56
2015-08-30,17.27
2015-08-31,23.42
2015-09-01,24.9
2015-09-02,23.54
2015-09-03,24.49
2015-09-04,26.16
2015-09-05,27.38
2015-09-06,18.38
2015-09-07,16.34
2015-09-08,22.47
2015-09-09,29.6
2015-09-10,15.21
2015-09-11,18.09
2015-09-12,16.68
2015-09-13,12.24
2015-09-14,14.99
2015-09-15,11.75
2015-09-16,11.47
2015-09-17,10.93
2015-09-18,13.18
2015-09-19,13.47
2015-09-20,7.32
2015-09-21,16.51
2015-09-22,28.38
2015-09-23,27.74
2015-09-24,29.1
2015-09-25,17.48
2015-09-26,14.95
2015-09-27,27.29
2015-09-28,19.98
2015-09-29,31.36
2015-09-30,35.5
2015-10-01,26.25
2015-10-02,22.3
2015-10-03,13.97
2015-10-04,9.63
2015-10-05,28.7
2015-10-06,35.04
2015-10-07,15.82
2015-10-08,12.14
2015-10-09,14.44
2015-10-10,12.01
2015-10-11,10.02
2015-10-12,17.14
2015-10-13,25.65
2015-10-14,31.78
2015-10-15,46.63
2015-10-16,49.23
2015-10-17,40.76
2015-10-18,31.18
2015-10-19,42.02
2015-10-20,43.32
2015-10-21,42.64
2015-10-22,55.94
2015-10-23,51.0
2015-10-24,45.13
2015-10-25,38.26
2015-10-26,47.1
2015-10-27,42.92
2015-10-28,36.44
2015-10-29,29.17
2015-10-30,31.78
2015-10-31,25.77
2015-11-01,29.89
2015-11-02,28.56
2015-11-03,31.05
2015-11-04,43.1
2015-11-05,30.36
2015-11-06,37.22
2015-11-07,31.44
2015-11-08,31.4
2015-11-09,34.92
2015-11-10,12.63
2015-11-11,48.94
2015-11-12,63.69
2015-11-13,28.22
2015-11-14,42.42
2015-11-15,42.23
2015-11-16,16.03
2015-11-17,0.0
2015-11-18,19.32
2015-11-19,21.99
2015-11-20,13.89
2015-11-21,16.06
2015-11-22,16.97
2015-11-23,19.66
2015-11-24,20.35
2015-11-25,34.39
2015-11-26,43.91
2015-11-27,44.14
2015-11-28,44.94
2015-11-29,29.35
2015-11-30,15.34
2015-12-01,14.18
2015-12-02,13.36
2015-12-03,19.86
2015-12-04,28.35
2015-12-05,25.04
2015-12-06,29.12
2015-12-07,41.16
2015-12-08,46.33
2015-12-09,48.01
2015-12-10,35.48
2015-12-11,32.95
2015-12-12,50.19
2015-12-13,34.57
2015-12-14,52.06
2015-12-15,39.67
2015-12-16,50.47
2015-12-17,41.04
2015-12-18,56.62
2015-12-19,42.57
2015-12-20,60.44
2015-12-21,48.4
2015-12-22,49.54
2015-12-23,49.42
2015-12-24,61.58
2015-12-25,68.48
2015-12-26,57.15
2015-12-27,76.35
2015-12-28,85.66
2015-12-29,49.06
2015-12-30,48.16
2015-12-31,71.06
2016-01-01,56.4
2016-01-02,53.69
2016-01-03,62.35
2016-01-04,64.96
2016-01-05,70.15
2016-01-06,68.22
2016-01-07,68.74
2016-01-08,67.9
2016-01-09,79.8
2016-01-10,76.18
2016-01-11,61.48
2016-01-12,73.5
2016-01-13,70.78
2016-01-14,75.01
2016-01-15,42.84
2016-01-16,77.23
2016-01-17,68.98
2016-01-18,73.89
2016-01-19,75.45
2016-01-20,78.07
2016-01-21,53.45
2016-01-22,63.58
2016-01-23,57.91
2016-01-24,41.36
2016-01-25,51.7
2016-01-26,54.34
2016-01-27,54.33
2016-01-28,84.84
2016-01-29,87.02
2016-01-30,71.42
2016-01-31,119.16
2016-02-01,84.45
2016-02-02,76.8
2016-02-03,75.57
2016-02-04,74.6
2016-02-05,72.11
2016-02-06,63.42
2016-02-07,82.78
2016-02-08,75.98
2016-02-09,85.33
2016-02-10,84.32
2016-02-11,91.95
2016-02-12,83.66
2016-02-13,85.96
2016-02-14,62.08
2016-02-15,56.57
2016-02-16,42.58
2016-02-17,49.6
2016-02-18,54.56
2016-02-19,44.26
2016-02-20,53.12
2016-02-21,57.32
2016-02-22,90.07
2016-02-23,134.69
2016-02-24,110.05
2016-02-25,66.98
2016-02-26,51.96
2016-02-27,36.28
2016-02-28,35.63
2016-02-29,41.64
2016-03-01,39.21
2016-03-02,42.17
2016-03-03,54.91
2016-03-04,54.04
2016-03-05,55.72
2016-03-06,45.98
2016-03-07,43.69
2016-03-08,44.74
2016-03-09,51.06
2016-03-10,53.1
2016-03-11,60.7
2016-03-12,59.53
2016-03-13,64.29
2016-03-14,67.65
2016-03-15,68.48
2016-03-16,76.33
2016-03-17,72.22
2016-03-18,60.58
2016-03-19,98.29
2016-03-20,239.54
2016-03-21,121.43
2016-03-22,66.36
2016-03-23,29.73
2016-03-24,34.49
2016-03-25,32.59
2016-03-26,56.05
2016-03-27,63.5
2016-03-28,57.92
2016-03-29,48.28
2016-03-30,42.65
2016-03-31,50.78
2016-04-01,49.33
2016-04-02,51.78
2016-04-03,53.54
2016-04-04,54.8
2016-04-05,49.84
2016-04-06,63.16
2016-04-07,46.24
2016-04-08,34.18
2016-04-09,33.01
2016-04-10,31.3
2016-04-11,31.68
2016-04-12,36.98
2016-04-13,36.88
2016-04-14,35.46
2016-04-15,35.31
2016-04-16,34.85
2016-04-17,36.9
2016-04-18,38.81
2016-04-19,34.65
2016-04-20,31.89
2016-04-21,33.61
2016-04-22,34.83
2016-04-23,39.01
2016-04-24,39.53
2016-04-25,37.17
2016-04-26,39.88
2016-04-27,32.59
2016-04-28,47.42
2016-04-29,48.78
2016-04-30,46.6
2016-05-01,35.86
2016-05-02,39.87
2016-05-03,40.79
2016-05-04,57.96
2016-05-05,46.0
2016-05-06,23.99
2016-05-07,27.21
2016-05-08,26.43
2016-05-09,20.46
2016-05-10,32.5
2016-05-11,57.81
2016-05-12,31.19
2016-05-13,34.06
2016-05-14,33.05
2016-05-15,28.39
2016-05-16,27.01
2016-05-17,36.67
2016-05-18,27.51
2016-05-19,28.47
2016-05-20,22.27
2016-05-21,42.52
2016-05-22,152.94
2016-05-23,28.65
2016-05-24,25.75
2016-05-25,0.0
2016-05-26,0.0
2016-05-27,0.0
2016-05-28,0.0
2016-05-29,0.0
2016-05-30,35.98
2016-05-31,27.6
2016-06-01,17.15
2016-06-02,17.71
2016-06-03,0.0
2016-06-04,0.0
2016-06-05,0.0
2016-06-06,0.0
2016-06-07,0.0
2016-06-08,0.0
2016-06-09,0.0
2016-06-10,0.0
2016-06-11,0.0
2016-06-12,0.0
2016-06-13,0.0
2016-06-14,0.0
2016-06-15,0.0
2016-06-16,0.0
2016-06-17,33.9
2016-06-18,31.98
2016-06-19,26.77
2016-06-20,27.61
2016-06-21,28.24
2016-06-22,29.83
2016-06-23,19.0
2016-06-24,15.04
2016-06-25,0.0
2016-06-26,0.0
2016-06-27,16.54
2016-06-28,27.23
2016-06-29,115.98
2016-06-30,13.95
2016-07-01,25.0
2016-07-02,31.8
2016-07-03,17.36
2016-07-04,19.4
2016-07-05,18.36
2016-07-06,17.26
2016-07-07,15.02
2016-07-08,0.0
2016-07-09,0.0
2016-07-10,8.98
2016-07-11,0.0
2016-07-12,0.0
2016-07-13,0.0
2016-07-14,0.0
2016-07-15,0.0
2016-07-16,0.0
2016-07-17,0.0
2016-07-18,218.17
2016-07-19,55.51
2016-07-20,25.56
2016-07-21,26.7
2016-07-22,20.15
2016-07-23,0.0
2016-07-24,12.42
2016-07-25,11.01
2016-07-26,32.56
2016-07-27,22.79
2016-07-28,17.0
2016-07-29,22.19
2016-07-30,8.74
2016-07-31,18.9
2016-08-01,17.54
2016-08-02,20.06
2016-08-03,19.91
2016-08-04,14.66
2016-08-05,0.0
2016-08-06,0.0
2016-08-07,0.0
2016-08-08,0.0
2016-08-09,0.0
2016-08-10,0.0
2016-08-11,31.42
2016-08-12,25.09
2016-08-13,21.94
2016-08-14,21.57
2016-08-15,14.38
2016-08-16,101.09
2016-08-17,33.05
2016-08-18,39.14
2016-08-19,41.43
2016-08-20,100.39
2016-08-21,56.45
2016-08-22,35.4
2016-08-23,43.43
2016-08-24,34.99
2016-08-25,15.02
2016-08-26,29.31
2016-08-27,19.65
2016-08-28,6.82
2016-08-29,27.16
2016-08-30,27.9
2016-08-31,35.17
2016-09-01,37.57
2016-09-02,23.25
2016-09-03,31.08
2016-09-04,37.35
2016-09-05,22.49
2016-09-06,37.14
2016-09-07,28.89
2016-09-08,28.25
2016-09-09,0.0
2016-09-10,43.95
2016-09-11,24.72
2016-09-12,0.0
2016-09-13,23.04
2016-09-14,13.59
2016-09-15,11.1
2016-09-16,32.23
2016-09-17,41.01
2016-09-18,30.9
2016-09-19,26.31
2016-09-20,32.98
2016-09-21,43.4
2016-09-22,32.46
2016-09-23,26.6
2016-09-24,39.41
2016-09-25,10.22
2016-09-26,16.88
2016-09-27,17.1
2016-09-28,46.14
2016-09-29,55.24
2016-09-30,75.42
2016-10-01,65.16
2016-10-02,0.0
2016-10-03,0.0
2016-10-04,70.57
2016-10-05,69.14
2016-10-06,54.75
2016-10-07,41.7
2016-10-08,27.31
2016-10-09,13.51
2016-10-10,18.96
2016-10-11,14.61
2016-10-12,21.3
2016-10-13,25.15
2016-10-14,24.23
2016-10-15,35.18
2016-10-16,32.41
2016-10-17,56.36
2016-10-18,53.43
2016-10-19,44.05
2016-10-20,62.36
2016-10-21,62.74
2016-10-22,97.17
2016-10-23,67.85
2016-10-24,58.78
2016-10-25,80.99
2016-10-26,68.17
2016-10-27,59.61
2016-10-28,62.38
2016-10-29,78.74
2016-10-30,60.79
2016-10-31,36.92
2016-11-01,21.2
2016-11-02,31.26
2016-11-03,34.79
2016-11-04,55.92
2016-11-05,55.03
2016-11-06,41.23
2016-11-07,43.91
2016-11-08,52.08
2016-11-09,46.94
2016-11-10,49.03
2016-11-11,57.78
2016-11-12,52.72
2016-11-13,38.42
2016-11-14,29.96
2016-11-15,27.64
2016-11-16,35.8
2016-11-17,40.13
2016-11-18,43.6
2016-11-19,48.93
2016-11-20,42.21
2016-11-21,102.01
2016-11-22,91.6
2016-11-23,47.76
2016-11-24,86.62
2016-11-25,46.12
2016-11-26,46.87
2016-11-27,53.71
2016-11-28,49.9
2016-11-29,59.3
2016-11-30,49.69
2016-12-01,45.84
2016-12-02,22.14
2016-12-03,18.3
2016-12-04,24.44
2016-12-05,23.63
2016-12-06,36.97
2016-12-07,40.72
2016-12-08,32.59
2016-12-09,44.96
2016-12-10,30.37
2016-12-11,24.98
2016-12-12,42.19
2016-12-13,204.25
2016-12-14,30.72
2016-12-15,28.47
2016-12-16,34.57
2016-12-17,36.97
2016-12-18,35.21
2016-12-19,37.8
2016-12-20,19.09
2016-12-21,19.68
2016-12-22,39.64
2016-12-23,43.67
2016-12-24,57.79
2016-12-25,39.11
2016-12-26,34.02
2016-12-27,53.5
2016-12-28,38.53
2016-12-29,44.9
2016-12-30,54.65
2016-12-31,40.96
2017-01-01,20.13
2017-01-02,19.61
2017-01-03,26.66
2017-01-04,36.93
2017-01-05,36.09
2017-01-06,41.53
2017-01-07,47.48
2017-01-08,37.61
2017-01-09,43.11
2017-01-10,74.1
2017-01-11,42.42
2017-01-12,24.26
2017-01-13,31.22
2017-01-14,29.21
2017-01-15,26.3
2017-01-16,31.65
2017-01-17,37.02
2017-01-18,39.68
2017-01-19,31.59
2017-01-20,39.92
2017-01-21,40.34
2017-01-22,0.0
2017-01-23,49.45
2017-01-24,41.55
2017-01-25,34.96
2017-01-26,27.04
2017-01-27,23.36
2017-01-28,10.26
2017-01-29,6.8
2017-01-30,31.79
2017-01-31,37.81
2017-02-01,27.42
2017-02-02,49.35
2017-02-03,32.16
2017-02-04,32.08
2017-02-05,29.93
2017-02-06,32.73
2017-02-07,43.1
2017-02-08,41.94
2017-02-09,38.04
2017-02-10,36.09
2017-02-11,29.54
2017-02-12,27.65
2017-02-13,30.98
2017-02-14,34.94
2017-02-15,40.41
2017-02-16,34.8
2017-02-17,47.98
2017-02-18,47.56
2017-02-19,41.4
2017-02-20,53.85
2017-02-21,52.93
2017-02-22,42.13
2017-02-23,44.09
2017-02-24,42.73
2017-02-25,40.96
2017-02-26,35.66
2017-02-27,37.55
2017-02-28,31.19
2017-03-01,39.98
2017-03-02,36.36
2017-03-03,29.87
2017-03-04,28.41
2017-03-05,23.15
2017-03-06,26.67
2017-03-07,27.87
2017-03-08,31.78
2017-03-09,32.53
2017-03-10,29.4
2017-03-11,28.94
2017-03-12,27.07
2017-03-13,42.64
2017-03-14,21.93
2017-03-15,17.99
2017-03-16,27.59
2017-03-17,39.28
2017-03-18,32.33
2017-03-19,32.31
2017-03-20,38.73
2017-03-21,36.42
2017-03-22,43.96
2017-03-23,44.26
2017-03-24,67.75
2017-03-25,47.51
2017-03-26,53.63
2017-03-27,40.42
2017-03-28,55.94
2017-03-29,41.83
2017-03-30,46.83
2017-03-31,55.9
2017-04-01,51.65
2017-04-02,32.61
2017-04-03,39.37
2017-04-04,36.85
2017-04-05,29.5
2017-04-06,29.52
2017-04-07,31.08
2017-04-08,36.66
2017-04-09,29.29
2017-04-10,43.0
2017-04-11,31.18
2017-04-12,50.84
2017-04-13,50.54
2017-04-14,51.33
2017-04-15,35.01
2017-04-16,29.02
2017-04-17,34.86
2017-04-18,38.46
2017-04-19,38.13
2017-04-20,29.75
2017-04-21,21.53
2017-04-22,25.46
2017-04-23,28.49
2017-04-24,34.85
2017-04-25,29.88
2017-04-26,33.95
2017-04-27,40.01
2017-04-28,62.07
2017-04-29,38.44
2017-04-30,13.3
2017-05-01,20.32
2017-05-02,24.2
2017-05-03,66.24
2017-05-04,42.2
2017-05-05,28.27
2017-05-06,40.02
2017-05-07,30.26
2017-05-08,27.66
2017-05-09,32.01
2017-05-10,23.19
2017-05-11,28.52
2017-05-12,50.58
2017-05-13,120.56
2017-05-14,25.22
2017-05-15,14.94
2017-05-16,19.1
2017-05-17,22.93
2017-05-18,36.58
2017-05-19,20.87
2017-05-20,17.43
2017-05-21,12.53
2017-05-22,16.58
2017-05-23,25.83
2017-05-24,19.58
2017-05-25,21.39
2017-05-26,24.85
2017-05-27,18.21
2017-05-28,19.75
2017-05-29,21.08
2017-05-30,23.2
2017-05-31,22.87
2017-06-01,22.79
2017-06-02,20.19
2017-06-03,20.98
2017-06-04,13.39
2017-06-05,21.81
2017-06-06,22.93
2017-06-07,22.94
2017-06-08,20.75
2017-06-09,23.65
2017-06-10,19.78
2017-06-11,16.51
2017-06-12,19.12
2017-06-13,21.6
2017-06-14,19.77
2017-06-15,24.56
2017-06-16,24.66
2017-06-17,24.18
2017-06-18,17.82
2017-06-19,16.61
2017-06-20,24.03
2017-06-21,19.58
2017-06-22,21.05
2017-06-23,24.53
2017-06-24,25.35
2017-06-25,25.16
2017-06-26,31.13
2017-06-27,37.61
2017-06-28,37.34
2017-06-29,36.44
2017-06-30,35.4
2017-07-01,25.33
2017-07-02,30.07
2017-07-03,25.82
2017-07-04,0.0
2017-07-05,0.0
2017-07-06,0.0
2017-07-07,0.0
2017-07-08,313.59
2017-07-09,35.29
2017-07-10,33.44
2017-07-11,29.38
2017-07-12,27.64
2017-07-13,28.97
2017-07-14,22.68
2017-07-15,22.43
2017-07-16,17.2
2017-07-17,21.05
2017-07-18,18.45
2017-07-19,16.44
2017-07-20,31.68
2017-07-21,21.53
2017-07-22,20.15
2017-07-23,17.34
2017-07-24,24.23
2017-07-25,28.54
2017-07-26,23.68
2017-07-27,24.49
2017-07-28,21.77
2017-07-29,27.91
2017-07-30,22.36
2017-07-31,27.27
2017-08-01,26.57
2017-08-02,20.74
2017-08-03,17.67
2017-08-04,13.74
2017-08-05,17.69
2017-08-06,15.21
2017-08-07,22.82
2017-08-08,21.07
2017-08-09,22.31
2017-08-10,14.14
2017-08-11,10.11
2017-08-12,3.91
2017-08-13,4.69
2017-08-14,19.41
2017-08-15,20.88
2017-08-16,17.91
2017-08-17,18.42
2017-08-18,14.92
2017-08-19,18.66
2017-08-20,10.89
2017-08-21,14.53
2017-08-22,18.87
2017-08-23,18.18
2017-08-24,59.05
2017-08-25,97.97
2017-08-26,14.19
2017-08-27,11.71
2017-08-28,17.58
2017-08-29,16.33
2017-08-30,20.42
2017-08-31,24.96
2017-09-01,158.67
2017-09-02,114.92
2017-09-03,14.2
2017-09-04,39.74
2017-09-05,14.2
2017-09-06,21.2
2017-09-07,9.57
2017-09-08,32.86
2017-09-09,22.63
2017-09-10,14.52
2017-09-11,15.27
2017-09-12,17.48
2017-09-13,16.5
2017-09-14,14.05
2017-09-15,8.58
2017-09-16,8.49
2017-09-17,7.02
2017-09-18,8.57
2017-09-19,7.68
2017-09-20,10.21
2017-09-21,12.64
2017-09-22,17.93
2017-09-23,21.62
2017-09-24,23.7
2017-09-25,19.26
2017-09-26,22.47
2017-09-27,28.3
2017-09-28,21.59
2017-09-29,22.36
2017-09-30,30.65
2017-10-01,20.01
2017-10-02,20.5
2017-10-03,22.85
2017-10-04,121.63
2017-10-05,21.36
2017-10-06,24.73
2017-10-07,29.16
2017-10-08,78.14
2017-10-09,26.08
2017-10-10,32.21
2017-10-11,22.5
2017-10-12,27.29
2017-10-13,24.83
2017-10-14,32.61
2017-10-15,40.34
2017-10-16,21.63
2017-10-17,27.86
2017-10-18,39.39
2017-10-19,44.66
2017-10-20,79.76
2017-10-21,39.67
2017-10-22,22.44
2017-10-23,26.85
2017-10-24,42.56
2017-10-25,35.29
2017-10-26,25.49
2017-10-27,26.03
2017-10-28,37.38
2017-10-29,47.47
2017-10-30,45.49
2017-10-31,122.41
2017-11-01,39.88
2017-11-02,66.54
2017-11-03,58.73
2017-11-04,41.02
2017-11-05,26.7
2017-11-06,22.05
2017-11-07,27.98
2017-11-08,26.89
2017-11-09,25.94
2017-11-10,31.21
2017-11-11,32.87
2017-11-12,26.99
2017-11-13,30.4
2017-11-14,26.94
2017-11-15,30.7
2017-11-16,37.93
2017-11-17,35.72
2017-11-18,34.96
2017-11-19,30.66
2017-11-20,32.21
2017-11-21,25.79
2017-11-22,44.84
2017-11-23,38.07
2017-11-24,17.64
2017-11-25,17.81
2017-11-26,15.67
2017-11-27,10.7
2017-11-28,11.46
2017-11-29,197.41
2017-11-30,74.5
2017-12-01,1.76
2017-12-02,1.72
2017-12-03,32.42
2017-12-04,18.72
2017-12-05,11.27
2017-12-06,93.7
2017-12-07,70.22
2017-12-08,103.18
2017-12-09,90.59
2017-12-10,81.28
2017-12-11,63.5
2017-12-12,0.0
2017-12-13,0.0
2017-12-14,161.35
2017-12-15,85.57
2017-12-16,75.91
2017-12-17,79.75
2017-12-18,84.85
2017-12-19,76.92
2017-12-20,107.9
2017-12-21,84.55
2017-12-22,71.71
2017-12-23,56.14
2017-12-24,48.78
2017-12-25,159.52
2017-12-26,63.3
2017-12-27,73.7
2017-12-28,62.76
2017-12-29,32.57
2017-12-30,26.74
2017-12-31,18.29
2018-01-01,38.06
2018-01-02,35.12
2018-01-03,28.84
2018-01-04,24.57
2018-01-05,24.31
2018-01-06,30.02
2018-01-07,40.05
2018-01-08,34.88
2018-01-09,28.74
2018-01-10,31.37
2018-01-11,54.32
2018-01-12,37.55
2018-01-13,36.12
2018-01-14,34.43
2018-01-15,38.84
2018-01-16,41.35
2018-01-17,46.76
2018-01-18,37.73
2018-01-19,55.0
2018-01-20,33.34
2018-01-21,33.55
2018-01-22,39.03
2018-01-23,48.08
2018-01-24,45.88
2018-01-25,39.93
2018-01-26,39.28
2018-01-27,47.03
2018-01-28,39.38
2018-01-29,33.47
2018-01-30,53.56
2018-01-31,37.93
2018-02-01,33.99
2018-02-02,29.63
2018-02-03,28.81
2018-02-04,23.31
2018-02-05,29.23
2018-02-06,32.55
2018-02-07,30.93
2018-02-08,35.48
2018-02-09,37.87
2018-02-10,30.34
2018-02-11,28.29
2018-02-12,27.9
2018-02-13,30.53
2018-02-14,32.43
2018-02-15,30.19
2018-02-16,29.62
2018-02-17,32.11
2018-02-18,27.53
2018-02-19,28.6
2018-02-20,28.89
2018-02-21,34.62
2018-02-22,37.13
2018-02-23,34.6
2018-02-24,26.41
2018-02-25,21.87
2018-02-26,21.31
2018-02-27,23.35
2018-02-28,29.3
2018-03-01,29.48
2018-03-02,30.38
2018-03-03,38.39
2018-03-04,36.56
2018-03-05,30.79
2018-03-06,32.09
2018-03-07,33.88
2018-03-08,41.37
2018-03-09,59.48
2018-03-10,59.82
2018-03-11,45.19
2018-03-12,35.82
2018-03-13,20.49
2018-03-14,29.23
2018-03-15,26.46
2018-03-16,19.13
2018-03-17,23.01
2018-03-18,20.75
2018-03-19,31.94
2018-03-20,43.91
2018-03-21,42.72
2018-03-22,31.78
2018-03-23,40.18
2018-03-24,37.72
2018-03-25,38.84
2018-03-26,0.0
2018-03-27,19.85
2018-03-28,0.0
2018-03-29,0.0
2018-03-30,0.0
2018-03-31,0.0
2018-04-01,0.0
2018-04-02,0.0
2018-04-03,0.0
2018-04-04,0.0
2018-04-05,0.0
2018-04-06,0.0
2018-04-07,0.0
2018-04-08,0.0
2018-04-09,0.0
2018-04-10,0.0
2018-04-11,0.0
2018-04-12,0.0
2018-04-13,28.96
2018-04-14,0.0
2018-04-15,0.0
2018-04-16,30.43
2018-04-17,32.38
2018-04-18,36.4
2018-04-19,47.67
2018-04-20,36.52
2018-04-21,33.4
2018-04-22,33.42
2018-04-23,41.19
2018-04-24,42.62
2018-04-25,42.99
2018-04-26,49.93
2018-04-27,44.12
2018-04-28,39.22
2018-04-29,44.57
2018-04-30,187.49
2018-05-01,59.11
2018-05-02,65.71
2018-05-03,44.58
2018-05-04,113.31
2018-05-05,62.35
2018-05-06,79.0
2018-05-07,50.52
2018-05-08,55.88
2018-05-09,32.46
2018-05-10,28.99
2018-05-11,27.03
2018-05-12,27.01
2018-05-13,26.73
2018-05-14,33.13
2018-05-15,35.64
2018-05-16,34.36
2018-05-17,39.69
2018-05-18,43.05
2018-05-19,45.09
2018-05-20,47.83
2018-05-21,52.64
2018-05-22,59.24
2018-05-23,62.6
2018-05-24,35.4
2018-05-25,46.14
2018-05-26,33.64
2018-05-27,41.73
2018-05-28,29.29
2018-05-29,16.92
2018-05-30,35.67
2018-05-31,33.16
2018-06-01,42.07
2018-06-02,44.47
2018-06-03,38.79
2018-06-04,23.35
2018-06-05,25.5
2018-06-06,22.77
2018-06-07,25.27
2018-06-08,19.28
2018-06-09,19.32
2018-06-10,18.93
2018-06-11,23.76
2018-06-12,23.78
2018-06-13,27.34
2018-06-14,31.79
2018-06-15,61.43
2018-06-16,22.24
2018-06-17,17.38
2018-06-18,13.38
2018-06-19,32.62
2018-06-20,13.64
2018-06-21,16.71
2018-06-22,18.94
2018-06-23,23.76
2018-06-24,21.84
2018-06-25,51.82
2018-06-26,32.62
2018-06-27,11.68
2018-06-28,9.23
2018-06-29,11.93
2018-06-30,18.23
2018-07-01,19.15
2018-07-02,16.29
2018-07-03,21.63
2018-07-04,18.55
2018-07-05,20.36
2018-07-06,21.44
2018-07-07,15.56
2018-07-08,22.83
2018-07-09,21.11
2018-07-10,36.65
2018-07-11,20.8
2018-07-12,17.82
2018-07-13,16.63
2018-07-14,18.87
2018-07-15,17.08
2018-07-16,19.93
2018-07-17,16.98
2018-07-18,18.83
2018-07-19,16.82
2018-07-20,15.52
2018-07-21,17.44
2018-07-22,18.63
2018-07-23,19.86
2018-07-24,17.85
2018-07-25,17.62
2018-07-26,20.0
2018-07-27,22.28
2018-07-28,21.05
2018-07-29,20.1
2018-07-30,22.92
2018-07-31,20.96
2018-08-01,20.59
2018-08-02,20.73
2018-08-03,23.34
2018-08-04,27.61
2018-08-05,20.75
2018-08-06,23.63
2018-08-07,18.24
2018-08-08,18.35
2018-08-09,17.33
2018-08-10,18.24
2018-08-11,18.6
2018-08-12,10.61
2018-08-13,11.4
2018-08-14,13.1
2018-08-15,15.35
2018-08-16,12.86
2018-08-17,16.77
2018-08-18,20.09
2018-08-19,16.78
2018-08-20,24.78
2018-08-21,20.61
2018-08-22,20.75
2018-08-23,17.29
2018-08-24,18.74
2018-08-25,22.36
2018-08-26,18.42
2018-08-27,19.86
2018-08-28,21.93
2018-08-29,20.52
2018-08-30,23.33
2018-08-31,19.74
2018-09-01,23.62
2018-09-02,21.84
2018-09-03,25.06
2018-09-04,32.78
2018-09-05,25.32
2018-09-06,25.21
2018-09-07,27.2
2018-09-08,18.32
2018-09-09,19.07
2018-09-10,28.1
2018-09-11,30.34
2018-09-12,24.47
2018-09-13,29.84
2018-09-14,27.72
2018-09-15,24.1
2018-09-16,24.43
2018-09-17,19.03
2018-09-18,19.86
2018-09-19,20.21
2018-09-20,25.55
2018-09-21,26.75
2018-09-22,24.45
2018-09-23,30.84
2018-09-24,22.6
2018-09-25,26.76
2018-09-26,31.25
2018-09-27,29.24
2018-09-28,26.36
2018-09-29,17.35
2018-09-30,25.28
2018-10-01,21.61
2018-10-02,14.51
2018-10-03,15.17
2018-10-04,21.47
2018-10-05,13.99
2018-10-06,14.0
2018-10-07,20.86
2018-10-08,32.94
2018-10-09,31.82
2018-10-10,40.93
2018-10-11,55.08
2018-10-12,56.31
2018-10-13,72.74
2018-10-14,48.48
2018-10-15,41.44
2018-10-16,35.37
2018-10-17,19.99
2018-10-18,62.95
2018-10-19,20.75
2018-10-20,25.61
2018-10-21,36.42
2018-10-22,37.81
2018-10-23,49.17
2018-10-24,62.67
2018-10-25,46.34
2018-10-26,50.19
2018-10-27,39.65
2018-10-28,37.32
2018-10-29,36.11
2018-10-30,40.12
2018-10-31,40.02
2018-11-01,20.96
2018-11-02,17.57
2018-11-03,21.42
2018-11-04,21.84
2018-11-05,23.98
2018-11-06,41.38
2018-11-07,57.03
2018-11-08,61.98
2018-11-09,33.68
2018-11-10,50.36
2018-11-11,55.48
2018-11-12,63.66
2018-11-13,71.05
2018-11-14,77.53
2018-11-15,58.35
2018-11-16,25.1
2018-11-17,49.2
2018-11-18,41.2
2018-11-19,19.95
2018-11-20,25.85
2018-11-21,33.31
2018-11-22,17.95
2018-11-23,25.58
2018-11-24,108.3
2018-11-25,61.34
2018-11-26,71.66
2018-11-27,54.73
2018-11-28,59.58
2018-11-29,42.06
2018-11-30,43.16
2018-12-01,40.67
2018-12-02,28.25
2018-12-03,33.56
2018-12-04,25.83
2018-12-05,51.43
2018-12-06,29.32
2018-12-07,37.49
2018-12-08,61.0
2018-12-09,63.28
2018-12-10,75.78
2018-12-11,88.98
2018-12-12,78.59
2018-12-13,67.36
2018-12-14,48.45
2018-12-15,47.62
2018-12-16,64.42
2018-12-17,86.94
2018-12-18,98.84
2018-12-19,61.84
2018-12-20,45.7
2018-12-21,51.63
2018-12-22,42.57
2018-12-23,37.34
2018-12-24,43.13
2018-12-25,57.89
2018-12-26,59.38
2018-12-27,57.28
2018-12-28,68.37
2018-12-29,65.81
2018-12-30,64.29
2018-12-31,63.77
2019-01-01,61.55
2019-01-02,47.27
2019-01-03,48.86
2019-01-04,51.35
2019-01-05,46.57
2019-01-06,56.8
2019-01-07,58.29
2019-01-08,60.04
2019-01-09,62.6
2019-01-10,63.63
2019-01-11,59.52
2019-01-12,70.5
2019-01-13,54.44
2019-01-14,58.36
2019-01-15,47.13
2019-01-16,62.4
2019-01-17,67.83
2019-01-18,75.06
2019-01-19,59.01
2019-01-20,42.33
2019-01-21,52.05
2019-01-22,72.45
2019-01-23,60.91
2019-01-24,50.66
2019-01-25,35.76
2019-01-26,51.09
2019-01-27,40.56
2019-01-28,38.48
2019-01-29,29.81
2019-01-30,62.71
2019-01-31,48.44
2019-02-01,49.67
2019-02-02,45.32
2019-02-03,39.5
2019-02-04,32.91
2019-02-05,37.93
2019-02-06,60.08
2019-02-07,51.88
2019-02-08,54.76
2019-02-09,68.68
2019-02-10,50.31
2019-02-11,41.65
2019-02-12,49.32
2019-02-13,47.31
2019-02-14,37.94
2019-02-15,35.35
2019-02-16,45.37
2019-02-17,47.43
2019-02-18,42.92
2019-02-19,44.28
2019-02-20,31.49
2019-02-21,36.4
2019-02-22,38.35
2019-02-23,51.36
2019-02-24,47.59
2019-02-25,39.23
2019-02-26,51.92
2019-02-27,45.49
2019-02-28,50.8
2019-03-01,58.18
2019-03-02,40.93
2019-03-03,36.98
2019-03-04,43.15
2019-03-05,49.8
2019-03-06,53.53
2019-03-07,65.98
2019-03-08,69.62
2019-03-09,51.08
2019-03-10,39.45
2019-03-11,34.4
2019-03-12,46.15
2019-03-13,50.05
2019-03-14,43.73
2019-03-15,41.75
2019-03-16,44.32
2019-03-17,45.56
2019-03-18,43.24
2019-03-19,39.71
2019-03-20,39.8
2019-03-21,49.74
2019-03-22,44.52
2019-03-23,51.6
2019-03-24,47.42
2019-03-25,46.52
2019-03-26,48.85
2019-03-27,56.52
2019-03-28,61.59
2019-03-29,58.92
2019-03-30,57.09
2019-03-31,55.88
2019-04-01,53.46
2019-04-02,55.62
2019-04-03,53.61
2019-04-04,58.15
2019-04-05,46.54
2019-04-06,46.55
2019-04-07,51.73
2019-04-08,52.79
2019-04-09,43.88
2019-04-10,52.18
2019-04-11,49.25
2019-04-12,49.46
2019-04-13,47.24
2019-04-14,41.74
2019-04-15,52.38
2019-04-16,40.54
2019-04-17,52.84
2019-04-18,46.1
2019-04-19,42.33
2019-04-20,29.75
2019-04-21,25.18
2019-04-22,40.9
2019-04-23,37.08
2019-04-24,42.76
2019-04-25,57.96
2019-04-26,63.83
2019-04-27,66.34
2019-04-28,61.63
2019-04-29,62.42
2019-04-30,53.78
2019-05-01,42.75
2019-05-02,46.45
2019-05-03,47.56
2019-05-04,56.62
2019-05-05,54.62
2019-05-06,52.76
2019-05-07,42.61
2019-05-08,33.28
2019-05-09,51.42
2019-05-10,39.33
2019-05-11,40.38
2019-05-12,34.41
2019-05-13,32.08
2019-05-14,31.91
2019-05-15,33.89
2019-05-16,38.93
2019-05-17,40.64
2019-05-18,55.14
2019-05-19,51.35
2019-05-20,46.82
2019-05-21,45.3
2019-05-22,40.4
2019-05-23,43.26
2019-05-24,35.93
2019-05-25,26.07
2019-05-26,22.5
2019-05-27,25.77
2019-05-28,38.91
2019-05-29,28.66
2019-05-30,35.18
2019-05-31,30.29
2019-06-01,28.95
2019-06-02,44.24
2019-06-03,20.3
2019-06-04,27.33
2019-06-05,28.4
2019-06-06,25.72
2019-06-07,25.02
2019-06-08,23.54
2019-06-09,16.31
2019-06-10,7.85
2019-06-11,11.32
2019-06-12,12.8
2019-06-13,16.38
2019-06-14,22.11
2019-06-15,23.64
2019-06-16,22.01
2019-06-17,25.77
2019-06-18,28.82
2019-06-19,25.41
2019-06-20,24.36
2019-06-21,25.35
2019-06-22,16.58
2019-06-23,14.8
2019-06-24,18.54
2019-06-25,30.39
2019-06-26,34.69
2019-06-27,26.44
2019-06-28,26.98
2019-06-29,25.37
2019-06-30,20.16
2019-07-01,26.89
2019-07-02,20.79
2019-07-03,18.25
2019-07-04,18.92
2019-07-05,20.9
2019-07-06,16.65
2019-07-07,19.38
2019-07-08,17.24
2019-07-09,19.53
2019-07-10,31.67
2019-07-11,23.49
2019-07-12,20.95
2019-07-13,20.39
2019-07-14,19.18
2019-07-15,17.84
2019-07-16,24.91
2019-07-17,26.83
2019-07-18,30.97
2019-07-19,18.98
2019-07-20,15.96
2019-07-21,19.24
2019-07-22,15.91
2019-07-23,19.14
2019-07-24,20.89
2019-07-25,20.67
2019-07-26,20.33
2019-07-27,23.21
2019-07-28,23.3
2019-07-29,18.61
2019-07-30,23.14
2019-07-31,26.99
2019-08-01,19.87
2019-08-02,18.45
2019-08-03,18.13
2019-08-04,16.26
2019-08-05,15.08
2019-08-06,14.76
2019-08-07,14.94
2019-08-08,14.31
2019-08-09,15.53
2019-08-10,13.63
2019-08-11,12.95
2019-08-12,18.62
2019-08-13,22.1
2019-08-14,26.64
2019-08-15,15.63
2019-08-16,18.63
2019-08-17,20.79
2019-08-18,23.25
2019-08-19,20.73
2019-08-20,18.28
2019-08-21,17.04
2019-08-22,17.3
2019-08-23,15.08
2019-08-24,15.29
2019-08-25,14.98
2019-08-26,14.14
2019-08-27,11.42
2019-08-28,15.3
2019-08-29,17.22
2019-08-30,15.01
2019-08-31,20.82
2019-09-01,17.64
2019-09-02,10.98
2019-09-03,11.18
2019-09-04,13.01
2019-09-05,13.84
2019-09-06,15.34
2019-09-07,20.16
2019-09-08,12.63
2019-09-09,15.92
2019-09-10,20.67
2019-09-11,19.51
2019-09-12,20.53
2019-09-13,21.84
2019-09-14,22.29
2019-09-15,21.74
2019-09-16,48.41
2019-09-17,68.71
2019-09-18,22.83
2019-09-19,23.96
2019-09-20,19.12
2019-09-21,22.92
2019-09-22,19.15
2019-09-23,24.78
2019-09-24,17.68
2019-09-25,13.45
2019-09-26,16.59
2019-09-27,32.55
2019-09-28,26.32
2019-09-29,38.4
2019-09-30,23.22
2019-10-01,34.28
2019-10-02,17.34
2019-10-03,26.79
2019-10-04,41.28
2019-10-05,32.73
2019-10-06,27.15
2019-10-07,35.57
2019-10-08,24.46
2019-10-09,31.67
2019-10-10,73.77
2019-10-11,45.16
2019-10-12,38.44
2019-10-13,20.84
2019-10-14,22.61
2019-10-15,24.94
2019-10-16,21.73
2019-10-17,19.3
2019-10-18,25.83
2019-10-19,19.25
2019-10-20,17.2
2019-10-21,20.71
2019-10-22,16.46
2019-10-23,11.71
2019-10-24,12.57
2019-10-25,13.43
2019-10-26,18.21
2019-10-27,42.44
2019-10-28,42.44
2019-10-29,34.24
2019-10-30,18.77
2019-10-31,18.62
2019-11-01,27.42
2019-11-02,27.1
2019-11-03,40.0
2019-11-04,54.83
2019-11-05,73.88
2019-11-06,94.17
2019-11-07,92.21
2019-11-08,69.3
2019-11-09,47.14
2019-11-10,52.86
2019-11-11,61.83
2019-11-12,27.77
2019-11-13,30.39
2019-11-14,23.32
2019-11-15,26.33
2019-11-16,20.62
2019-11-17,30.7
2019-11-18,27.07
2019-11-19,20.23
2019-11-20,21.12
2019-11-21,42.28
2019-11-22,44.17
2019-11-23,36.68
2019-11-24,41.18
2019-11-25,37.44
2019-11-26,35.44
2019-11-27,33.02
2019-11-28,23.08
2019-11-29,22.97
2019-11-30,23.25
2019-12-01,13.46
2019-12-02,13.96
2019-12-03,27.28
2019-12-04,38.2
2019-12-05,55.45
2019-12-06,57.3
2019-12-07,39.42
2019-12-08,23.79
2019-12-09,21.29
2019-12-10,20.31
2019-12-11,28.62
2019-12-12,28.93
2019-12-13,30.65
2019-12-14,23.6
2019-12-15,25.33
2019-12-16,24.25
2019-12-17,27.65
2019-12-18,42.91
2019-12-19,38.66
2019-12-20,44.46
2019-12-21,48.62
2019-12-22,46.52
2019-12-23,49.33
2019-12-24,35.84
2019-12-25,35.48
2019-12-26,44.27
2019-12-27,43.32
2019-12-28,35.24
2019-12-29,38.53
2019-12-30,47.81
2019-12-31,42.54
2020-01-01,30.71
2020-01-02,25.78
2020-01-03,29.66
2020-01-04,52.62
2020-01-05,52.64
2020-01-06,24.74
2020-01-07,22.52
2020-01-08,30.92
2020-01-09,40.57
2020-01-10,39.29
2020-01-11,31.1
2020-01-12,39.5
2020-01-13,53.93
2020-01-14,64.35
2020-01-15,45.19
2020-01-16,39.36
2020-01-17,34.68
2020-01-18,26.9
2020-01-19,26.66
2020-01-20,34.51
2020-01-21,37.86
2020-01-22,28.25
2020-01-23,41.13
2020-01-24,42.19
2020-01-25,44.82
2020-01-26,44.48
2020-01-27,45.49
2020-01-28,52.63
2020-01-29,46.45
2020-01-30,43.42
2020-01-31,46.36
2020-02-01,52.07
2020-02-02,35.27
2020-02-03,33.79
2020-02-04,29.27
2020-02-05,30.66
2020-02-06,43.83
2020-02-07,49.51
2020-02-08,45.3
2020-02-09,52.39
2020-02-10,35.53
2020-02-11,33.94
2020-02-12,32.82
2020-02-13,37.67
2020-02-14,50.47
2020-02-15,54.91
2020-02-16,45.02
2020-02-17,41.66
2020-02-18,43.29
2020-02-19,55.31
2020-02-20,47.86
2020-02-21,30.24
2020-02-22,33.96
2020-02-23,36.3
2020-02-24,35.6
2020-02-25,41.83
2020-02-26,47.39
2020-02-27,39.39
2020-02-28,42.58
2020-02-29,48.75
2020-03-01,56.2
2020-03-02,53.75
2020-03-03,70.78
2020-03-04,55.66
2020-03-05,57.89
2020-03-06,41.84
2020-03-07,44.33
2020-03-08,38.66
2020-03-09,38.88
2020-03-10,41.48
2020-03-11,39.57
2020-03-12,34.62
2020-03-13,34.77
2020-03-14,29.97
2020-03-15,33.96
2020-03-16,26.15
2020-03-17,24.15
2020-03-18,29.66
2020-03-19,38.15
2020-03-20,43.31
2020-03-21,40.62
2020-03-22,30.16
2020-03-23,40.28
2020-03-24,50.85
2020-03-25,25.25
2020-03-26,27.77
2020-03-27,27.47
2020-03-28,24.89
2020-03-29,28.45
2020-03-30,32.46
2020-03-31,22.01
2020-04-01,22.54
2020-04-02,27.12
2020-04-03,34.12
2020-04-04,31.93
2020-04-05,30.26
2020-04-06,22.68
2020-04-07,15.14
2020-04-08,18.39
2020-04-09,23.32
2020-04-10,30.06
2020-04-11,26.99
2020-04-12,22.38
2020-04-13,25.61
2020-04-14,30.24
2020-04-15,33.62
2020-04-16,25.27
2020-04-17,40.0
2020-04-18,34.03
2020-04-19,24.22
2020-04-20,19.42
2020-04-21,17.04
2020-04-22,19.95
2020-04-23,26.1
2020-04-24,26.25
2020-04-25,25.98
2020-04-26,21.32
2020-04-27,19.25
2020-04-28,20.74
2020-04-29,13.68
2020-04-30,20.3
2020-05-01,24.81
2020-05-02,18.36
2020-05-03,22.35
2020-05-04,26.1
2020-05-05,29.23
2020-05-06,23.02
2020-05-07,26.87
2020-05-08,17.61
2020-05-09,21.05
2020-05-10,24.29
2020-05-11,20.58
2020-05-12,15.43
2020-05-13,14.56
2020-05-14,24.81
2020-05-15,17.34
2020-05-16,23.44
2020-05-17,21.25
2020-05-18,16.82
2020-05-19,23.81
2020-05-20,17.9
2020-05-21,19.53
2020-05-22,18.13
2020-05-23,19.52
2020-05-24,18.62
2020-05-25,21.06
2020-05-26,22.25
2020-05-27,19.81
2020-05-28,28.46
2020-05-29,23.16
2020-05-30,15.87
2020-05-31,23.32
2020-06-01,9.16
2020-06-02,8.95
2020-06-03,9.69
2020-06-04,10.91
2020-06-05,22.88
2020-06-06,18.18
2020-06-07,17.6
2020-06-08,20.16
2020-06-09,21.7
2020-06-10,25.44
2020-06-11,16.53
2020-06-12,16.84
2020-06-13,16.79
2020-06-14,16.66
2020-06-15,19.57
2020-06-16,17.07
2020-06-17,18.29
2020-06-18,28.32
2020-06-19,21.55
2020-06-20,18.32
2020-06-21,18.18
2020-06-22,15.65
2020-06-23,20.38
2020-06-24,19.72
2020-06-25,16.93
2020-06-26,15.4
2020-06-27,16.6
2020-06-28,20.44
2020-06-29,28.68
2020-06-30,14.47
2020-07-01,17.5
2019-09-17,23.12
2019-09-18,21.25
2019-09-19,16.94
2019-09-20,15.29
2019-09-21,20.75
2019-09-22,11.21
2019-09-23,11.81
2019-09-24,17.7
2019-09-25,20.41
2019-09-26,17.21
2019-09-27,12.65
2019-09-28,3.4
2019-09-29,7.23
2019-09-30,8.7
2019-10-01,6.53
2019-10-02,20.86
2019-10-03,24.92
2019-10-04,28.1
2019-10-05,26.41
2019-10-06,32.5
2019-10-07,39.74
2019-10-08,52.66
2019-10-09,36.92
2019-10-10,42.55
2019-10-11,53.12
2019-10-12,48.92
2019-10-13,55.86
2019-10-14,44.56
2019-10-15,49.07
2019-10-16,53.62
2019-10-17,60.57
2019-10-18,69.65
2019-10-19,70.39
2019-10-20,86.57
2019-10-21,98.98
2019-10-22,84.03
2019-10-23,49.01
2019-10-24,50.81
2019-10-25,82.8
2019-10-26,52.39
2019-10-27,61.4
2019-10-28,77.79
2019-10-29,41.17
2019-10-30,32.48
2019-10-31,76.75
2019-11-01,84.25
2019-11-02,59.49
2019-11-03,41.34
2019-11-04,62.23
2019-11-05,65.74
2019-11-06,80.33
2019-11-07,65.45
2019-11-08,44.76
2019-11-09,101.67
2019-11-10,99.16
2019-11-11,92.96
2019-11-12,82.3
2019-11-13,89.84
2019-11-14,84.8
2019-11-15,111.07
2019-11-16,111.98
2019-11-17,100.68
2019-11-18,76.82
2019-11-19,76.28
2019-11-20,73.75
2019-11-21,108.95
2019-11-22,119.3
2019-11-23,111.51
2019-11-24,107.39
2019-11-25,98.08
2019-11-26,88.87
2019-11-27,136.42
2019-11-28,120.33
2019-11-29,94.52
2019-11-30,97.46
2019-12-01,102.14
2019-12-02,106.73
2019-12-03,93.3
2019-12-04,58.17
2019-12-05,54.73
2019-12-06,62.92
2019-12-07,113.84
2019-12-08,132.79
2019-12-09,122.7
2019-12-10,119.7
2019-12-11,114.08
2019-12-12,86.48
2019-12-13,48.52
2019-12-14,70.34
2019-12-15,69.58
2019-12-16,68.18
2019-12-17,98.75
2019-12-18,82.89
2019-12-19,73.27
2019-12-20,92.61
2019-12-21,80.04
2019-12-22,78.56
2019-12-23,71.6
2019-12-24,76.98
2019-12-25,115.82
2019-12-26,77.06
2019-12-27,58.7
2019-12-28,45.61
2019-12-29,65.61
2019-12-30,67.7
2019-12-31,116.65
2020-01-01,100.55
2020-01-02,84.46
2020-01-03,96.58
2020-01-04,93.38
2020-01-05,75.17
2020-01-06,45.49
2020-01-07,65.96
2020-01-08,74.62
2020-01-09,78.07
2020-01-10,65.94
2020-01-11,65.7
2020-01-12,70.03
2020-01-13,62.95
2020-01-14,85.64
2020-01-15,105.95
2020-01-16,134.02
2020-01-17,80.47
2020-01-18,87.22
2020-01-19,61.76
2020-01-20,52.0
2020-01-21,66.21
2020-01-22,77.7
2020-01-23,65.7
2020-01-24,55.61
2020-01-25,80.92
2020-01-26,78.94
2020-01-27,59.64
2020-01-28,51.51
2020-01-29,26.35
2020-01-30,61.02
2020-01-31,41.52
2020-02-01,35.23
2020-02-02,34.11
2020-02-03,37.8
2020-02-04,48.21
2020-02-05,62.84
2020-02-06,53.09
2020-02-07,60.4
2020-02-08,53.49
2020-02-09,45.82
2020-02-10,49.99
2020-02-11,46.41
2020-02-12,58.48
2020-02-13,87.83
2020-02-14,57.25
2020-02-15,49.0
2020-02-16,43.85
2020-02-17,38.03
2020-02-18,36.17
2020-02-19,35.5
2020-02-20,48.82
2020-02-21,52.9
2020-02-22,56.47
2020-02-23,78.47
2020-02-24,64.76
2020-02-25,46.56
2020-02-26,56.79
2020-02-27,45.15
2020-02-28,45.67
2020-02-29,57.17
2020-03-01,56.96
2020-03-02,42.46
2020-03-03,35.71
2020-03-04,50.42
2020-03-05,31.62
2020-03-06,39.0
2020-03-07,31.08
2020-03-08,26.46
2020-03-09,21.71
2020-03-10,39.17
2020-03-11,28.29
2020-03-12,22.35
2020-03-13,20.58
2020-03-14,24.67
2020-03-15,31.08
2020-03-16,32.78
2020-03-17,29.44
2020-03-18,30.25
2020-03-19,37.56
2020-03-20,38.33
2020-03-21,48.89
2020-03-22,41.97
2020-03-23,39.45
2020-03-24,35.52
2020-03-25,23.88
2020-03-26,22.93
2020-03-27,18.97
2020-03-28,15.69
2020-03-29,0.0
2020-03-30,0.0
2020-03-31,0.0
2020-04-01,0.0
2020-04-02,0.0
2020-04-03,0.0
2020-04-04,0.0
2020-04-05,0.0
2020-04-06,0.0
2020-04-07,35.95
2020-04-08,32.15
2020-04-09,27.54
2020-04-10,28.85
2020-04-11,38.73
2020-04-12,40.28
2020-04-13,28.4
2020-04-14,44.88
2020-04-15,37.43
2020-04-16,57.8
2020-04-17,53.54
2020-04-18,59.34
2020-04-19,42.56
2020-04-20,60.33
2020-04-21,39.31
2020-04-22,47.96
2020-04-23,57.59
2020-04-24,41.99
2020-04-25,39.18
2020-04-26,41.85
2020-04-27,26.39
2020-04-28,35.29
2020-04-29,82.89
2020-04-30,44.8
2020-05-01,32.01
2020-05-02,27.77
2020-05-03,19.25
2020-05-04,31.58
2020-05-05,15.83
2020-05-06,34.54
2020-05-07,16.11
2020-05-08,27.52
2020-05-09,18.74
2020-05-10,14.74
2020-05-11,9.48
2020-05-12,24.64
2020-05-13,24.57
2020-05-14,21.91
2020-05-15,26.18
2020-05-16,24.81
2020-05-17,19.6
2020-05-18,23.88
2020-05-19,20.12
2020-05-20,16.4
2020-05-21,22.62
2020-05-22,25.27
2020-05-23,20.18
2020-05-24,18.29
2020-05-25,17.38
2020-05-26,14.9
2020-05-27,20.03
2020-05-28,17.85
2020-05-29,19.7
2020-05-30,21.88
2020-05-31,29.45
2020-06-01,21.03
2020-06-02,16.93
2020-06-03,17.26
2020-06-04,7.93
2020-06-05,13.61
2020-06-06,19.53
2020-06-07,14.54
2020-06-08,12.75
2020-06-09,15.77
2020-06-10,15.42
2020-06-11,20.25
2020-06-12,24.26
2020-06-13,21.85
2020-06-14,20.64
2020-06-15,12.16
2020-06-16,14.33
2020-06-17,15.38
2020-06-18,15.62
2020-06-19,16.08
2020-06-20,17.49
2020-06-21,20.94
2020-06-22,19.17
2020-06-23,15.56
2020-06-24,14.49
2020-06-25,19.66
2020-06-26,16.85
2020-06-27,11.04
2020-06-28,13.58
2020-06-29,14.68
2020-06-30,14.48
2020-07-01,14.0
2017-12-07,171.38
2017-12-08,126.67
2017-12-09,105.11
2017-12-10,65.25
2017-12-11,0.0
2017-12-12,144.54
2017-12-13,153.61
2017-12-14,129.38
2017-12-15,115.35
2017-12-16,102.0
2017-12-17,76.19
2017-12-18,72.55
2017-12-19,70.49
2017-12-20,0.0
2017-12-21,0.0
2017-12-22,0.0
2017-12-23,0.0
2017-12-24,0.0
2017-12-25,0.0
2017-12-26,0.0
2017-12-27,0.0
2017-12-28,0.0
2017-12-29,0.0
2017-12-30,0.0
2017-12-31,0.0
2018-01-01,0.0
2018-01-02,0.0
2018-01-03,0.0
2018-01-04,0.0
2018-01-05,0.0
2018-01-06,0.0
2018-01-07,0.0
2018-01-08,0.0
2018-01-09,0.0
2018-01-10,0.0
2018-01-11,0.0
2018-01-12,0.0
2018-01-13,0.0
2018-01-14,0.0
2018-01-15,0.0
2018-01-16,0.0
2018-01-17,0.0
2018-01-18,0.0
2018-01-19,0.0
2018-01-20,0.0
2018-01-21,0.0
2018-01-22,0.0
2018-01-23,0.0
2018-01-24,0.0
2018-01-25,0.0
2018-01-26,0.0
2018-01-27,0.0
2018-01-28,0.0
2018-01-29,0.0
2018-01-30,0.0
2018-01-31,0.0
2018-02-01,0.0
2018-02-02,131.83
2018-02-03,106.75
2018-02-04,114.74
2018-02-05,129.1
2018-02-06,138.58
2018-02-07,122.68
2018-02-08,141.36
2018-02-09,107.02
2018-02-10,76.89
2018-02-11,75.71
2018-02-12,64.48
2018-02-13,38.64
2018-02-14,32.99
2018-02-15,74.1
2018-02-16,76.03
2018-02-17,84.71
2018-02-18,109.21
2018-02-19,133.97
2018-02-20,109.11
2018-02-21,82.44
2018-02-22,88.45
2018-02-23,132.04
2018-02-24,111.8
2018-02-25,113.7
2018-02-26,74.27
2018-02-27,66.41
2018-02-28,79.47
2018-03-01,97.62
2018-03-02,107.49
2018-03-03,138.61
2018-03-04,138.76
2018-03-05,105.42
2018-03-06,107.43
2018-03-07,101.91
2018-03-08,74.6
2018-03-09,101.02
2018-03-10,111.29
2018-03-11,191.33
2018-03-12,175.92
2018-03-13,142.27
2018-03-14,165.82
2018-03-15,165.11
2018-03-16,70.35
2018-03-17,84.67
2018-03-18,98.35
2018-03-19,84.18
2018-03-20,123.81
2018-03-21,142.71
2018-03-22,81.95
2018-03-23,109.51
2018-03-24,104.98
2018-03-25,112.66
2018-03-26,102.38
2018-03-27,138.98
2018-03-28,190.61
2018-03-29,170.06
2018-03-30,152.57
2018-03-31,110.16
2018-04-01,59.95
2018-04-02,60.56
2018-04-03,82.22
2018-04-04,60.63
2018-04-05,62.08
2018-04-06,53.48
2018-04-07,47.96
2018-04-08,65.81
2018-04-09,48.4
2018-04-10,51.76
2018-04-11,62.35
2018-04-12,53.98
2018-04-13,66.41
2018-04-14,72.11
2018-04-15,59.53
2018-04-16,66.7
2018-04-17,71.55
2018-04-18,63.99
2018-04-19,90.1
2018-04-20,80.52
2018-04-21,59.15
2018-04-22,84.31
2018-04-23,63.4
2018-04-24,66.68
2018-04-25,84.36
2018-04-26,84.04
2018-04-27,70.22
2018-04-28,43.2
2018-04-29,27.32
2018-04-30,11.39
2018-05-01,49.8
2018-05-02,30.34
2018-05-03,40.96
2018-05-04,56.56
2018-05-05,64.78
2018-05-06,67.12
2018-05-07,66.6
2018-05-08,80.49
2018-05-09,92.4
2018-05-10,65.29
2018-05-11,61.67
2018-05-12,49.68
2018-05-13,52.02
2018-05-14,35.89
2018-05-15,45.36
2018-05-16,53.9
2018-05-17,56.8
2018-05-18,52.0
2018-05-19,53.83
2018-05-20,61.45
2018-05-21,50.51
2018-05-22,72.02
2018-05-23,56.13
2018-05-24,46.32
2018-05-25,51.03
2018-05-26,50.59
2018-05-27,41.71
2018-05-28,53.87
2018-05-29,41.89
2018-05-30,45.66
2018-05-31,38.05
2018-06-01,0.0
2018-06-02,0.0
2018-06-03,0.0
2018-06-04,11.05
2018-06-05,50.06
2018-06-06,55.84
2018-06-07,42.67
2018-06-08,49.76
2018-06-09,55.9
2018-06-10,47.22
2018-06-11,41.95
2018-06-12,32.83
2018-06-13,39.46
2018-06-14,66.26
2018-06-15,88.97
2018-06-16,87.78
2018-06-17,74.96
2018-06-18,62.05
2018-06-19,38.68
2018-06-20,46.46
2018-06-21,47.81
2018-06-22,35.95
2018-06-23,44.95
2018-06-24,43.18
2018-06-25,30.19
2018-06-26,30.66
2018-06-27,22.36
2018-06-28,18.95
2018-06-29,32.68
2018-06-30,46.65
2018-07-01,45.42
2018-07-02,30.04
2018-07-03,38.52
2018-07-04,36.48
2018-07-05,31.92
2018-07-06,37.85
2018-07-07,49.42
2018-07-08,31.45
2018-07-09,29.41
2018-07-10,27.87
2018-07-11,29.38
2018-07-12,30.48
2018-07-13,29.94
2018-07-14,25.35
2018-07-15,13.0
2018-07-16,17.13
2018-07-17,21.11
2018-07-18,28.94
2018-07-19,30.5
2018-07-20,35.52
2018-07-21,19.23
2018-07-22,18.05
2018-07-23,19.71
2018-07-24,28.03
2018-07-25,33.52
2018-07-26,24.83
2018-07-27,42.07
2018-07-28,42.07
2018-07-29,42.02
2018-07-30,52.31
2018-07-31,45.8
2018-08-01,37.79
2018-08-02,52.27
2018-08-03,70.94
2018-08-04,87.09
2018-08-05,52.13
2018-08-06,51.65
2018-08-07,28.62
2018-08-08,17.97
2018-08-09,33.1
2018-08-10,49.75
2018-08-11,58.33
2018-08-12,50.37
2018-08-13,29.61
2018-08-14,29.5
2018-08-15,12.71
2018-08-16,13.45
2018-08-17,25.56
2018-08-18,29.74
2018-08-19,28.27
2018-08-20,18.07
2018-08-21,18.22
2018-08-22,18.75
2018-08-23,36.16
2018-08-24,32.24
2018-08-25,36.63
2018-08-26,27.29
2018-08-27,32.51
2018-08-28,32.66
2018-08-29,38.0
2018-08-30,40.63
2018-08-31,0.0
2018-09-01,0.0
2018-09-02,0.0
2018-09-03,0.0
2018-09-04,0.0
2018-09-05,0.0
2018-09-06,0.0
2018-09-07,0.0
2018-09-08,0.0
2018-09-09,0.0
2018-09-10,0.0
2018-09-11,0.0
2018-09-12,0.0
2018-09-13,0.0
2018-09-14,0.0
2018-09-15,0.0
2018-09-16,0.0
2018-09-17,0.0
2018-09-18,0.0
2018-09-19,0.0
2018-09-20,0.0
2018-09-21,0.0
2018-09-22,0.0
2018-09-23,0.0
2018-09-24,0.0
2018-09-25,0.0
2018-09-26,0.0
2018-09-27,0.0
2018-09-28,0.0
2018-09-29,0.0
2018-09-30,0.0
2018-10-01,0.0
2018-10-02,0.0
2018-10-03,0.0
2018-10-04,0.0
2018-10-05,0.0
2018-10-06,0.0
2018-10-07,0.0
2018-10-08,0.0
2018-10-09,0.0
2018-10-10,0.0
2018-10-11,0.0
2018-10-12,0.0
2018-10-13,0.0
2018-10-14,0.0
2018-10-15,0.0
2018-10-16,0.0
2018-10-17,0.0
2018-10-18,0.0
2018-10-19,0.0
2018-10-20,0.0
2018-10-21,0.0
2018-10-22,0.0
2018-10-23,0.0
2018-10-24,6.6
2018-10-25,9.59
2018-10-26,0.0
2018-10-27,0.0
2018-10-28,0.0
2018-10-29,0.0
2018-10-30,73.58
2018-10-31,28.82
2018-11-01,50.79
2018-11-02,70.44
2018-11-03,69.02
2018-11-04,73.08
2018-11-05,70.58
2018-11-06,81.34
2018-11-07,122.91
2018-11-08,114.48
2018-11-09,92.79
2018-11-10,102.24
2018-11-11,101.38
2018-11-12,93.46
2018-11-13,92.06
2018-11-14,99.58
2018-11-15,86.54
2018-11-16,0.0
2018-11-17,0.0
2018-11-18,0.0
2018-11-19,0.0
2018-11-20,0.0
2018-11-21,0.0
2018-11-22,0.0
2018-11-23,0.0
2018-11-24,0.0
2018-11-25,0.0
2018-11-26,0.0
2018-11-27,0.0
2018-11-28,0.0
2018-11-29,0.0
2018-11-30,0.0
2018-12-01,0.0
2018-12-02,0.0
2018-12-03,0.0
2018-12-04,0.0
2018-12-05,128.64
2018-12-06,128.42
2018-12-07,106.56
2018-12-08,92.9
2018-12-09,107.16
2018-12-10,101.21
2018-12-11,95.17
2018-12-12,110.42
2018-12-13,119.8
2018-12-14,119.32
2018-12-15,88.44
2018-12-16,63.54
2018-12-17,37.47
2018-12-18,36.58
2018-12-19,87.16
2018-12-20,86.88
2018-12-21,102.7
2018-12-22,91.97
2018-12-23,62.66
2018-12-24,79.99
2018-12-25,104.88
2018-12-26,105.37
2018-12-27,92.57
2018-12-28,65.79
2018-12-29,87.11
2018-12-30,91.29
2018-12-31,113.28
2019-01-01,122.13
2019-01-02,134.63
2019-01-03,144.01
2019-01-04,114.33
2019-01-05,111.2
2019-01-06,111.65
2019-01-07,115.3
2019-01-08,120.05
2019-01-09,115.84
2019-01-10,107.48
2019-01-11,129.34
2019-01-12,144.95
2019-01-13,157.16
2019-01-14,158.4
2019-01-15,101.16
2019-01-16,97.91
2019-01-17,130.42
2019-01-18,131.1
2019-01-19,100.96
2019-01-20,103.75
2019-01-21,111.26
2019-01-22,118.98
2019-01-23,111.07
2019-01-24,131.46
2019-01-25,78.32
2019-01-26,53.22
2019-01-27,68.67
2019-01-28,93.22
2019-01-29,63.39
2019-01-30,95.81
2019-01-31,75.25
2019-02-01,109.4
2019-02-02,112.37
2019-02-03,108.57
2019-02-04,103.6
2019-02-05,112.37
2019-02-06,128.36
2019-02-07,114.28
2019-02-08,84.99
2019-02-09,56.43
2019-02-10,66.92
2019-02-11,84.77
2019-02-12,99.22
2019-02-13,137.43
2019-02-14,158.01
2019-02-15,90.34
2019-02-16,45.7
2019-02-17,64.14
2019-02-18,73.28
2019-02-19,99.7
2019-02-20,91.34
2019-02-21,89.38
2019-02-22,122.22
2019-02-23,82.11
2019-02-24,89.27
2019-02-25,63.97
2019-02-26,66.18
2019-02-27,55.94
2019-02-28,52.12
2019-03-01,62.4
2019-03-02,94.98
2019-03-03,97.36
2019-03-04,96.13
2019-03-05,79.77
2019-03-06,64.82
2019-03-07,68.97
2019-03-08,76.1
2019-03-09,90.91
2019-03-10,104.21
2019-03-11,92.27
2019-03-12,90.05
2019-03-13,94.33
2019-03-14,64.14
2019-03-15,48.23
2019-03-16,82.61
2019-03-17,78.65
2019-03-18,46.94
2019-03-19,74.06
2019-03-20,83.75
2019-03-21,53.78
2019-03-22,62.33
2019-03-23,71.83
2019-03-24,106.07
2019-03-25,122.45
2019-03-26,102.7
2019-03-27,83.56
2019-03-28,83.68
2019-03-29,116.02
2019-03-30,119.74
2019-03-31,112.65
2019-04-01,78.38
2019-04-02,89.29
2019-04-03,123.03
2019-04-04,130.81
2019-04-05,0.0
2019-04-06,0.0
2019-04-07,0.0
2019-04-08,0.0
2019-04-09,0.0
2019-04-10,0.0
2019-04-11,30.06
2019-04-12,76.89
2019-04-13,72.91
2019-04-14,87.47
2019-04-15,131.29
2019-04-16,0.0
2019-04-17,0.0
2019-04-18,0.0
2019-04-19,0.0
2019-04-20,33.0
2019-04-21,0.0
2019-04-22,0.0
2019-04-23,0.0
2019-04-24,72.92
2019-04-25,57.72
2019-04-26,63.83
2019-04-27,90.77
2019-04-28,95.05
2019-04-29,123.52
2019-04-30,25.63
2019-05-01,23.37
2019-05-02,10.79
2019-05-03,12.49
2019-05-04,0.0
2019-05-05,13.62
2019-05-06,65.73
2019-05-07,76.68
2019-05-08,83.95
2019-05-09,77.54
2019-05-10,117.28
2019-05-11,67.45
2019-05-12,59.41
2019-05-13,61.29
2019-05-14,47.47
2019-05-15,68.52
2019-05-16,45.67
2019-05-17,56.61
2019-05-18,75.78
2019-05-19,78.6
2019-05-20,66.08
2019-05-21,70.12
2019-05-22,44.97
2019-05-23,45.14
2019-05-24,39.41
2019-05-25,44.87
2019-05-26,46.98
2019-05-27,58.45
2019-05-28,47.05
2019-05-29,36.04
2019-05-30,34.15
2019-05-31,40.9
2019-06-01,14.37
2019-06-02,33.62
2019-06-03,0.0
2019-06-04,32.78
2019-06-05,51.53
2019-06-06,36.15
2019-06-07,26.6
2019-06-08,8.32
2019-06-09,48.94
2019-06-10,58.33
2019-06-11,52.66
2019-06-12,26.52
2019-06-13,21.72
2019-06-14,18.76
2019-06-15,20.0
2019-06-16,18.48
2019-06-17,26.35
2019-06-18,29.42
2019-06-19,39.47
2019-06-20,28.0
2019-06-21,26.98
2019-06-22,43.88
2019-06-23,42.01
2019-06-24,41.34
2019-06-25,32.02
2019-06-26,24.51
2019-06-27,38.5
2019-06-28,29.03
2019-06-29,21.27
2019-06-30,18.41
2019-07-01,22.96
2019-07-02,15.25
2019-07-03,15.74
2019-07-04,24.34
2019-07-05,5.08
2019-07-06,12.09
2019-07-07,8.11
2019-07-08,18.49
2019-07-09,15.75
2019-07-10,19.59
2019-07-11,23.11
2019-07-12,24.81
2019-07-13,33.21
2019-07-14,22.63
2019-07-15,18.88
2019-07-16,38.78
2019-07-17,31.14
2019-07-18,32.95
2019-07-19,25.71
2019-07-20,27.82
2019-07-21,24.73
2019-07-22,20.24
2019-07-23,20.5
2019-07-24,16.9
2019-07-25,21.23
2019-07-26,16.79
2019-07-27,18.61
2019-07-28,28.1
2019-07-29,11.49
2019-07-30,11.72
2019-07-31,11.3
2019-08-01,15.83
2019-08-02,17.03
2019-08-03,11.68
2019-08-04,9.51
2019-08-05,0.0
2019-08-06,14.82
2019-08-07,9.9
2019-08-08,0.0
2019-08-09,2.54
2019-08-10,36.02
2019-08-11,35.2
2019-08-12,0.0
2019-08-13,13.05
2019-08-14,8.93
2019-08-15,26.93
2019-08-16,28.16
2019-08-17,43.12
2019-08-18,23.19
2019-08-19,20.65
2019-08-20,12.39
2019-08-21,32.15
2019-08-22,39.35
2019-08-23,22.73
2019-08-24,32.21
2019-08-25,37.79
2019-08-26,21.99
2019-08-27,34.35
2019-08-28,30.32
2019-08-29,35.6
2019-08-30,29.62
2019-08-31,45.24
2019-09-01,33.73
2019-09-02,17.73
2019-09-03,25.45
2019-09-04,31.95
2019-09-05,17.5
2019-09-06,20.52
2019-09-07,15.34
2019-09-08,18.58
2019-09-09,21.44
2019-09-10,16.98
2019-09-11,25.9
2019-09-12,33.44
2019-09-13,19.52
2019-09-14,27.59
2019-09-15,33.54
2019-09-16,33.37
2019-09-17,37.4
2019-09-18,32.19
2019-09-19,15.64
2019-09-20,22.3
2019-09-21,34.26
2019-09-22,35.88
2019-09-23,23.5
2019-09-24,13.3
2019-09-25,19.4
2019-09-26,16.66
2019-09-27,15.27
2019-09-28,14.78
2019-09-29,16.93
2019-09-30,26.05
2019-10-01,32.16
2019-10-02,28.96
2019-10-03,27.41
2019-10-04,51.42
2019-10-05,34.76
2019-10-06,30.55
2019-10-07,25.13
2019-10-08,25.41
2019-10-09,55.0
2019-10-10,26.48
2019-10-11,32.77
2019-10-12,28.89
2019-10-13,30.73
2019-10-14,39.96
2019-10-15,61.88
2019-10-16,53.11
2019-10-17,54.85
2019-10-18,32.62
2019-10-19,35.99
2019-10-20,41.21
2019-10-21,20.53
2019-10-22,31.58
2019-10-23,32.15
2019-10-24,24.43
2019-10-25,23.14
2019-10-26,34.74
2019-10-27,29.75
2019-10-28,0.0
2019-10-29,0.0
2019-10-30,78.08
2019-10-31,89.91
2019-11-01,84.24
2019-11-02,77.18
2019-11-03,83.03
2019-11-04,107.54
2019-11-05,89.4
2019-11-06,83.14
2019-11-07,81.1
2019-11-08,62.63
2019-11-09,38.64
2019-11-10,43.3
2019-11-11,42.37
2019-11-12,60.96
2019-11-13,57.49
2019-11-14,57.19
2019-11-15,58.09
2019-11-16,51.52
2019-11-17,79.1
2019-11-18,76.72
2019-11-19,50.88
2019-11-20,57.47
2019-11-21,69.64
2019-11-22,88.71
2019-11-23,86.71
2019-11-24,66.14
2019-11-25,98.46
2019-11-26,88.94
2019-11-27,47.74
2019-11-28,129.09
2019-11-29,102.32
2019-11-30,78.96
2019-12-01,70.08
2019-12-02,63.24
2019-12-03,75.53
2019-12-04,64.22
2019-12-05,54.83
2019-12-06,62.64
2019-12-07,64.84
2019-12-08,68.89
2019-12-09,75.5
2019-12-10,82.35
2019-12-11,118.77
2019-12-12,91.52
2019-12-13,65.57
2019-12-14,61.59
2019-12-15,50.72
2019-12-16,37.19
2019-12-17,66.14
2019-12-18,43.22
2019-12-19,38.79
2019-12-20,62.63
2019-12-21,64.93
2019-12-22,55.2
2019-12-23,48.17
2019-12-24,90.37
2019-12-25,109.25
2019-12-26,99.98
2019-12-27,64.98
2019-12-28,39.99
2019-12-29,82.67
2019-12-30,66.67
2019-12-31,63.03
2020-01-01,42.75
2020-01-02,28.9
2020-01-03,34.82
2020-01-04,58.33
2020-01-05,67.62
2020-01-06,49.74
2020-01-07,68.28
2020-01-08,69.26
2020-01-09,76.66
2020-01-10,56.23
2020-01-11,0.0
2020-01-12,0.0
2020-01-13,0.0
2020-01-14,125.88
2020-01-15,115.69
2020-01-16,108.99
2020-01-17,101.29
2020-01-18,83.82
2020-01-19,89.78
2020-01-20,69.42
2020-01-21,83.39
2020-01-22,104.47
2020-01-23,91.23
2020-01-24,68.34
2020-01-25,61.65
2020-01-26,60.24
2020-01-27,70.6
2020-01-28,74.93
2020-01-29,78.91
2020-01-30,59.9
2020-01-31,55.53
2020-02-01,54.18
2020-02-02,52.62
2020-02-03,109.14
2020-02-04,69.43
2020-02-05,65.97
2020-02-06,71.77
2020-02-07,52.91
2020-02-08,44.57
2020-02-09,57.83
2020-02-10,64.57
2020-02-11,84.2
2020-02-12,79.59
2020-02-13,78.7
2020-02-14,81.63
2020-02-15,69.93
2020-02-16,53.86
2020-02-17,62.05
2020-02-18,66.86
2020-02-19,79.45
2020-02-20,82.41
2020-02-21,70.64
2020-02-22,91.15
2020-02-23,76.21
2020-02-24,66.04
2020-02-25,33.53
2020-02-26,50.29
2020-02-27,55.53
2020-02-28,67.21
2020-02-29,84.52
2020-03-01,94.73
2020-03-02,101.48
2020-03-03,74.94
2020-03-04,0.0
2020-03-05,0.0
2020-03-06,0.0
2020-03-07,0.0
2020-03-08,0.0
2020-03-09,66.18
2020-03-10,25.66
2020-03-11,34.62
2020-03-12,22.07
2020-03-13,0.0
2020-03-14,0.0
2020-03-15,0.0
2020-03-16,0.0
2020-03-17,80.27
2020-03-18,64.95
2020-03-19,57.92
2020-03-20,0.0
2020-03-21,0.0
2020-03-22,0.0
2020-03-23,0.0
2020-03-24,92.5
2020-03-25,72.91
2020-03-26,66.01
2020-03-27,83.66
2020-03-28,52.6
2020-03-29,52.58
2020-03-30,49.81
2020-03-31,65.44
2020-04-01,59.92
2020-04-02,74.14
2020-04-03,71.91
2020-04-04,64.28
2020-04-05,56.63
2020-04-06,92.54
2020-04-07,81.29
2020-04-08,51.22
2020-04-09,101.41
2020-04-10,90.45
2020-04-11,93.45
2020-04-12,86.2
2020-04-13,76.67
2020-04-14,89.36
2020-04-15,76.63
2020-04-16,61.41
2020-04-17,98.12
2020-04-18,77.66
2020-04-19,55.82
2020-04-20,84.94
2020-04-21,33.32
2020-04-22,27.93
2020-04-23,38.58
2020-04-24,32.86
2020-04-25,42.81
2020-04-26,18.0
2020-04-27,28.56
2020-04-28,36.72
2020-04-29,35.97
2020-04-30,53.76
2020-05-01,59.5
2020-05-02,0.0
2020-05-03,75.61
2020-05-04,31.59
2020-05-05,46.37
2020-05-06,42.05
2020-05-07,25.98
2020-05-08,32.29
2020-05-09,39.19
2020-05-10,44.57
2020-05-11,88.68
2020-05-12,79.64
2020-05-13,73.38
2020-05-14,70.23
2020-05-15,50.05
2020-05-16,48.78
2020-05-17,46.31
2020-05-18,0.0
2020-05-19,0.0
2020-05-20,0.0
2020-05-21,0.0
2020-05-22,0.0
2020-05-23,0.0
2020-05-24,0.0
2020-05-25,0.0
2020-05-26,0.0
2020-05-27,0.0
2020-05-28,0.0
2020-05-29,158.38
2020-05-30,45.22
2020-05-31,30.4
2020-06-01,85.7
2020-06-02,57.78
2020-06-03,63.28
2020-06-04,31.8
2020-06-05,22.8
2020-06-06,95.99
2020-06-07,115.75
2020-06-08,77.38
2020-06-09,65.01
2020-06-10,41.25
2020-06-11,45.07
2020-06-12,34.71
2020-06-13,44.62
2020-06-14,121.74
2020-06-15,40.23
2020-06-16,62.9
2020-06-17,0.0
2020-06-18,0.0
2020-06-19,0.0
2020-06-20,0.0
2020-06-21,0.0
2020-06-22,0.0
2020-06-23,0.0
2020-06-24,308.79
2020-06-25,129.63
2020-06-26,29.21
2020-06-27,0.0
2020-06-28,0.0
2020-06-29,0.0
2020-06-30,0.0
2020-07-01,0.0
2019-09-02,13.62
2019-09-03,27.93
2019-09-04,34.05
2019-09-05,0.0
2019-09-06,0.0
2019-09-07,0.0
2019-09-08,0.0
2019-09-09,0.0
2019-09-10,0.0
2019-09-11,0.0
2019-09-12,0.0
2019-09-13,0.0
2019-09-14,0.0
2019-09-15,0.0
2019-09-16,0.0
2019-09-17,0.0
2019-09-18,0.0
2019-09-19,38.1
2019-09-20,40.41
2019-09-21,27.21
2019-09-22,29.75
2019-09-23,18.35
2019-09-24,34.43
2019-09-25,33.66
2019-09-26,22.93
2019-09-27,16.0
2019-09-28,22.41
2019-09-29,13.93
2019-09-30,0.0
2019-10-01,24.45
2019-10-02,15.77
2019-10-03,29.59
2019-10-04,30.27
2019-10-05,25.9
2019-10-06,38.69
2019-10-07,53.09
2019-10-08,43.67
2019-10-09,53.12
2019-10-10,56.82
2019-10-11,50.45
2019-10-12,58.03
2019-10-13,57.61
2019-10-14,74.8
2019-10-15,73.44
2019-10-16,83.96
2019-10-17,80.65
2019-10-18,56.2
2019-10-19,51.84
2019-10-20,53.9
2019-10-21,53.79
2019-10-22,47.72
2019-10-23,46.9
2019-10-24,71.66
2019-10-25,92.3
2019-10-26,104.11
2019-10-27,122.16
2019-10-28,154.85
2019-10-29,110.06
2019-10-30,108.09
2019-10-31,109.17
2019-11-01,112.71
2019-11-02,123.26
2019-11-03,135.98
2019-11-04,114.56
2019-11-05,53.96
2019-11-06,58.85
2019-11-07,46.3
2019-11-08,45.3
2019-11-09,47.33
2019-11-10,72.51
2019-11-11,103.38
2019-11-12,113.03
2019-11-13,101.59
2019-11-14,101.15
2019-11-15,96.95
2019-11-16,63.35
2019-11-17,42.54
2019-11-18,61.85
2019-11-19,85.34
2019-11-20,92.71
2019-11-21,84.5
2019-11-22,116.3
2019-11-23,84.1
2019-11-24,44.9
2019-11-25,46.55
2019-11-26,61.28
2019-11-27,32.56
2019-11-28,42.0
2019-11-29,50.57
2019-11-30,55.52
2019-12-01,59.05
2019-12-02,78.39
2019-12-03,81.14
2019-12-04,91.88
2019-12-05,92.12
2019-12-06,77.58
2019-12-07,69.8
2019-12-08,69.48
2019-12-09,97.55
2019-12-10,90.07
2019-12-11,119.05
2019-12-12,108.0
2019-12-13,21.86
2019-12-14,39.0
2019-12-15,39.25
2019-12-16,41.79
2019-12-17,61.95
2019-12-18,49.36
2019-12-19,91.41
2019-12-20,98.48
2019-12-21,68.55
2019-12-22,46.06
2019-12-23,41.79
2019-12-24,67.27
2019-12-25,35.08
2019-12-26,38.86
2019-12-27,61.39
2019-12-28,77.1
2019-12-29,58.68
2019-12-30,72.34
2019-12-31,77.06
2020-01-01,63.22
2020-01-02,45.65
2020-01-03,45.79
2020-01-04,53.46
2020-01-05,51.15
2020-01-06,37.92
2020-01-07,28.87
2020-01-08,31.92
2020-01-09,28.35
2020-01-10,27.82
2020-01-11,46.57
2020-01-12,75.8
2020-01-13,63.64
2020-01-14,39.14
2020-01-15,46.49
2020-01-16,40.07
2020-01-17,48.86
2020-01-18,58.57
2020-01-19,46.76
2020-01-20,54.78
2020-01-21,65.75
2020-01-22,41.75
2020-01-23,29.8
2020-01-24,27.35
2020-01-25,50.16
2020-01-26,63.05
2020-01-27,70.05
2020-01-28,40.04
2020-01-29,23.83
2020-01-30,26.33
2020-01-31,33.27
2020-02-01,46.01
2020-02-02,36.92
2020-02-03,45.69
2020-02-04,48.43
2020-02-05,44.5
2020-02-06,44.26
2020-02-07,52.11
2020-02-08,56.44
2020-02-09,58.61
2020-02-10,58.08
2020-02-11,55.99
2020-02-12,54.47
2020-02-13,45.96
2020-02-14,38.65
2020-02-15,38.73
2020-02-16,44.75
2020-02-17,37.34
2020-02-18,39.85
2020-02-19,49.94
2020-02-20,40.09
2020-02-21,17.74
2020-02-22,28.86
2020-02-23,26.21
2020-02-24,22.11
2020-02-25,31.08
2020-02-26,36.76
2020-02-27,55.33
2020-02-28,48.22
2020-02-29,24.21
2020-03-01,16.87
2020-03-02,32.21
2020-03-03,35.14
2020-03-04,35.6
2020-03-05,20.93
2020-03-06,13.67
2020-03-07,13.4
2020-03-08,22.56
2020-03-09,21.62
2020-03-10,29.78
2020-03-11,27.87
2020-03-12,19.08
2020-03-13,17.86
2020-03-14,9.63
2020-03-15,10.57
2020-03-16,21.2
2020-03-17,18.52
2020-03-18,20.51
2020-03-19,23.59
2020-03-20,24.17
2020-03-21,21.88
2020-03-22,18.63
2020-03-23,14.77
2020-03-24,16.69
2020-03-25,15.43
2020-03-26,13.28
2020-03-27,18.86
2020-03-28,7.73
2020-03-29,18.82
2020-03-30,12.34
2020-03-31,15.51
2020-04-01,12.25
2020-04-02,11.2
2020-04-03,11.91
2020-04-04,12.77
2020-04-05,15.43
2020-04-06,20.93
2020-04-07,11.46
2020-04-08,11.19
2020-04-09,10.0
2020-04-10,12.37
2020-04-11,14.16
2020-04-12,15.62
2020-04-13,19.73
2020-04-14,18.52
2020-04-15,22.97
2020-04-16,21.93
2020-04-17,16.51
2020-04-18,10.05
2020-04-19,6.86
2020-04-20,11.4
2020-04-21,12.87
2020-04-22,11.29
2020-04-23,16.05
2020-04-24,14.91
2020-04-25,17.25
2020-04-26,12.34
2020-04-27,10.3
2020-04-28,12.25
2020-04-29,14.57
2020-04-30,21.39
2020-05-01,22.24
2020-05-02,19.81
2020-05-03,17.98
2020-05-04,10.42
2020-05-05,17.99
2020-05-06,16.21
2020-05-07,13.54
2020-05-08,18.31
2020-05-09,23.0
2020-05-10,24.15
2020-05-11,16.39
2020-05-12,17.07
2020-05-13,34.57
2020-05-14,29.6
2020-05-15,12.35
2020-05-16,20.83
2020-05-17,22.99
2020-05-18,21.46
2020-05-19,16.47
2020-05-20,17.59
2020-05-21,29.03
2020-05-22,35.93
2020-05-23,35.26
2020-05-24,24.52
2020-05-25,26.31
2020-05-26,29.31
2020-05-27,19.09
2020-05-28,19.87
2020-05-29,11.88
2020-05-30,15.25
2020-05-31,16.6
2020-06-01,18.59
2020-06-02,18.36
2020-06-03,16.71
2020-06-04,14.48
2020-06-05,21.25
2020-06-06,22.07
2020-06-07,16.35
2020-06-08,21.12
2020-06-09,29.37
2020-06-10,24.53
2020-06-11,25.59
2020-06-12,33.92
2020-06-13,25.68
2020-06-14,21.72
2020-06-15,21.74
2020-06-16,21.2
2020-06-17,20.84
2020-06-18,28.75
2020-06-19,16.34
2020-06-20,23.97
2020-06-21,26.45
2020-06-22,21.69
2020-06-23,19.17
2020-06-24,16.79
2020-06-25,14.15
2020-06-26,31.84
2020-06-27,35.55
2020-06-28,39.42
2020-06-29,38.89
2020-06-30,20.28
2020-07-01,32.9
2015-01-01,0.0
2015-01-02,0.0
2015-01-03,0.0
2015-01-04,0.0
2015-01-05,0.0
2015-01-06,0.0
2015-01-07,0.0
2015-01-08,0.0
2015-01-09,0.0
2015-01-10,0.0
2015-01-11,0.0
2015-01-12,0.0
2015-01-13,0.0
2015-01-14,0.0
2015-01-15,0.0
2015-01-16,0.0
2015-01-17,0.0
2015-01-18,0.0
2015-01-19,0.0
2015-01-20,0.0
2015-01-21,0.0
2015-01-22,0.0
2015-01-23,0.0
2015-01-24,0.0
2015-01-25,0.0
2015-01-26,0.0
2015-01-27,0.0
2015-01-28,0.0
2015-01-29,0.0
2015-01-30,0.0
2015-01-31,0.0
2015-02-01,0.0
2015-02-02,0.0
2015-02-03,0.0
2015-02-04,0.0
2015-02-05,0.0
2015-02-06,0.0
2015-02-07,0.0
2015-02-08,0.0
2015-02-09,0.0
2015-02-10,0.0
2015-02-11,0.0
2015-02-12,0.0
2015-02-13,0.0
2015-02-14,0.0
2015-02-15,0.0
2015-02-16,0.0
2015-02-17,0.0
2015-02-18,0.0
2015-02-19,0.0
2015-02-20,0.0
2015-02-21,0.0
2015-02-22,0.0
2015-02-23,0.0
2015-02-24,0.0
2015-02-25,0.0
2015-02-26,0.0
2015-02-27,0.0
2015-02-28,0.0
2015-03-01,0.0
2015-03-02,0.0
2015-03-03,0.0
2015-03-04,0.0
2015-03-05,0.0
2015-03-06,0.0
2015-03-07,0.0
2015-03-08,0.0
2015-03-09,0.0
2015-03-10,0.0
2015-03-11,0.0
2015-03-12,0.0
2015-03-13,0.0
2015-03-14,0.0
2015-03-15,0.0
2015-03-16,0.0
2015-03-17,0.0
2015-03-18,0.0
2015-03-19,0.0
2015-03-20,0.0
2015-03-21,0.0
2015-03-22,0.0
2015-03-23,173.51
2015-03-24,149.04
2015-03-25,205.65
2015-03-26,140.21
2015-03-27,266.29
2015-03-28,88.65
2015-03-29,81.34
2015-03-30,144.46
2015-03-31,51.69
2015-04-01,103.75
2015-04-02,106.27
2015-04-03,42.82
2015-04-04,187.51
2015-04-05,85.86
2015-04-06,83.19
2015-04-07,48.35
2015-04-08,73.66
2015-04-09,66.72
2015-04-10,80.79
2015-04-11,75.59
2015-04-12,75.82
2015-04-13,80.23
2015-04-14,87.48
2015-04-15,72.65
2015-04-16,90.72
2015-04-17,73.28
2015-04-18,73.33
2015-04-19,71.17
2015-04-20,78.58
2015-04-21,74.55
2015-04-22,73.8
2015-04-23,69.28
2015-04-24,70.45
2015-04-25,60.15
2015-04-26,57.57
2015-04-27,67.8
2015-04-28,70.85
2015-04-29,63.16
2015-04-30,55.47
2015-05-01,51.62
2015-05-02,85.26
2015-05-03,44.26
2015-05-04,28.97
2015-05-05,35.16
2015-05-06,44.1
2015-05-07,57.31
2015-05-08,54.28
2015-05-09,60.64
2015-05-10,53.69
2015-05-11,49.2
2015-05-12,82.63
2015-05-13,100.77
2015-05-14,120.24
2015-05-15,70.64
2015-05-16,91.69
2015-05-17,79.98
2015-05-18,87.7
2015-05-19,83.47
2015-05-20,97.96
2015-05-21,97.74
2015-05-22,85.55
2015-05-23,90.87
2015-05-24,78.25
2015-05-25,125.51
2015-05-26,113.78
2015-05-27,119.68
2015-05-28,105.59
2015-05-29,100.5
2015-05-30,102.97
2015-05-31,127.46
2015-06-01,129.49
2015-06-02,100.13
2015-06-03,108.88
2015-06-04,111.48
2015-06-05,73.81
2015-06-06,60.15
2015-06-07,61.59
2015-06-08,64.94
2015-06-09,61.26
2015-06-10,58.49
2015-06-11,58.84
2015-06-12,60.75
2015-06-13,58.12
2015-06-14,58.33
2015-06-15,59.87
2015-06-16,49.91
2015-06-17,53.53
2015-06-18,45.43
2015-06-19,54.86
2015-06-20,56.25
2015-06-21,57.87
2015-06-22,72.61
2015-06-23,68.28
2015-06-24,58.07
2015-06-25,67.93
2015-06-26,69.03
2015-06-27,76.57
2015-06-28,77.2
2015-06-29,76.18
2015-06-30,77.16
2015-07-01,83.72
2015-07-02,68.41
2015-07-03,73.86
2015-07-04,70.58
2015-07-05,70.61
2015-07-06,71.19
2015-07-07,69.56
2015-07-08,68.72
2015-07-09,67.95
2015-07-10,59.59
2015-07-11,62.54
2015-07-12,61.7
2015-07-13,65.54
2015-07-14,53.35
2015-07-15,59.2
2015-07-16,57.02
2015-07-17,53.75
2015-07-18,48.36
2015-07-19,40.7
2015-07-20,36.72
2015-07-21,42.94
2015-07-22,47.23
2015-07-23,81.77
2015-07-24,83.64
2015-07-25,53.69
2015-07-26,47.88
2015-07-27,57.59
2015-07-28,51.55
2015-07-29,50.58
2015-07-30,49.89
2015-07-31,56.67
2015-08-01,85.39
2015-08-02,70.17
2015-08-03,49.45
2015-08-04,64.89
2015-08-05,59.69
2015-08-06,49.27
2015-08-07,56.12
2015-08-08,63.11
2015-08-09,55.12
2015-08-10,54.41
2015-08-11,61.65
2015-08-12,53.49
2015-08-13,58.42
2015-08-14,57.52
2015-08-15,51.29
2015-08-16,58.79
2015-08-17,63.39
2015-08-18,66.98
2015-08-19,69.54
2015-08-20,64.9
2015-08-21,43.12
2015-08-22,39.93
2015-08-23,33.26
2015-08-24,40.27
2015-08-25,46.96
2015-08-26,39.91
2015-08-27,39.65
2015-08-28,45.16
2015-08-29,43.58
2015-08-30,37.62
2015-08-31,41.0
2015-09-01,32.37
2015-09-02,24.27
2015-09-03,26.54
2015-09-04,26.96
2015-09-05,25.83
2015-09-06,26.47
2015-09-07,27.97
2015-09-08,27.86
2015-09-09,26.89
2015-09-10,28.78
2015-09-11,31.49
2015-09-12,32.09
2015-09-13,29.23
2015-09-14,30.94
2015-09-15,29.62
2015-09-16,29.73
2015-09-17,30.34
2015-09-18,31.63
2015-09-19,35.42
2015-09-20,27.32
2015-09-21,27.69
2015-09-22,39.77
2015-09-23,31.65
2015-09-24,39.97
2015-09-25,41.94
2015-09-26,65.79
2015-09-27,86.4
2015-09-28,61.69
2015-09-29,44.26
2015-09-30,42.71
2015-10-01,46.97
2015-10-02,42.17
2015-10-03,47.0
2015-10-04,49.45
2015-10-05,46.7
2015-10-06,33.87
2015-10-07,33.0
2015-10-08,36.3
2015-10-09,36.51
2015-10-10,37.71
2015-10-11,35.73
2015-10-12,36.27
2015-10-13,122.16
2015-10-14,90.73
2015-10-15,63.96
2015-10-16,48.79
2015-10-17,34.96
2015-10-18,37.55
2015-10-19,31.54
2015-10-20,37.74
2015-10-21,41.27
2015-10-22,47.68
2015-10-23,81.26
2015-10-24,44.79
2015-10-25,50.98
2015-10-26,46.79
2015-10-27,54.0
2015-10-28,52.65
2015-10-29,55.75
2015-10-30,52.29
2015-10-31,41.39
2015-11-01,44.08
2015-11-02,41.44
2015-11-03,41.96
2015-11-04,41.8
2015-11-05,43.18
2015-11-06,44.74
2015-11-07,53.31
2015-11-08,38.73
2015-11-09,23.46
2015-11-10,76.42
2015-11-11,53.36
2015-11-12,44.5
2015-11-13,51.11
2015-11-14,55.76
2015-11-15,49.55
2015-11-16,31.49
2015-11-17,30.89
2015-11-18,36.51
2015-11-19,30.69
2015-11-20,28.66
2015-11-21,33.37
2015-11-22,29.11
2015-11-23,27.08
2015-11-24,25.63
2015-11-25,35.35
2015-11-26,36.82
2015-11-27,36.96
2015-11-28,44.41
2015-11-29,29.55
2015-11-30,31.97
2015-12-01,28.82
2015-12-02,32.64
2015-12-03,52.16
2015-12-04,0.0
2015-12-05,0.0
2015-12-06,0.0
2015-12-07,13.27
2015-12-08,48.08
2015-12-09,40.81
2015-12-10,40.96
2015-12-11,46.17
2015-12-12,78.83
2015-12-13,138.07
2015-12-14,54.85
2015-12-15,42.45
2015-12-16,46.16
2015-12-17,48.64
2015-12-18,44.78
2015-12-19,39.11
2015-12-20,42.67
2015-12-21,65.01
2015-12-22,56.1
2015-12-23,50.32
2015-12-24,63.0
2015-12-25,59.47
2015-12-26,71.81
2015-12-27,81.74
2015-12-28,62.63
2015-12-29,65.1
2015-12-30,57.23
2015-12-31,52.27
2016-01-01,65.97
2016-01-02,41.3
2016-01-03,36.81
2016-01-04,44.87
2016-01-05,63.67
2016-01-06,67.49
2016-01-07,52.94
2016-01-08,69.88
2016-01-09,66.89
2016-01-10,62.27
2016-01-11,51.56
2016-01-12,58.27
2016-01-13,63.13
2016-01-14,80.23
2016-01-15,39.74
2016-01-16,49.21
2016-01-17,55.73
2016-01-18,58.28
2016-01-19,56.47
2016-01-20,60.04
2016-01-21,55.45
2016-01-22,65.26
2016-01-23,53.07
2016-01-24,51.32
2016-01-25,46.84
2016-01-26,46.29
2016-01-27,42.49
2016-01-28,47.11
2016-01-29,50.13
2016-01-30,53.58
2016-01-31,76.91
2016-02-01,107.65
2016-02-02,69.9
2016-02-03,112.72
2016-02-04,81.79
2016-02-05,127.03
2016-02-06,70.57
2016-02-07,79.55
2016-02-08,76.36
2016-02-09,92.83
2016-02-10,98.75
2016-02-11,82.03
2016-02-12,85.64
2016-02-13,76.72
2016-02-14,57.58
2016-02-15,65.38
2016-02-16,80.38
2016-02-17,68.45
2016-02-18,73.22
2016-02-19,79.01
2016-02-20,83.44
2016-02-21,62.16
2016-02-22,41.54
2016-02-23,67.25
2016-02-24,44.41
2016-02-25,47.25
2016-02-26,35.75
2016-02-27,51.79
2016-02-28,32.96
2016-02-29,52.25
2016-03-01,90.02
2016-03-02,69.55
2016-03-03,47.78
2016-03-04,67.25
2016-03-05,62.62
2016-03-06,62.87
2016-03-07,56.24
2016-03-08,60.92
2016-03-09,81.03
2016-03-10,80.44
2016-03-11,66.08
2016-03-12,65.08
2016-03-13,57.73
2016-03-14,74.65
2016-03-15,76.68
2016-03-16,81.93
2016-03-17,86.31
2016-03-18,87.07
2016-03-19,100.61
2016-03-20,98.47
2016-03-21,123.36
2016-03-22,69.38
2016-03-23,68.25
2016-03-24,64.05
2016-03-25,59.46
2016-03-26,64.1
2016-03-27,63.03
2016-03-28,46.09
2016-03-29,51.43
2016-03-30,53.32
2016-03-31,55.51
2016-04-01,64.92
2016-04-02,65.84
2016-04-03,63.65
2016-04-04,67.33
2016-04-05,68.04
2016-04-06,70.13
2016-04-07,64.37
2016-04-08,56.54
2016-04-09,54.83
2016-04-10,61.1
2016-04-11,61.34
2016-04-12,56.23
2016-04-13,59.15
2016-04-14,55.65
2016-04-15,54.15
2016-04-16,56.37
2016-04-17,54.71
2016-04-18,55.5
2016-04-19,56.62
2016-04-20,60.73
2016-04-21,51.55
2016-04-22,51.96
2016-04-23,60.21
2016-04-24,65.26
2016-04-25,61.78
2016-04-26,57.7
2016-04-27,56.99
2016-04-28,51.73
2016-04-29,48.7
2016-04-30,65.21
2016-05-01,89.6
2016-05-02,58.58
2016-05-03,54.16
2016-05-04,55.79
2016-05-05,57.2
2016-05-06,64.95
2016-05-07,56.02
2016-05-08,53.3
2016-05-09,52.04
2016-05-10,61.37
2016-05-11,59.24
2016-05-12,58.43
2016-05-13,68.42
2016-05-14,62.47
2016-05-15,55.77
2016-05-16,58.8
2016-05-17,81.06
2016-05-18,65.17
2016-05-19,48.59
2016-05-20,45.05
2016-05-21,51.6
2016-05-22,51.67
2016-05-23,51.11
2016-05-24,50.24
2016-05-25,45.89
2016-05-26,48.61
2016-05-27,51.67
2016-05-28,50.64
2016-05-29,44.88
2016-05-30,43.41
2016-05-31,57.32
2016-06-01,43.52
2016-06-02,41.29
2016-06-03,0.0
2016-06-04,0.0
2016-06-05,0.0
2016-06-06,0.0
2016-06-07,0.0
2016-06-08,0.0
2016-06-09,0.0
2016-06-10,0.0
2016-06-11,0.0
2016-06-12,0.0
2016-06-13,0.0
2016-06-14,43.16
2016-06-15,32.64
2016-06-16,44.73
2016-06-17,41.29
2016-06-18,45.76
2016-06-19,43.38
2016-06-20,38.93
2016-06-21,42.3
2016-06-22,32.8
2016-06-23,40.78
2016-06-24,50.94
2016-06-25,0.0
2016-06-26,73.03
2016-06-27,46.17
2016-06-28,60.36
2016-06-29,42.8
2016-06-30,109.5
2016-07-01,45.6
2016-07-02,47.91
2016-07-03,30.43
2016-07-04,96.65
2016-07-05,196.81
2016-07-06,29.09
2016-07-07,29.34
2016-07-08,57.26
2016-07-09,28.3
2016-07-10,35.38
2016-07-11,22.97
2016-07-12,23.24
2016-07-13,24.87
2016-07-14,18.67
2016-07-15,26.6
2016-07-16,34.33
2016-07-17,35.16
2016-07-18,31.69
2016-07-19,32.43
2016-07-20,33.09
2016-07-21,27.02
2016-07-22,21.38
2016-07-23,29.69
2016-07-24,59.34
2016-07-25,30.71
2016-07-26,23.58
2016-07-27,24.43
2016-07-28,42.82
2016-07-29,28.51
2016-07-30,34.01
2016-07-31,32.41
2016-08-01,32.88
2016-08-02,34.8
2016-08-03,40.39
2016-08-04,32.44
2016-08-05,30.54
2016-08-06,32.54
2016-08-07,37.71
2016-08-08,40.69
2016-08-09,40.85
2016-08-10,35.23
2016-08-11,33.51
2016-08-12,29.11
2016-08-13,30.94
2016-08-14,29.48
2016-08-15,25.42
2016-08-16,35.09
2016-08-17,34.2
2016-08-18,55.88
2016-08-19,39.96
2016-08-20,36.33
2016-08-21,26.4
2016-08-22,40.36
2016-08-23,40.21
2016-08-24,37.07
2016-08-25,26.7
2016-08-26,38.63
2016-08-27,32.14
2016-08-28,33.02
2016-08-29,38.11
2016-08-30,37.79
2016-08-31,28.6
2016-09-01,30.82
2016-09-02,42.16
2016-09-03,36.8
2016-09-04,31.97
2016-09-05,23.6
2016-09-06,38.5
2016-09-07,36.26
2016-09-08,42.37
2016-09-09,38.87
2016-09-10,43.96
2016-09-11,36.26
2016-09-12,41.33
2016-09-13,44.76
2016-09-14,33.01
2016-09-15,26.79
2016-09-16,24.54
2016-09-17,34.16
2016-09-18,26.59
2016-09-19,23.76
2016-09-20,22.2
2016-09-21,16.18
2016-09-22,12.79
2016-09-23,18.98
2016-09-24,18.35
2016-09-25,24.87
2016-09-26,33.32
2016-09-27,31.93
2016-09-28,45.71
2016-09-29,40.61
2016-09-30,38.14
2016-10-01,35.96
2016-10-02,0.0
2016-10-03,33.05
2016-10-04,34.06
2016-10-05,29.14
2016-10-06,60.14
2016-10-07,51.01
2016-10-08,36.09
2016-10-09,38.46
2016-10-10,44.91
2016-10-11,32.16
2016-10-12,45.11
2016-10-13,81.45
2016-10-14,60.89
2016-10-15,62.96
2016-10-16,60.19
2016-10-17,66.69
2016-10-18,78.52
2016-10-19,63.07
2016-10-20,80.58
2016-10-21,73.75
2016-10-22,80.18
2016-10-23,87.04
2016-10-24,81.0
2016-10-25,85.73
2016-10-26,92.64
2016-10-27,98.0
2016-10-28,132.38
2016-10-29,114.08
2016-10-30,67.86
2016-10-31,49.57
2016-11-01,52.28
2016-11-02,47.86
2016-11-03,35.54
2016-11-04,57.22
2016-11-05,66.29
2016-11-06,80.11
2016-11-07,71.86
2016-11-08,80.49
2016-11-09,83.26
2016-11-10,71.16
2016-11-11,76.21
2016-11-12,82.67
2016-11-13,42.54
2016-11-14,29.08
2016-11-15,34.55
2016-11-16,55.67
2016-11-17,66.57
2016-11-18,62.58
2016-11-19,71.55
2016-11-20,58.21
2016-11-21,63.87
2016-11-22,83.29
2016-11-23,88.08
2016-11-24,91.49
2016-11-25,93.71
2016-11-26,82.55
2016-11-27,101.77
2016-11-28,92.41
2016-11-29,91.15
2016-11-30,94.8
2016-12-01,74.73
2016-12-02,43.52
2016-12-03,27.93
2016-12-04,45.98
2016-12-05,45.48
2016-12-06,54.12
2016-12-07,48.91
2016-12-08,59.74
2016-12-09,80.55
2016-12-10,84.69
2016-12-11,77.14
2016-12-12,51.17
2016-12-13,0.0
2016-12-14,0.0
2016-12-15,0.0
2016-12-16,0.0
2016-12-17,0.0
2016-12-18,0.0
2016-12-19,0.0
2016-12-20,0.0
2016-12-21,0.0
2016-12-22,0.0
2016-12-23,0.0
2016-12-24,0.0
2016-12-25,0.0
2016-12-26,0.0
2016-12-27,0.0
2016-12-28,0.0
2016-12-29,0.0
2016-12-30,63.65
2016-12-31,84.04
2017-01-01,44.56
2017-01-02,40.9
2017-01-03,42.31
2017-01-04,41.5
2017-01-05,72.86
2017-01-06,82.48
2017-01-07,58.09
2017-01-08,50.17
2017-01-09,44.1
2017-01-10,293.43
2017-01-11,55.2
2017-01-12,169.75
2017-01-13,144.02
2017-01-14,69.97
2017-01-15,55.97
2017-01-16,62.53
2017-01-17,80.76
2017-01-18,55.43
2017-01-19,50.27
2017-01-20,64.06
2017-01-21,36.85
2017-01-22,57.05
2017-01-23,73.27
2017-01-24,56.51
2017-01-25,66.54
2017-01-26,43.6
2017-01-27,36.16
2017-01-28,21.64
2017-01-29,36.77
2017-01-30,38.73
2017-01-31,100.68
2017-02-01,45.13
2017-02-02,52.59
2017-02-03,50.38
2017-02-04,67.15
2017-02-05,77.17
2017-02-06,72.94
2017-02-07,83.86
2017-02-08,80.59
2017-02-09,91.75
2017-02-10,89.0
2017-02-11,84.05
2017-02-12,56.6
2017-02-13,54.94
2017-02-14,45.2
2017-02-15,63.51
2017-02-16,63.42
2017-02-17,77.03
2017-02-18,71.15
2017-02-19,71.72
2017-02-20,50.86
2017-02-21,51.46
2017-02-22,56.59
2017-02-23,42.42
2017-02-24,45.27
2017-02-25,37.91
2017-02-26,44.1
2017-02-27,59.53
2017-02-28,65.96
2017-03-01,82.44
2017-03-02,72.86
2017-03-03,63.96
2017-03-04,40.43
2017-03-05,34.07
2017-03-06,36.92
2017-03-07,36.88
2017-03-08,62.57
2017-03-09,31.34
2017-03-10,227.17
2017-03-11,62.95
2017-03-12,33.53
2017-03-13,23.54
2017-03-14,29.17
2017-03-15,53.27
2017-03-16,286.08
2017-03-17,37.43
2017-03-18,26.43
2017-03-19,88.83
2017-03-20,29.53
2017-03-21,25.53
2017-03-22,35.25
2017-03-23,36.76
2017-03-24,52.62
2017-03-25,80.48
2017-03-26,74.46
2017-03-27,60.44
2017-03-28,39.11
2017-03-29,35.04
2017-03-30,37.42
2017-03-31,35.34
2017-04-01,34.69
2017-04-02,37.57
2017-04-03,44.33
2017-04-04,40.56
2017-04-05,48.62
2017-04-06,36.85
2017-04-07,41.16
2017-04-08,61.68
2017-04-09,34.28
2017-04-10,53.6
2017-04-11,67.15
2017-04-12,37.05
2017-04-13,49.49
2017-04-14,45.09
2017-04-15,61.73
2017-04-16,55.89
2017-04-17,72.65
2017-04-18,75.8
2017-04-19,91.14
2017-04-20,68.14
2017-04-21,89.0
2017-04-22,81.33
2017-04-23,82.7
2017-04-24,62.54
2017-04-25,51.38
2017-04-26,60.21
2017-04-27,59.63
2017-04-28,56.7
2017-04-29,61.92
2017-04-30,43.89
2017-05-01,40.4
2017-05-02,34.05
2017-05-03,37.71
2017-05-04,43.64
2017-05-05,40.54
2017-05-06,44.14
2017-05-07,38.85
2017-05-08,44.08
2017-05-09,34.59
2017-05-10,47.85
2017-05-11,27.0
2017-05-12,46.29
2017-05-13,36.62
2017-05-14,60.49
2017-05-15,73.27
2017-05-16,64.22
2017-05-17,86.49
2017-05-18,131.2
2017-05-19,86.94
2017-05-20,63.82
2017-05-21,71.68
2017-05-22,50.12
2017-05-23,86.59
2017-05-24,100.14
2017-05-25,65.53
2017-05-26,71.65
2017-05-27,60.4
2017-05-28,46.27
2017-05-29,57.25
2017-05-30,43.31
2017-05-31,43.14
2017-06-01,44.66
2017-06-02,56.39
2017-06-03,40.58
2017-06-04,41.33
2017-06-05,38.61
2017-06-06,41.32
2017-06-07,37.63
2017-06-08,41.44
2017-06-09,41.41
2017-06-10,46.32
2017-06-11,30.88
2017-06-12,35.9
2017-06-13,38.33
2017-06-14,41.07
2017-06-15,48.23
2017-06-16,49.47
2017-06-17,43.64
2017-06-18,38.35
2017-06-19,50.48
2017-06-20,45.95
2017-06-21,51.81
2017-06-22,43.94
2017-06-23,46.72
2017-06-24,51.02
2017-06-25,41.41
2017-06-26,45.53
2017-06-27,47.32
2017-06-28,39.61
2017-06-29,48.43
2017-06-30,94.72
2017-07-01,56.49
2017-07-02,62.74
2017-07-03,47.17
2017-07-04,37.6
2017-07-05,46.61
2017-07-06,42.38
2017-07-07,53.45
2017-07-08,59.81
2017-07-09,52.28
2017-07-10,42.48
2017-07-11,62.34
2017-07-12,28.72
2017-07-13,62.64
2017-07-14,48.22
2017-07-15,63.29
2017-07-16,46.96
2017-07-17,45.1
2017-07-18,37.98
2017-07-19,48.24
2017-07-20,41.12
2017-07-21,86.01
2017-07-22,50.07
2017-07-23,37.84
2017-07-24,112.23
2017-07-25,94.7
2017-07-26,92.04
2017-07-27,51.29
2017-07-28,49.33
2017-07-29,40.62
2017-07-30,45.56
2017-07-31,28.16
2017-08-01,74.6
2017-08-02,68.25
2017-08-03,29.95
2017-08-04,42.18
2017-08-05,30.69
2017-08-06,38.43
2017-08-07,39.48
2017-08-08,33.9
2017-08-09,31.33
2017-08-10,27.71
2017-08-11,46.18
2017-08-12,42.11
2017-08-13,23.87
2017-08-14,52.24
2017-08-15,34.61
2017-08-16,39.27
2017-08-17,42.01
2017-08-18,0.0
2017-08-19,0.0
2017-08-20,0.0
2017-08-21,34.46
2017-08-22,29.83
2017-08-23,36.03
2017-08-24,32.77
2017-08-25,56.97
2017-08-26,41.58
2017-08-27,34.32
2017-08-28,79.2
2017-08-29,37.1
2017-08-30,61.29
2017-08-31,40.37
2017-09-01,37.18
2017-09-02,48.82
2017-09-03,34.52
2017-09-04,39.0
2017-09-05,69.85
2017-09-06,31.96
2017-09-07,27.78
2017-09-08,28.24
2017-09-09,19.53
2017-09-10,18.22
2017-09-11,28.14
2017-09-12,40.87
2017-09-13,33.66
2017-09-14,29.41
2017-09-15,36.17
2017-09-16,36.71
2017-09-17,25.13
2017-09-18,25.17
2017-09-19,32.9
2017-09-20,39.01
2017-09-21,31.68
2017-09-22,49.34
2017-09-23,65.67
2017-09-24,85.36
2017-09-25,49.27
2017-09-26,69.26
2017-09-27,51.96
2017-09-28,50.0
2017-09-29,44.9
2017-09-30,29.8
2017-10-01,25.58
2017-10-02,16.59
2017-10-03,25.6
2017-10-04,20.75
2017-10-05,25.51
2017-10-06,38.5
2017-10-07,40.16
2017-10-08,35.37
2017-10-09,35.94
2017-10-10,52.2
2017-10-11,41.34
2017-10-12,35.8
2017-10-13,44.53
2017-10-14,56.36
2017-10-15,37.27
2017-10-16,35.62
2017-10-17,68.01
2017-10-18,193.3
2017-10-19,226.74
2017-10-20,57.62
2017-10-21,30.2
2017-10-22,31.17
2017-10-23,58.59
2017-10-24,53.74
2017-10-25,36.65
2017-10-26,25.9
2017-10-27,31.32
2017-10-28,53.37
2017-10-29,62.08
2017-10-30,19.87
2017-10-31,41.87
2017-11-01,24.56
2017-11-02,27.99
2017-11-03,30.02
2017-11-04,27.1
2017-11-05,24.37
2017-11-06,29.63
2017-11-07,33.67
2017-11-08,37.64
2017-11-09,40.88
2017-11-10,68.58
2017-11-11,70.8
2017-11-12,81.94
2017-11-13,48.07
2017-11-14,30.57
2017-11-15,41.87
2017-11-16,45.77
2017-11-17,58.96
2017-11-18,24.73
2017-11-19,22.81
2017-11-20,22.57
2017-11-21,18.44
2017-11-22,41.9
2017-11-23,79.51
2017-11-24,75.6
2017-11-25,90.46
2017-11-26,57.36
2017-11-27,37.83
2017-11-28,42.05
2017-11-29,38.73
2017-11-30,29.62
2017-12-01,31.57
2017-12-02,50.43
2017-12-03,46.63
2017-12-04,43.1
2017-12-05,34.52
2017-12-06,38.1
2017-12-07,94.87
2017-12-08,73.06
2017-12-09,77.29
2017-12-10,79.19
2017-12-11,70.02
2017-12-12,59.77
2017-12-13,45.88
2017-12-14,46.3
2017-12-15,59.7
2017-12-16,53.21
2017-12-17,50.08
2017-12-18,47.66
2017-12-19,41.07
2017-12-20,45.39
2017-12-21,52.1
2017-12-22,62.7
2017-12-23,38.95
2017-12-24,51.21
2017-12-25,53.02
2017-12-26,79.72
2017-12-27,82.28
2017-12-28,64.49
2017-12-29,52.37
2017-12-30,53.72
2017-12-31,48.28
2018-01-01,51.16
2018-01-02,58.46
2018-01-03,56.26
2018-01-04,113.21
2018-01-05,76.77
2018-01-06,76.4
2018-01-07,62.12
2018-01-08,75.69
2018-01-09,55.3
2018-01-10,66.55
2018-01-11,79.23
2018-01-12,82.65
2018-01-13,164.37
2018-01-14,76.62
2018-01-15,68.45
2018-01-16,74.62
2018-01-17,71.04
2018-01-18,67.8
2018-01-19,70.06
2018-01-20,68.89
2018-01-21,85.98
2018-01-22,70.63
2018-01-23,80.58
2018-01-24,80.11
2018-01-25,84.31
2018-01-26,74.03
2018-01-27,79.6
2018-01-28,71.53
2018-01-29,73.21
2018-01-30,68.01
2018-01-31,72.05
2018-02-01,66.15
2018-02-02,78.68
2018-02-03,74.22
2018-02-04,37.64
2018-02-05,38.01
2018-02-06,44.18
2018-02-07,33.44
2018-02-08,34.52
2018-02-09,49.07
2018-02-10,50.86
2018-02-11,52.68
2018-02-12,46.07
2018-02-13,76.41
2018-02-14,55.38
2018-02-15,63.06
2018-02-16,57.82
2018-02-17,55.81
2018-02-18,70.43
2018-02-19,67.83
2018-02-20,63.29
2018-02-21,74.3
2018-02-22,59.12
2018-02-23,50.3
2018-02-24,48.95
2018-02-25,31.53
2018-02-26,48.05
2018-02-27,73.78
2018-02-28,95.58
2018-03-01,100.8
2018-03-02,52.34
2018-03-03,49.83
2018-03-04,60.18
2018-03-05,43.63
2018-03-06,48.43
2018-03-07,68.14
2018-03-08,82.38
2018-03-09,61.5
2018-03-10,70.08
2018-03-11,59.66
2018-03-12,93.32
2018-03-13,30.74
2018-03-14,26.74
2018-03-15,30.99
2018-03-16,26.1
2018-03-17,37.93
2018-03-18,53.22
2018-03-19,50.29
2018-03-20,65.17
2018-03-21,56.5
2018-03-22,45.69
2018-03-23,56.79
2018-03-24,66.3
2018-03-25,51.92
2018-03-26,50.55
2018-03-27,51.77
2018-03-28,26.35
2018-03-29,22.93
2018-03-30,34.85
2018-03-31,39.89
2018-04-01,45.25
2018-04-02,29.45
2018-04-03,27.82
2018-04-04,36.15
2018-04-05,38.02
2018-04-06,38.53
2018-04-07,35.94
2018-04-08,24.52
2018-04-09,26.0
2018-04-10,36.7
2018-04-11,29.62
2018-04-12,26.52
2018-04-13,43.91
2018-04-14,22.23
2018-04-15,16.69
2018-04-16,21.91
2018-04-17,22.75
2018-04-18,41.36
2018-04-19,27.35
2018-04-20,36.7
2018-04-21,31.87
2018-04-22,31.22
2018-04-23,38.58
2018-04-24,51.52
2018-04-25,41.31
2018-04-26,44.01
2018-04-27,42.33
2018-04-28,29.34
2018-04-29,32.08
2018-04-30,42.57
2018-05-01,50.73
2018-05-02,62.94
2018-05-03,52.76
2018-05-04,76.95
2018-05-05,37.39
2018-05-06,39.42
2018-05-07,48.75
2018-05-08,22.47
2018-05-09,15.55
2018-05-10,22.62
2018-05-11,23.19
2018-05-12,20.7
2018-05-13,28.08
2018-05-14,25.14
2018-05-15,27.68
2018-05-16,27.85
2018-05-17,23.7
2018-05-18,48.5
2018-05-19,35.46
2018-05-20,35.53
2018-05-21,42.6
2018-05-22,52.89
2018-05-23,42.53
2018-05-24,40.25
2018-05-25,28.46
2018-05-26,38.2
2018-05-27,51.13
2018-05-28,47.54
2018-05-29,46.07
2018-05-30,44.17
2018-05-31,56.1
2018-06-01,57.69
2018-06-02,64.65
2018-06-03,50.69
2018-06-04,52.68
2018-06-05,42.26
2018-06-06,50.38
2018-06-07,34.9
2018-06-08,36.28
2018-06-09,41.3
2018-06-10,33.79
2018-06-11,41.09
2018-06-12,43.9
2018-06-13,45.77
2018-06-14,50.27
2018-06-15,66.88
2018-06-16,49.62
2018-06-17,59.7
2018-06-18,48.19
2018-06-19,52.41
2018-06-20,57.34
2018-06-21,60.06
2018-06-22,57.98
2018-06-23,61.21
2018-06-24,55.1
2018-06-25,61.59
2018-06-26,61.34
2018-06-27,76.53
2018-06-28,54.64
2018-06-29,57.46
2018-06-30,81.3
2018-07-01,68.11
2018-07-02,87.21
2018-07-03,54.36
2018-07-04,53.97
2018-07-05,55.84
2018-07-06,78.46
2018-07-07,54.32
2018-07-08,53.66
2018-07-09,62.38
2018-07-10,56.32
2018-07-11,49.15
2018-07-12,44.79
2018-07-13,45.82
2018-07-14,47.78
2018-07-15,50.76
2018-07-16,43.0
2018-07-17,37.08
2018-07-18,41.77
2018-07-19,47.86
2018-07-20,40.3
2018-07-21,46.01
2018-07-22,55.78
2018-07-23,50.08
2018-07-24,49.87
2018-07-25,35.67
2018-07-26,37.4
2018-07-27,41.69
2018-07-28,54.4
2018-07-29,54.77
2018-07-30,45.89
2018-07-31,51.13
2018-08-01,50.78
2018-08-02,39.82
2018-08-03,44.27
2018-08-04,52.36
2018-08-05,60.28
2018-08-06,60.81
2018-08-07,40.73
2018-08-08,26.05
2018-08-09,29.65
2018-08-10,45.66
2018-08-11,30.97
2018-08-12,26.95
2018-08-13,38.03
2018-08-14,35.44
2018-08-15,20.43
2018-08-16,26.01
2018-08-17,60.61
2018-08-18,55.4
2018-08-19,49.34
2018-08-20,69.17
2018-08-21,85.12
2018-08-22,52.23
2018-08-23,34.77
2018-08-24,40.39
2018-08-25,55.14
2018-08-26,32.83
2018-08-27,34.87
2018-08-28,29.44
2018-08-29,32.56
2018-08-30,50.7
2018-08-31,29.65
2018-09-01,38.58
2018-09-02,47.56
2018-09-03,42.77
2018-09-04,54.8
2018-09-05,47.98
2018-09-06,61.47
2018-09-07,48.17
2018-09-08,67.78
2018-09-09,30.81
2018-09-10,41.96
2018-09-11,40.59
2018-09-12,44.5
2018-09-13,45.96
2018-09-14,82.38
2018-09-15,42.08
2018-09-16,43.25
2018-09-17,30.77
2018-09-18,44.32
2018-09-19,24.98
2018-09-20,55.76
2018-09-21,49.28
2018-09-22,50.3
2018-09-23,50.51
2018-09-24,31.02
2018-09-25,43.43
2018-09-26,61.73
2018-09-27,28.2
2018-09-28,22.68
2018-09-29,71.65
2018-09-30,64.87
2018-10-01,32.53
2018-10-02,22.28
2018-10-03,17.89
2018-10-04,20.58
2018-10-05,23.68
2018-10-06,16.7
2018-10-07,34.54
2018-10-08,36.11
2018-10-09,61.0
2018-10-10,70.42
2018-10-11,53.49
2018-10-12,48.26
2018-10-13,39.7
2018-10-14,40.74
2018-10-15,40.91
2018-10-16,29.82
2018-10-17,33.85
2018-10-18,31.6
2018-10-19,39.65
2018-10-20,66.17
2018-10-21,65.55
2018-10-22,168.81
2018-10-23,73.57
2018-10-24,76.77
2018-10-25,72.83
2018-10-26,72.24
2018-10-27,61.5
2018-10-28,59.79
2018-10-29,75.15
2018-10-30,34.51
2018-10-31,28.16
2018-11-01,27.63
2018-11-02,28.58
2018-11-03,35.6
2018-11-04,86.21
2018-11-05,35.2
2018-11-06,55.01
2018-11-07,59.06
2018-11-08,49.98
2018-11-09,74.73
2018-11-10,70.81
2018-11-11,82.59
2018-11-12,92.17
2018-11-13,111.04
2018-11-14,84.77
2018-11-15,47.01
2018-11-16,17.03
2018-11-17,28.73
2018-11-18,31.8
2018-11-19,22.03
2018-11-20,42.81
2018-11-21,20.36
2018-11-22,19.76
2018-11-23,47.76
2018-11-24,92.89
2018-11-25,112.05
2018-11-26,81.75
2018-11-27,65.56
2018-11-28,61.8
2018-11-29,46.73
2018-11-30,47.84
2018-12-01,54.15
2018-12-02,23.09
2018-12-03,30.61
2018-12-04,23.0
2018-12-05,31.74
2018-12-06,47.92
2018-12-07,85.53
2018-12-08,98.92
2018-12-09,98.35
2018-12-10,95.16
2018-12-11,84.65
2018-12-12,86.54
2018-12-13,51.85
2018-12-14,52.68
2018-12-15,87.0
2018-12-16,55.49
2018-12-17,52.86
2018-12-18,73.87
2018-12-19,28.98
2018-12-20,48.11
2018-12-21,38.97
2018-12-22,48.35
2018-12-23,63.44
2018-12-24,67.45
2018-12-25,80.95
2018-12-26,96.38
2018-12-27,111.83
2018-12-28,68.25
2018-12-29,110.85
2018-12-30,100.68
2018-12-31,57.67
2019-01-01,122.43
2019-01-02,54.14
2019-01-03,97.13
2019-01-04,74.64
2019-01-05,74.23
2019-01-06,92.7
2019-01-07,70.73
2019-01-08,59.25
2019-01-09,98.11
2019-01-10,89.42
2019-01-11,129.92
2019-01-12,65.08
2019-01-13,38.64
2019-01-14,58.12
2019-01-15,45.89
2019-01-16,49.6
2019-01-17,68.44
2019-01-18,66.96
2019-01-19,58.99
2019-01-20,40.6
2019-01-21,65.59
2019-01-22,70.94
2019-01-23,27.64
2019-01-24,45.17
2019-01-25,28.02
2019-01-26,19.33
2019-01-27,16.58
2019-01-28,18.58
2019-01-29,41.52
2019-01-30,55.3
2019-01-31,81.09
2019-02-01,42.07
2019-02-02,42.72
2019-02-03,31.09
2019-02-04,46.95
2019-02-05,44.37
2019-02-06,60.55
2019-02-07,52.94
2019-02-08,28.42
2019-02-09,21.04
2019-02-10,12.77
2019-02-11,37.37
2019-02-12,56.04
2019-02-13,106.04
2019-02-14,178.54
2019-02-15,42.85
2019-02-16,45.41
2019-02-17,44.51
2019-02-18,26.55
2019-02-19,17.11
2019-02-20,16.6
2019-02-21,32.92
2019-02-22,37.45
2019-02-23,25.55
2019-02-24,37.37
2019-02-25,74.05
2019-02-26,199.98
2019-02-27,33.9
2019-02-28,87.38
2019-03-01,114.56
2019-03-02,176.07
2019-03-03,38.85
2019-03-04,43.48
2019-03-05,53.2
2019-03-06,58.19
2019-03-07,39.87
2019-03-08,38.91
2019-03-09,36.46
2019-03-10,27.7
2019-03-11,28.47
2019-03-12,52.63
2019-03-13,76.63
2019-03-14,58.09
2019-03-15,52.87
2019-03-16,48.11
2019-03-17,57.58
2019-03-18,37.31
2019-03-19,42.32
2019-03-20,63.83
2019-03-21,50.63
2019-03-22,41.01
2019-03-23,37.13
2019-03-24,34.61
2019-03-25,35.94
2019-03-26,39.29
2019-03-27,33.41
2019-03-28,38.14
2019-03-29,38.04
2019-03-30,37.22
2019-03-31,62.24
2019-04-01,68.09
2019-04-02,49.42
2019-04-03,48.12
2019-04-04,32.88
2019-04-05,36.23
2019-04-06,34.35
2019-04-07,32.33
2019-04-08,54.52
2019-04-09,37.03
2019-04-10,59.54
2019-04-11,56.02
2019-04-12,37.18
2019-04-13,36.18
2019-04-14,31.9
2019-04-15,24.24
2019-04-16,19.48
2019-04-17,17.27
2019-04-18,12.95
2019-04-19,25.41
2019-04-20,24.99
2019-04-21,29.32
2019-04-22,24.75
2019-04-23,29.82
2019-04-24,29.52
2019-04-25,31.55
2019-04-26,35.22
2019-04-27,25.49
2019-04-28,26.74
2019-04-29,26.4
2019-04-30,35.36
2019-05-01,29.99
2019-05-02,30.49
2019-05-03,30.39
2019-05-04,37.24
2019-05-05,38.9
2019-05-06,38.07
2019-05-07,38.63
2019-05-08,42.78
2019-05-09,35.59
2019-05-10,38.39
2019-05-11,65.3
2019-05-12,51.8
2019-05-13,66.57
2019-05-14,66.85
2019-05-15,55.19
2019-05-16,44.66
2019-05-17,41.39
2019-05-18,39.71
2019-05-19,36.38
2019-05-20,22.72
2019-05-21,23.34
2019-05-22,27.06
2019-05-23,45.92
2019-05-24,47.34
2019-05-25,47.85
2019-05-26,48.62
2019-05-27,45.57
2019-05-28,74.16
2019-05-29,54.73
2019-05-30,65.19
2019-05-31,53.41
2019-06-01,45.73
2019-06-02,57.97
2019-06-03,58.15
2019-06-04,60.53
2019-06-05,52.59
2019-06-06,54.06
2019-06-07,42.32
2019-06-08,55.84
2019-06-09,47.85
2019-06-10,54.9
2019-06-11,51.79
2019-06-12,51.48
2019-06-13,37.78
2019-06-14,41.03
2019-06-15,53.31
2019-06-16,42.09
2019-06-17,56.12
2019-06-18,56.8
2019-06-19,41.22
2019-06-20,36.82
2019-06-21,36.7
2019-06-22,39.32
2019-06-23,33.86
2019-06-24,29.8
2019-06-25,103.16
2019-06-26,45.52
2019-06-27,35.11
2019-06-28,45.16
2019-06-29,59.22
2019-06-30,47.81
2019-07-01,33.28
2019-07-02,52.55
2019-07-03,92.83
2019-07-04,49.99
2019-07-05,97.96
2019-07-06,37.94
2019-07-07,48.12
2019-07-08,51.95
2019-07-09,45.61
2019-07-10,30.64
2019-07-11,36.62
2019-07-12,50.02
2019-07-13,34.54
2019-07-14,47.45
2019-07-15,40.19
2019-07-16,30.16
2019-07-17,43.75
2019-07-18,48.57
2019-07-19,30.57
2019-07-20,35.63
2019-07-21,28.74
2019-07-22,27.56
2019-07-23,31.04
2019-07-24,29.77
2019-07-25,45.13
2019-07-26,23.22
2019-07-27,25.94
2019-07-28,32.29
2019-07-29,28.07
2019-07-30,36.63
2019-07-31,33.19
2019-08-01,34.12
2019-08-02,51.08
2019-08-03,51.84
2019-08-04,42.23
2019-08-05,52.82
2019-08-06,26.19
2019-08-07,21.07
2019-08-08,24.99
2019-08-09,22.61
2019-08-10,22.66
2019-08-11,16.68
2019-08-12,18.65
2019-08-13,21.83
2019-08-14,25.51
2019-08-15,19.01
2019-08-16,26.43
2019-08-17,13.03
2019-08-18,13.2
2019-08-19,22.64
2019-08-20,27.06
2019-08-21,29.21
2019-08-22,31.43
2019-08-23,25.89
2019-08-24,17.58
2019-08-25,22.35
2019-08-26,17.46
2019-08-27,18.64
2019-08-28,20.57
2019-08-29,25.15
2019-08-30,22.87
2019-08-31,27.11
2019-09-01,26.91
2019-09-02,30.64
2019-09-03,29.69
2019-09-04,35.06
2019-09-05,22.29
2019-09-06,25.84
2019-09-07,26.37
2019-09-08,22.62
2019-09-09,37.51
2019-09-10,37.85
2019-09-11,39.26
2019-09-12,23.59
2019-09-13,27.36
2019-09-14,23.45
2019-09-15,20.82
2019-09-16,28.74
2019-09-17,22.59
2019-09-18,26.98
2019-09-19,23.18
2019-09-20,38.04
2019-09-21,33.44
2019-09-22,43.67
2019-09-23,61.94
2019-09-24,35.03
2019-09-25,16.9
2019-09-26,14.27
2019-09-27,17.76
2019-09-28,20.99
2019-09-29,25.87
2019-09-30,23.02
2019-10-01,41.82
2019-10-02,32.4
2019-10-03,31.1
2019-10-04,23.49
2019-10-05,47.4
2019-10-06,19.32
2019-10-07,58.64
2019-10-08,36.56
2019-10-09,24.5
2019-10-10,21.13
2019-10-11,21.2
2019-10-12,16.34
2019-10-13,14.93
2019-10-14,21.14
2019-10-15,20.33
2019-10-16,17.58
2019-10-17,30.95
2019-10-18,32.0
2019-10-19,31.76
2019-10-20,35.03
2019-10-21,26.55
2019-10-22,28.47
2019-10-23,40.0
2019-10-24,35.34
2019-10-25,46.48
2019-10-26,95.49
2019-10-27,153.73
2019-10-28,54.13
2019-10-29,31.22
2019-10-30,34.65
2019-10-31,87.99
2019-11-01,40.78
2019-11-02,34.45
2019-11-03,70.95
2019-11-04,115.35
2019-11-05,98.83
2019-11-06,105.94
2019-11-07,121.43
2019-11-08,142.9
2019-11-09,96.8
2019-11-10,93.13
2019-11-11,61.45
2019-11-12,31.32
2019-11-13,37.23
2019-11-14,19.18
2019-11-15,21.99
2019-11-16,44.91
2019-11-17,56.9
2019-11-18,26.91
2019-11-19,28.52
2019-11-20,20.95
2019-11-21,33.55
2019-11-22,31.16
2019-11-23,46.05
2019-11-24,59.64
2019-11-25,44.81
2019-11-26,53.33
2019-11-27,37.8
2019-11-28,30.56
2019-11-29,21.08
2019-11-30,18.45
2019-12-01,17.79
2019-12-02,21.17
2019-12-03,36.17
2019-12-04,37.56
2019-12-05,62.41
2019-12-06,53.68
2019-12-07,34.82
2019-12-08,35.41
2019-12-09,27.57
2019-12-10,37.72
2019-12-11,36.55
2019-12-12,27.78
2019-12-13,34.16
2019-12-14,40.78
2019-12-15,35.6
2019-12-16,31.23
2019-12-17,44.04
2019-12-18,48.07
2019-12-19,52.28
2019-12-20,65.45
2019-12-21,72.57
2019-12-22,57.74
2019-12-23,52.75
2019-12-24,53.51
2019-12-25,54.37
2019-12-26,58.43
2019-12-27,31.88
2019-12-28,36.94
2019-12-29,52.48
2019-12-30,38.74
2019-12-31,45.49
2020-01-01,28.25
2020-01-02,27.59
2020-01-03,32.16
2020-01-04,30.49
2020-01-05,23.37
2020-01-06,19.45
2020-01-07,33.54
2020-01-08,42.22
2020-01-09,42.16
2020-01-10,40.76
2020-01-11,39.81
2020-01-12,58.38
2020-01-13,74.12
2020-01-14,122.88
2020-01-15,48.06
2020-01-16,34.09
2020-01-17,35.33
2020-01-18,28.67
2020-01-19,31.17
2020-01-20,37.66
2020-01-21,44.91
2020-01-22,47.95
2020-01-23,59.95
2020-01-24,62.34
2020-01-25,50.48
2020-01-26,41.74
2020-01-27,47.26
2020-01-28,53.66
2020-01-29,52.29
2020-01-30,43.82
2020-01-31,36.56
2020-02-01,32.4
2020-02-02,30.58
2020-02-03,37.52
2020-02-04,39.6
2020-02-05,39.93
2020-02-06,40.05
2020-02-07,36.32
2020-02-08,28.45
2020-02-09,28.1
2020-02-10,35.41
2020-02-11,29.12
2020-02-12,32.17
2020-02-13,49.48
2020-02-14,56.85
2020-02-15,54.82
2020-02-16,35.13
2020-02-17,34.25
2020-02-18,41.49
2020-02-19,42.95
2020-02-20,35.52
2020-02-21,38.88
2020-02-22,29.2
2020-02-23,28.75
2020-02-24,31.07
2020-02-25,33.9
2020-02-26,39.25
2020-02-27,42.97
2020-02-28,33.08
2020-02-29,36.15
2020-03-01,35.99
2020-03-02,43.6
2020-03-03,42.16
2020-03-04,33.29
2020-03-05,26.69
2020-03-06,24.95
2020-03-07,30.94
2020-03-08,21.85
2020-03-09,25.93
2020-03-10,27.37
2020-03-11,16.69
2020-03-12,24.94
2020-03-13,35.65
2020-03-14,39.29
2020-03-15,38.48
2020-03-16,33.26
2020-03-17,41.56
2020-03-18,39.41
2020-03-19,44.73
2020-03-20,32.68
2020-03-21,29.1
2020-03-22,39.42
2020-03-23,31.91
2020-03-24,24.22
2020-03-25,22.43
2020-03-26,31.57
2020-03-27,27.6
2020-03-28,34.81
2020-03-29,26.79
2020-03-30,29.31
2020-03-31,31.56
2020-04-01,32.94
2020-04-02,31.17
2020-04-03,24.81
2020-04-04,20.77
2020-04-05,21.59
2020-04-06,14.27
2020-04-07,11.9
2020-04-08,14.77
2020-04-09,14.71
2020-04-10,41.02
2020-04-11,15.66
2020-04-12,14.86
2020-04-13,17.95
2020-04-14,17.87
2020-04-15,14.64
2020-04-16,20.3
2020-04-17,8.43
2020-04-18,8.94
2020-04-19,8.1
2020-04-20,9.71
2020-04-21,10.67
2020-04-22,12.65
2020-04-23,8.06
2020-04-24,8.08
2020-04-25,10.46
2020-04-26,10.76
2020-04-27,10.46
2020-04-28,6.55
2020-04-29,11.11
2020-04-30,10.39
2020-05-01,14.13
2020-05-02,13.08
2020-05-03,11.67
2020-05-04,7.03
2020-05-05,19.68
2020-05-06,10.11
2020-05-07,11.23
2020-05-08,11.72
2020-05-09,9.99
2020-05-10,9.64
2020-05-11,8.36
2020-05-12,8.82
2020-05-13,15.57
2020-05-14,8.72
2020-05-15,20.25
2020-05-16,28.71
2020-05-17,10.99
2020-05-18,18.49
2020-05-19,28.06
2020-05-20,30.39
2020-05-21,27.01
2020-05-22,23.02
2020-05-23,21.24
2020-05-24,22.78
2020-05-25,25.2
2020-05-26,27.82
2020-05-27,20.0
2020-05-28,31.03
2020-05-29,38.3
2020-05-30,33.99
2020-05-31,18.85
2020-06-01,36.15
2020-06-02,18.83
2020-06-03,20.61
2020-06-04,18.5
2020-06-05,18.53
2020-06-06,40.73
2020-06-07,20.52
2020-06-08,23.04
2020-06-09,22.43
2020-06-10,30.42
2020-06-11,26.37
2020-06-12,104.45
2020-06-13,20.76
2020-06-14,20.17
2020-06-15,19.34
2020-06-16,24.1
2020-06-17,32.37
2020-06-18,23.89
2020-06-19,29.8
2020-06-20,89.92
2020-06-21,26.53
2020-06-22,23.55
2020-06-23,18.95
2020-06-24,28.83
2020-06-25,23.13
2020-06-26,23.75
2020-06-27,26.42
2020-06-28,25.93
2020-06-29,21.3
2020-06-30,24.14
2020-07-01,15.95
2019-06-12,38.46
2019-06-13,21.57
2019-06-14,25.27
2019-06-15,30.04
2019-06-16,24.54
2019-06-17,33.9
2019-06-18,52.45
2019-06-19,41.86
2019-06-20,31.96
2019-06-21,30.91
2019-06-22,25.27
2019-06-23,14.62
2019-06-24,31.72
2019-06-25,45.61
2019-06-26,47.61
2019-06-27,40.11
2019-06-28,40.07
2019-06-29,39.21
2019-06-30,24.28
2019-07-01,25.21
2019-07-02,32.92
2019-07-03,32.66
2019-07-04,40.89
2019-07-05,31.52
2019-07-06,34.24
2019-07-07,18.28
2019-07-08,20.57
2019-07-09,22.24
2019-07-10,32.66
2019-07-11,38.05
2019-07-12,43.69
2019-07-13,33.18
2019-07-14,20.3
2019-07-15,25.52
2019-07-16,33.77
2019-07-17,26.0
2019-07-18,0.0
2019-07-19,34.66
2019-07-20,40.3
2019-07-21,23.53
2019-07-22,18.46
2019-07-23,24.63
2019-07-24,28.19
2019-07-25,29.67
2019-07-26,22.93
2019-07-27,42.15
2019-07-28,33.16
2019-07-29,37.3
2019-07-30,36.5
2019-07-31,46.54
2019-08-01,30.42
2019-08-02,32.04
2019-08-03,17.83
2019-08-04,8.99
2019-08-05,16.17
2019-08-06,26.24
2019-08-07,28.94
2019-08-08,27.31
2019-08-09,13.02
2019-08-10,16.04
2019-08-11,17.98
2019-08-12,23.38
2019-08-13,30.14
2019-08-14,27.15
2019-08-15,18.39
2019-08-16,22.4
2019-08-17,34.0
2019-08-18,20.52
2019-08-19,25.72
2019-08-20,35.3
2019-08-21,26.08
2019-08-22,23.94
2019-08-23,24.59
2019-08-24,26.58
2019-08-25,12.12
2019-08-26,18.07
2019-08-27,18.29
2019-08-28,32.63
2019-08-29,0.0
2019-08-30,0.0
2019-08-31,18.46
2019-09-01,14.18
2019-09-02,10.99
2019-09-03,19.54
2019-09-04,20.2
2019-09-05,22.45
2019-09-06,16.71
2019-09-07,15.74
2019-09-08,10.25
2019-09-09,15.48
2019-09-10,19.25
2019-09-11,18.36
2019-09-12,18.33
2019-09-13,24.77
2019-09-14,30.56
2019-09-15,17.2
2019-09-16,23.29
2019-09-17,24.66
2019-09-18,21.46
2019-09-19,15.12
2019-09-20,28.17
2019-09-21,32.52
2019-09-22,23.5
2019-09-23,24.67
2019-09-24,29.16
2019-09-25,32.48
2019-09-26,22.37
2019-09-27,32.43
2019-09-28,28.91
2019-09-29,27.22
2019-09-30,25.04
2019-10-01,33.09
2019-10-02,31.11
2019-10-03,38.4
2019-10-04,39.31
2019-10-05,29.37
2019-10-06,29.47
2019-10-07,20.54
2019-10-08,14.83
2019-10-09,37.4
2019-10-10,33.08
2019-10-11,36.99
2019-10-12,27.83
2019-10-13,11.52
2019-10-14,23.68
2019-10-15,30.55
2019-10-16,28.58
2019-10-17,19.33
2019-10-18,23.09
2019-10-19,24.05
2019-10-20,15.22
2019-10-21,26.5
2019-10-22,20.96
2019-10-23,13.91
2019-10-24,17.97
2019-10-25,26.81
2019-10-26,9.46
2019-10-27,17.27
2019-10-28,25.98
2019-10-29,18.79
2019-10-30,7.62
2019-10-31,11.63
2019-11-01,21.96
2019-11-02,41.93
2019-11-03,23.94
2019-11-04,31.97
2019-11-05,48.43
2019-11-06,44.09
2019-11-07,42.52
2019-11-08,29.68
2019-11-09,33.6
2019-11-10,23.15
2019-11-11,37.65
2019-11-12,52.48
2019-11-13,37.83
2019-11-14,43.18
2019-11-15,36.48
2019-11-16,37.91
2019-11-17,30.69
2019-11-18,26.19
2019-11-19,28.62
2019-11-20,40.62
2019-11-21,27.97
2019-11-22,40.82
2019-11-23,37.61
2019-11-24,40.82
2019-11-25,45.61
2019-11-26,44.08
2019-11-27,35.34
2019-11-28,37.45
2019-11-29,28.59
2019-11-30,24.58
2019-12-01,14.62
2019-12-02,16.63
2019-12-03,21.13
2019-12-04,36.7
2019-12-05,50.37
2019-12-06,63.1
2019-12-07,47.21
2019-12-08,22.85
2019-12-09,30.38
2019-12-10,33.68
2019-12-11,36.58
2019-12-12,36.78
2019-12-13,30.23
2019-12-14,23.77
2019-12-15,20.89
2019-12-16,33.1
2019-12-17,41.65
2019-12-18,54.83
2019-12-19,40.64
2019-12-20,47.34
2019-12-21,61.83
2019-12-22,48.62
2019-12-23,52.93
2019-12-24,45.62
2019-12-25,25.47
2019-12-26,44.69
2019-12-27,50.32
2019-12-28,29.87
2019-12-29,37.97
2019-12-30,46.3
2019-12-31,45.86
2020-01-01,35.43
2020-01-02,35.5
2020-01-03,30.71
2020-01-04,35.75
2020-01-05,37.35
2020-01-06,33.6
2020-01-07,26.73
2020-01-08,34.26
2020-01-09,45.82
2020-01-10,44.68
2020-01-11,36.16
2020-01-12,46.28
2020-01-13,56.33
2020-01-14,56.49
2020-01-15,45.78
2020-01-16,32.48
2020-01-17,31.88
2020-01-18,30.91
2020-01-19,21.93
2020-01-20,24.39
2020-01-21,31.25
2020-01-22,35.25
2020-01-23,42.81
2020-01-24,55.44
2020-01-25,26.3
2020-01-26,26.64
2020-01-27,31.1
2020-01-28,58.52
2020-01-29,45.36
2020-01-30,46.67
2020-01-31,43.84
2020-02-01,36.23
2020-02-02,33.16
2020-02-03,37.73
2020-02-04,37.27
2020-02-05,43.04
2020-02-06,42.24
2020-02-07,38.17
2020-02-08,35.23
2020-02-09,27.46
2020-02-10,36.0
2020-02-11,32.89
2020-02-12,35.96
2020-02-13,46.63
2020-02-14,45.39
2020-02-15,55.39
2020-02-16,44.6
2020-02-17,35.46
2020-02-18,40.44
2020-02-19,49.23
2020-02-20,47.22
2020-02-21,26.26
2020-02-22,33.9
2020-02-23,41.89
2020-02-24,49.67
2020-02-25,43.19
2020-02-26,40.65
2020-02-27,39.84
2020-02-28,35.97
2020-02-29,42.85
2020-03-01,34.54
2020-03-02,37.11
2020-03-03,45.57
2020-03-04,44.77
2020-03-05,45.66
2020-03-06,32.42
2020-03-07,42.56
2020-03-08,30.07
2020-03-09,31.77
2020-03-10,28.76
2020-03-11,32.77
2020-03-12,36.04
2020-03-13,36.07
2020-03-14,32.11
2020-03-15,37.96
2020-03-16,35.78
2020-03-17,29.92
2020-03-18,29.96
2020-03-19,40.64
2020-03-20,44.99
2020-03-21,36.12
2020-03-22,0.0
2020-03-23,0.0
2020-03-24,25.82
2020-03-25,29.09
2020-03-26,26.33
2020-03-27,24.12
2020-03-28,27.1
2020-03-29,28.45
2020-03-30,28.19
2020-03-31,26.9
2020-04-01,37.21
2020-04-02,35.09
2020-04-03,33.42
2020-04-04,24.51
2020-04-05,22.71
2020-04-06,22.36
2020-04-07,14.86
2020-04-08,21.61
2020-04-09,21.19
2020-04-10,12.11
2020-04-11,17.0
2020-04-12,30.21
2020-04-13,33.51
2020-04-14,33.14
2020-04-15,21.66
2020-04-16,24.33
2020-04-17,28.44
2020-04-18,26.69
2020-04-19,23.63
2020-04-20,18.61
2020-04-21,18.04
2020-04-22,21.95
2020-04-23,18.13
2020-04-24,24.89
2020-04-25,23.39
2020-04-26,24.05
2020-04-27,21.5
2020-04-28,0.0
2020-04-29,2.13
2020-04-30,20.26
2020-05-01,19.22
2020-05-02,25.32
2020-05-03,25.28
2020-05-04,29.15
2020-05-05,30.56
2020-05-06,23.97
2020-05-07,23.76
2020-05-08,26.23
2020-05-09,28.38
2020-05-10,23.91
2020-05-11,32.22
2020-05-12,0.0
2020-05-13,2.34
2020-05-14,18.02
2020-05-15,27.35
2020-05-16,19.54
2020-05-17,19.0
2020-05-18,16.73
2020-05-19,30.42
2020-05-20,25.23
2020-05-21,13.65
2020-05-22,5.27
2020-05-23,20.53
2020-05-24,20.88
2020-05-25,24.92
2020-05-26,24.78
2020-05-27,29.83
2020-05-28,26.1
2020-05-29,16.62
2020-05-30,24.84
2020-05-31,11.86
2020-06-01,12.58
2020-06-02,12.65
2020-06-03,13.26
2020-06-04,11.31
2020-06-05,10.31
2020-06-06,12.59
2020-06-07,11.43
2020-06-08,18.21
2020-06-09,18.67
2020-06-10,19.26
2020-06-11,15.04
2020-06-12,13.03
2020-06-13,13.7
2020-06-14,9.79
2020-06-15,16.44
2020-06-16,13.99
2020-06-17,15.65
2020-06-18,17.2
2020-06-19,15.8
2020-06-20,15.52
2020-06-21,8.32
2020-06-22,16.23
2020-06-23,17.74
2020-06-24,19.89
2020-06-25,18.81
2020-06-26,12.81
2020-06-27,11.81
2020-06-28,14.04
2020-06-29,16.26
2020-06-30,14.21
2020-07-01,0.0
2015-01-01,313.22
2015-01-02,186.18
2015-01-03,87.18
2015-01-04,151.84
2015-01-05,146.6
2015-01-06,149.58
2015-01-07,217.87
2015-01-08,229.9
2015-01-09,201.66
2015-01-10,221.02
2015-01-11,205.41
2015-01-12,212.41
2015-01-13,197.61
2015-01-14,164.39
2015-01-15,166.19
2015-01-16,174.98
2015-01-17,196.46
2015-01-18,201.51
2015-01-19,183.35
2015-01-20,165.63
2015-01-21,159.54
2015-01-22,143.68
2015-01-23,128.73
2015-01-24,164.98
2015-01-25,148.59
2015-01-26,129.34
2015-01-27,154.2
2015-01-28,134.6
2015-01-29,173.13
2015-01-30,178.04
2015-01-31,158.59
2015-02-01,211.59
2015-02-02,163.64
2015-02-03,157.71
2015-02-04,137.26
2015-02-05,131.76
2015-02-06,151.6
2015-02-07,160.75
2015-02-08,145.34
2015-02-09,134.67
2015-02-10,153.07
2015-02-11,116.91
2015-02-12,177.98
2015-02-13,167.01
2015-02-14,193.96
2015-02-15,184.06
2015-02-16,152.62
2015-02-17,161.27
2015-02-18,188.2
2015-02-19,159.97
2015-02-20,144.12
2015-02-21,155.38
2015-02-22,124.1
2015-02-23,141.39
2015-02-24,170.16
2015-02-25,148.19
2015-02-26,140.78
2015-02-27,130.42
2015-02-28,105.86
2015-03-01,71.83
2015-03-02,53.71
2015-03-03,83.49
2015-03-04,91.07
2015-03-05,106.57
2015-03-06,101.75
2015-03-07,77.57
2015-03-08,63.24
2015-03-09,76.62
2015-03-10,86.7
2015-03-11,104.29
2015-03-12,115.93
2015-03-13,108.66
2015-03-14,67.94
2015-03-15,38.89
2015-03-16,45.39
2015-03-17,55.55
2015-03-18,50.59
2015-03-19,69.51
2015-03-20,96.62
2015-03-21,96.28
2015-03-22,72.2
2015-03-23,78.47
2015-03-24,91.87
2015-03-25,107.26
2015-03-26,109.78
2015-03-27,62.27
2015-03-28,102.22
2015-03-29,104.36
2015-03-30,44.19
2015-03-31,55.66
2015-04-01,112.86
2015-04-02,78.51
2015-04-03,66.52
2015-04-04,62.56
2015-04-05,78.61
2015-04-06,119.7
2015-04-07,66.09
2015-04-08,95.34
2015-04-09,63.57
2015-04-10,96.56
2015-04-11,131.39
2015-04-12,75.35
2015-04-13,86.49
2015-04-14,77.07
2015-04-15,98.79
2015-04-16,81.81
2015-04-17,65.78
2015-04-18,119.82
2015-04-19,125.53
2015-04-20,121.51
2015-04-21,114.5
2015-04-22,101.83
2015-04-23,118.57
2015-04-24,143.22
2015-04-25,106.76
2015-04-26,65.36
2015-04-27,67.08
2015-04-28,81.37
2015-04-29,63.76
2015-04-30,60.56
2015-05-01,76.1
2015-05-02,72.66
2015-05-03,121.94
2015-05-04,108.98
2015-05-05,145.99
2015-05-06,171.33
2015-05-07,117.76
2015-05-08,90.66
2015-05-09,106.4
2015-05-10,101.21
2015-05-11,97.57
2015-05-12,96.34
2015-05-13,83.42
2015-05-14,78.06
2015-05-15,97.87
2015-05-16,77.52
2015-05-17,97.16
2015-05-18,66.85
2015-05-19,89.85
2015-05-20,67.41
2015-05-21,75.54
2015-05-22,67.91
2015-05-23,69.02
2015-05-24,79.1
2015-05-25,117.27
2015-05-26,96.09
2015-05-27,84.71
2015-05-28,182.76
2015-05-29,106.61
2015-05-30,92.68
2015-05-31,73.62
2015-06-01,49.42
2015-06-02,52.51
2015-06-03,65.28
2015-06-04,85.45
2015-06-05,83.02
2015-06-06,44.54
2015-06-07,85.03
2015-06-08,137.7
2015-06-09,136.05
2015-06-10,63.77
2015-06-11,115.57
2015-06-12,83.29
2015-06-13,73.7
2015-06-14,74.56
2015-06-15,106.11
2015-06-16,132.21
2015-06-17,123.56
2015-06-18,132.21
2015-06-19,110.65
2015-06-20,80.31
2015-06-21,59.73
2015-06-22,85.4
2015-06-23,101.99
2015-06-24,126.07
2015-06-25,37.59
2015-06-26,76.0
2015-06-27,69.46
2015-06-28,79.84
2015-06-29,48.5
2015-06-30,53.79
2015-07-01,57.99
2015-07-02,67.12
2015-07-03,65.25
2015-07-04,88.75
2015-07-05,135.92
2015-07-06,60.27
2015-07-07,52.2
2015-07-08,67.92
2015-07-09,65.95
2015-07-10,47.68
2015-07-11,29.08
2015-07-12,32.29
2015-07-13,36.68
2015-07-14,44.48
2015-07-15,63.79
2015-07-16,77.2
2015-07-17,77.99
2015-07-18,71.11
2015-07-19,67.39
2015-07-20,49.58
2015-07-21,40.97
2015-07-22,38.97
2015-07-23,34.02
2015-07-24,46.13
2015-07-25,46.01
2015-07-26,29.81
2015-07-27,22.82
2015-07-28,24.69
2015-07-29,29.04
2015-07-30,25.76
2015-07-31,37.85
2015-08-01,41.32
2015-08-02,47.81
2015-08-03,56.02
2015-08-04,54.46
2015-08-05,59.13
2015-08-06,65.47
2015-08-07,64.58
2015-08-08,70.05
2015-08-09,55.51
2015-08-10,82.27
2015-08-11,77.04
2015-08-12,52.45
2015-08-13,61.66
2015-08-14,65.67
2015-08-15,51.4
2015-08-16,55.71
2015-08-17,61.84
2015-08-18,60.65
2015-08-19,34.42
2015-08-20,40.83
2015-08-21,50.97
2015-08-22,46.74
2015-08-23,44.67
2015-08-24,37.39
2015-08-25,52.06
2015-08-26,57.52
2015-08-27,61.47
2015-08-28,77.76
2015-08-29,68.53
2015-08-30,57.85
2015-08-31,51.67
2015-09-01,73.78
2015-09-02,97.63
2015-09-03,99.5
2015-09-04,97.31
2015-09-05,76.43
2015-09-06,61.69
2015-09-07,55.19
2015-09-08,63.79
2015-09-09,58.48
2015-09-10,60.29
2015-09-11,67.35
2015-09-12,87.55
2015-09-13,84.57
2015-09-14,111.58
2015-09-15,108.78
2015-09-16,91.18
2015-09-17,104.85
2015-09-18,56.19
2015-09-19,67.62
2015-09-20,64.38
2015-09-21,45.65
2015-09-22,35.75
2015-09-23,34.89
2015-09-24,63.06
2015-09-25,82.39
2015-09-26,88.08
2015-09-27,89.75
2015-09-28,69.57
2015-09-29,68.34
2015-09-30,61.08
2015-10-01,85.7
2015-10-02,97.62
2015-10-03,103.58
2015-10-04,145.97
2015-10-05,180.52
2015-10-06,151.57
2015-10-07,144.04
2015-10-08,148.44
2015-10-09,130.22
2015-10-10,147.71
2015-10-11,111.34
2015-10-12,100.7
2015-10-13,97.67
2015-10-14,75.81
2015-10-15,95.24
2015-10-16,148.29
2015-10-17,90.66
2015-10-18,156.71
2015-10-19,170.28
2015-10-20,198.1
2015-10-21,158.04
2015-10-22,116.98
2015-10-23,143.73
2015-10-24,169.22
2015-10-25,147.65
2015-10-26,101.61
2015-10-27,113.2
2015-10-28,112.89
2015-10-29,95.72
2015-10-30,108.4
2015-10-31,245.97
2015-11-01,277.53
2015-11-02,232.4
2015-11-03,244.78
2015-11-04,293.49
2015-11-05,161.78
2015-11-06,153.33
2015-11-07,353.86
2015-11-08,217.55
2015-11-09,201.44
2015-11-10,249.95
2015-11-11,219.68
2015-11-12,258.48
2015-11-13,291.66
2015-11-14,221.68
2015-11-15,214.24
2015-11-16,184.02
2015-11-17,136.22
2015-11-18,188.09
2015-11-19,238.69
2015-11-20,271.42
2015-11-21,293.73
2015-11-22,247.27
2015-11-23,266.95
2015-11-24,241.61
2015-11-25,149.14
2015-11-26,182.5
2015-11-27,193.58
2015-11-28,172.89
2015-11-29,190.46
2015-11-30,282.76
2015-12-01,183.28
2015-12-02,170.74
2015-12-03,190.14
2015-12-04,186.64
2015-12-05,282.01
2015-12-06,218.22
2015-12-07,249.8
2015-12-08,283.59
2015-12-09,250.69
2015-12-10,211.95
2015-12-11,198.38
2015-12-12,184.12
2015-12-13,135.42
2015-12-14,118.6
2015-12-15,88.3
2015-12-16,111.45
2015-12-17,152.24
2015-12-18,136.75
2015-12-19,114.35
2015-12-20,181.67
2015-12-21,135.78
2015-12-22,204.72
2015-12-23,321.52
2015-12-24,129.08
2015-12-25,132.56
2015-12-26,158.69
2015-12-27,187.01
2015-12-28,148.77
2015-12-29,159.67
2015-12-30,233.97
2015-12-31,240.97
2016-01-01,295.71
2016-01-02,239.21
2016-01-03,270.1
2016-01-04,339.8
2016-01-05,318.1
2016-01-06,305.51
2016-01-07,391.54
2016-01-08,339.87
2016-01-09,158.43
2016-01-10,183.24
2016-01-11,227.13
2016-01-12,195.21
2016-01-13,248.59
2016-01-14,196.87
2016-01-15,178.8
2016-01-16,138.86
2016-01-17,179.48
2016-01-18,269.05
2016-01-19,278.2
2016-01-20,272.1
2016-01-21,196.83
2016-01-22,290.66
2016-01-23,294.3
2016-01-24,303.5
2016-01-25,217.05
2016-01-26,308.75
2016-01-27,255.94
2016-01-28,283.03
2016-01-29,311.08
2016-01-30,285.83
2016-01-31,242.05
2016-02-01,121.4
2016-02-02,135.31
2016-02-03,136.87
2016-02-04,130.76
2016-02-05,206.72
2016-02-06,224.94
2016-02-07,170.45
2016-02-08,119.57
2016-02-09,181.76
2016-02-10,216.55
2016-02-11,150.0
2016-02-12,146.03
2016-02-13,110.89
2016-02-14,103.57
2016-02-15,115.7
2016-02-16,123.22
2016-02-17,135.38
2016-02-18,148.75
2016-02-19,207.1
2016-02-20,150.89
2016-02-21,76.12
2016-02-22,88.73
2016-02-23,86.17
2016-02-24,177.64
2016-02-25,131.69
2016-02-26,129.66
2016-02-27,144.98
2016-02-28,163.92
2016-02-29,170.12
2016-03-01,213.62
2016-03-02,175.63
2016-03-03,165.22
2016-03-04,115.55
2016-03-05,53.0
2016-03-06,47.43
2016-03-07,98.61
2016-03-08,84.42
2016-03-09,109.16
2016-03-10,129.9
2016-03-11,85.76
2016-03-12,60.17
2016-03-13,58.95
2016-03-14,51.82
2016-03-15,81.32
2016-03-16,67.63
2016-03-17,70.86
2016-03-18,72.47
2016-03-19,103.73
2016-03-20,95.52
2016-03-21,58.4
2016-03-22,47.43
2016-03-23,80.01
2016-03-24,156.01
2016-03-25,137.99
2016-03-26,72.44
2016-03-27,61.75
2016-03-28,81.46
2016-03-29,89.75
2016-03-30,88.68
2016-03-31,127.86
2016-04-01,130.7
2016-04-02,118.44
2016-04-03,148.22
2016-04-04,132.86
2016-04-05,97.83
2016-04-06,91.82
2016-04-07,129.61
2016-04-08,89.78
2016-04-09,166.76
2016-04-10,107.81
2016-04-11,81.12
2016-04-12,74.03
2016-04-13,74.9
2016-04-14,94.81
2016-04-15,137.48
2016-04-16,124.13
2016-04-17,102.86
2016-04-18,102.9
2016-04-19,129.06
2016-04-20,124.8
2016-04-21,92.74
2016-04-22,113.75
2016-04-23,89.52
2016-04-24,123.59
2016-04-25,104.5
2016-04-26,139.37
2016-04-27,162.54
2016-04-28,161.23
2016-04-29,181.49
2016-04-30,142.64
2016-05-01,124.21
2016-05-02,119.47
2016-05-03,125.36
2016-05-04,103.08
2016-05-05,65.02
2016-05-06,54.34
2016-05-07,77.89
2016-05-08,90.19
2016-05-09,77.34
2016-05-10,73.55
2016-05-11,66.49
2016-05-12,100.09
2016-05-13,99.88
2016-05-14,105.51
2016-05-15,128.85
2016-05-16,94.89
2016-05-17,92.95
2016-05-18,117.64
2016-05-19,94.22
2016-05-20,70.86
2016-05-21,78.02
2016-05-22,66.3
2016-05-23,87.31
2016-05-24,57.35
2016-05-25,105.02
2016-05-26,111.22
2016-05-27,180.71
2016-05-28,109.82
2016-05-29,42.67
2016-05-30,56.87
2016-05-31,101.54
2016-06-01,76.56
2016-06-02,81.4
2016-06-03,138.97
2016-06-04,137.81
2016-06-05,77.72
2016-06-06,84.61
2016-06-07,66.72
2016-06-08,64.08
2016-06-09,64.95
2016-06-10,75.75
2016-06-11,69.25
2016-06-12,70.71
2016-06-13,96.72
2016-06-14,59.02
2016-06-15,102.42
2016-06-16,62.37
2016-06-17,67.76
2016-06-18,79.17
2016-06-19,101.31
2016-06-20,83.1
2016-06-21,72.33
2016-06-22,75.14
2016-06-23,91.63
2016-06-24,100.02
2016-06-25,67.12
2016-06-26,48.0
2016-06-27,76.76
2016-06-28,80.89
2016-06-29,60.67
2016-06-30,69.65
2016-07-01,58.21
2016-07-02,57.24
2016-07-03,67.6
2016-07-04,57.1
2016-07-05,68.71
2016-07-06,77.71
2016-07-07,54.5
2016-07-08,54.96
2016-07-09,52.95
2016-07-10,59.13
2016-07-11,60.92
2016-07-12,39.32
2016-07-13,71.53
2016-07-14,73.51
2016-07-15,52.88
2016-07-16,50.99
2016-07-17,75.93
2016-07-18,44.08
2016-07-19,42.14
2016-07-20,56.86
2016-07-21,45.64
2016-07-22,48.36
2016-07-23,42.09
2016-07-24,59.4
2016-07-25,76.29
2016-07-26,54.5
2016-07-27,40.55
2016-07-28,46.44
2016-07-29,56.16
2016-07-30,42.7
2016-07-31,48.03
2016-08-01,43.47
2016-08-02,43.55
2016-08-03,50.86
2016-08-04,49.04
2016-08-05,39.3
2016-08-06,43.86
2016-08-07,42.84
2016-08-08,44.04
2016-08-09,41.29
2016-08-10,39.28
2016-08-11,30.66
2016-08-12,42.15
2016-08-13,56.45
2016-08-14,40.81
2016-08-15,39.51
2016-08-16,49.04
2016-08-17,62.19
2016-08-18,55.55
2016-08-19,59.03
2016-08-20,48.57
2016-08-21,28.01
2016-08-22,28.6
2016-08-23,38.99
2016-08-24,43.35
2016-08-25,45.88
2016-08-26,54.13
2016-08-27,56.56
2016-08-28,57.09
2016-08-29,54.73
2016-08-30,48.93
2016-08-31,37.1
2016-09-01,28.06
2016-09-02,44.31
2016-09-03,46.77
2016-09-04,57.64
2016-09-05,45.37
2016-09-06,50.42
2016-09-07,50.73
2016-09-08,71.72
2016-09-09,87.99
2016-09-10,45.7
2016-09-11,45.89
2016-09-12,49.7
2016-09-13,57.08
2016-09-14,47.36
2016-09-15,79.99
2016-09-16,67.11
2016-09-17,81.9
2016-09-18,86.16
2016-09-19,75.02
2016-09-20,94.23
2016-09-21,89.62
2016-09-22,32.73
2016-09-23,55.64
2016-09-24,56.46
2016-09-25,56.64
2016-09-26,89.09
2016-09-27,52.49
2016-09-28,105.43
2016-09-29,101.84
2016-09-30,84.33
2016-10-01,117.28
2016-10-02,81.87
2016-10-03,103.12
2016-10-04,159.8
2016-10-05,81.71
2016-10-06,117.86
2016-10-07,114.06
2016-10-08,132.11
2016-10-09,144.47
2016-10-10,125.8
2016-10-11,134.84
2016-10-12,114.3
2016-10-13,86.93
2016-10-14,94.83
2016-10-15,144.98
2016-10-16,132.01
2016-10-17,149.35
2016-10-18,161.49
2016-10-19,140.57
2016-10-20,135.9
2016-10-21,161.11
2016-10-22,140.92
2016-10-23,182.14
2016-10-24,164.51
2016-10-25,115.76
2016-10-26,209.27
2016-10-27,296.27
2016-10-28,318.57
2016-10-29,350.39
2016-10-30,355.77
2016-10-31,434.92
2016-11-01,394.59
2016-11-02,537.96
2016-11-03,482.4
2016-11-04,342.45
2016-11-05,588.39
2016-11-06,685.36
2016-11-07,488.57
2016-11-08,338.38
2016-11-09,307.08
2016-11-10,291.71
2016-11-11,295.88
2016-11-12,277.67
2016-11-13,228.16
2016-11-14,194.2
2016-11-15,236.09
2016-11-16,291.98
2016-11-17,351.47
2016-11-18,237.21
2016-11-19,285.71
2016-11-20,323.74
2016-11-21,340.61
2016-11-22,281.76
2016-11-23,174.56
2016-11-24,216.1
2016-11-25,136.21
2016-11-26,113.3
2016-11-27,128.7
2016-11-28,127.5
2016-11-29,236.58
2016-11-30,246.25
2016-12-01,263.61
2016-12-02,263.25
2016-12-03,196.6
2016-12-04,223.3
2016-12-05,204.6
2016-12-06,293.91
2016-12-07,283.61
2016-12-08,238.21
2016-12-09,295.62
2016-12-10,189.09
2016-12-11,199.12
2016-12-12,210.28
2016-12-13,209.91
2016-12-14,154.55
2016-12-15,167.64
2016-12-16,200.78
2016-12-17,229.35
2016-12-18,232.33
2016-12-19,236.24
2016-12-20,161.92
2016-12-21,131.95
2016-12-22,187.3
2016-12-23,364.15
2016-12-24,411.8
2016-12-25,232.41
2016-12-26,154.26
2016-12-27,213.2
2016-12-28,273.82
2016-12-29,339.96
2016-12-30,231.1
2016-12-31,211.16
2017-01-01,191.5
2017-01-02,247.79
2017-01-03,255.33
2017-01-04,248.01
2017-01-05,215.42
2017-01-06,194.12
2017-01-07,154.52
2017-01-08,136.98
2017-01-09,141.88
2017-01-10,108.26
2017-01-11,146.04
2017-01-12,216.73
2017-01-13,232.37
2017-01-14,309.28
2017-01-15,222.66
2017-01-16,188.08
2017-01-17,177.67
2017-01-18,218.63
2017-01-19,227.68
2017-01-20,217.55
2017-01-21,349.98
2017-01-22,286.6
2017-01-23,189.45
2017-01-24,230.94
2017-01-25,241.78
2017-01-26,135.87
2017-01-27,74.92
2017-01-28,109.13
2017-01-29,132.35
2017-01-30,166.71
2017-01-31,214.23
2017-02-01,136.02
2017-02-02,198.24
2017-02-03,194.99
2017-02-04,186.65
2017-02-05,146.49
2017-02-06,176.04
2017-02-07,77.85
2017-02-08,129.1
2017-02-09,133.12
2017-02-10,120.43
2017-02-11,129.09
2017-02-12,166.55
2017-02-13,130.62
2017-02-14,168.96
2017-02-15,183.98
2017-02-16,163.86
2017-02-17,112.02
2017-02-18,107.13
2017-02-19,109.38
2017-02-20,126.74
2017-02-21,106.92
2017-02-22,93.03
2017-02-23,182.29
2017-02-24,451.25
2017-02-25,425.22
2017-02-26,328.23
2017-02-27,178.5
2017-02-28,149.73
2017-03-01,127.9
2017-03-02,114.68
2017-03-03,67.83
2017-03-04,82.32
2017-03-05,90.6
2017-03-06,91.6
2017-03-07,112.41
2017-03-08,134.4
2017-03-09,106.45
2017-03-10,68.88
2017-03-11,37.49
2017-03-12,64.42
2017-03-13,74.58
2017-03-14,102.46
2017-03-15,112.71
2017-03-16,125.8
2017-03-17,114.07
2017-03-18,96.39
2017-03-19,120.43
2017-03-20,121.21
2017-03-21,128.51
2017-03-22,120.88
2017-03-23,151.17
2017-03-24,149.42
2017-03-25,168.23
2017-03-26,118.34
2017-03-27,156.38
2017-03-28,152.66
2017-03-29,113.62
2017-03-30,69.44
2017-03-31,91.19
2017-04-01,105.71
2017-04-02,83.36
2017-04-03,70.62
2017-04-04,84.4
2017-04-05,47.67
2017-04-06,62.44
2017-04-07,150.76
2017-04-08,151.25
2017-04-09,68.88
2017-04-10,129.15
2017-04-11,146.59
2017-04-12,107.69
2017-04-13,163.97
2017-04-14,184.69
2017-04-15,176.54
2017-04-16,175.23
2017-04-17,145.22
2017-04-18,152.84
2017-04-19,136.35
2017-04-20,152.99
2017-04-21,130.13
2017-04-22,110.54
2017-04-23,103.42
2017-04-24,99.09
2017-04-25,96.07
2017-04-26,72.31
2017-04-27,93.14
2017-04-28,109.36
2017-04-29,126.74
2017-04-30,80.81
2017-05-01,85.8
2017-05-02,198.2
2017-05-03,145.74
2017-05-04,109.91
2017-05-05,207.4
2017-05-06,204.56
2017-05-07,220.77
2017-05-08,183.82
2017-05-09,109.76
2017-05-10,74.42
2017-05-11,94.28
2017-05-12,216.96
2017-05-13,198.09
2017-05-14,121.76
2017-05-15,135.54
2017-05-16,123.21
2017-05-17,78.18
2017-05-18,126.04
2017-05-19,139.1
2017-05-20,233.82
2017-05-21,178.44
2017-05-22,110.1
2017-05-23,118.43
2017-05-24,107.37
2017-05-25,113.9
2017-05-26,103.75
2017-05-27,69.88
2017-05-28,40.33
2017-05-29,48.95
2017-05-30,63.27
2017-05-31,56.38
2017-06-01,95.23
2017-06-02,123.44
2017-06-03,122.2
2017-06-04,121.1
2017-06-05,71.89
2017-06-06,80.37
2017-06-07,40.87
2017-06-08,41.83
2017-06-09,66.73
2017-06-10,64.63
2017-06-11,43.02
2017-06-12,57.4
2017-06-13,48.6
2017-06-14,62.0
2017-06-15,80.14
2017-06-16,51.6
2017-06-17,41.96
2017-06-18,65.19
2017-06-19,60.9
2017-06-20,35.1
2017-06-21,58.27
2017-06-22,61.93
2017-06-23,44.08
2017-06-24,63.62
2017-06-25,76.1
2017-06-26,51.52
2017-06-27,36.62
2017-06-28,29.83
2017-06-29,22.98
2017-06-30,25.83
2017-07-01,43.35
2017-07-02,20.52
2017-07-03,46.71
2017-07-04,116.12
2017-07-05,50.81
2017-07-06,47.17
2017-07-07,41.42
2017-07-08,45.31
2017-07-09,58.46
2017-07-10,41.92
2017-07-11,33.04
2017-07-12,22.35
2017-07-13,22.44
2017-07-14,30.35
2017-07-15,32.02
2017-07-16,38.77
2017-07-17,33.56
2017-07-18,37.67
2017-07-19,55.96
2017-07-20,28.88
2017-07-21,23.12
2017-07-22,18.54
2017-07-23,22.65
2017-07-24,17.52
2017-07-25,22.17
2017-07-26,20.17
2017-07-27,24.42
2017-07-28,25.71
2017-07-29,27.25
2017-07-30,10.88
2017-07-31,17.1
2017-08-01,17.24
2017-08-02,27.56
2017-08-03,27.29
2017-08-04,42.65
2017-08-05,53.69
2017-08-06,61.44
2017-08-07,57.42
2017-08-08,36.58
2017-08-09,50.42
2017-08-10,48.6
2017-08-11,21.83
2017-08-12,0.0
2017-08-13,0.0
2017-08-14,26.54
2017-08-15,30.12
2017-08-16,35.23
2017-08-17,39.6
2017-08-18,46.25
2017-08-19,35.48
2017-08-20,22.15
2017-08-21,25.5
2017-08-22,46.0
2017-08-23,36.54
2017-08-24,47.79
2017-08-25,51.33
2017-08-26,62.33
2017-08-27,34.3
2017-08-28,23.82
2017-08-29,15.23
2017-08-30,20.5
2017-08-31,41.62
2017-09-01,25.58
2017-09-02,20.06
2017-09-03,38.19
2017-09-04,47.89
2017-09-05,35.61
2017-09-06,39.41
2017-09-07,40.34
2017-09-08,51.7
2017-09-09,54.83
2017-09-10,60.46
2017-09-11,63.97
2017-09-12,46.65
2017-09-13,54.77
2017-09-14,80.47
2017-09-15,64.37
2017-09-16,51.56
2017-09-17,53.05
2017-09-18,60.83
2017-09-19,55.55
2017-09-20,70.81
2017-09-21,55.93
2017-09-22,11.81
2017-09-23,17.76
2017-09-24,35.5
2017-09-25,50.09
2017-09-26,66.12
2017-09-27,80.94
2017-09-28,75.4
2017-09-29,89.38
2017-09-30,74.2
2017-10-01,68.47
2017-10-02,63.41
2017-10-03,69.45
2017-10-04,76.81
2017-10-05,75.73
2017-10-06,79.81
2017-10-07,70.98
2017-10-08,102.2
2017-10-09,107.63
2017-10-10,105.88
2017-10-11,104.45
2017-10-12,106.85
2017-10-13,137.42
2017-10-14,147.07
2017-10-15,147.83
2017-10-16,152.61
2017-10-17,121.7
2017-10-18,152.16
2017-10-19,176.17
2017-10-20,426.52
2017-10-21,213.12
2017-10-22,146.01
2017-10-23,163.35
2017-10-24,188.24
2017-10-25,203.03
2017-10-26,178.91
2017-10-27,167.54
2017-10-28,198.37
2017-10-29,187.82
2017-10-30,196.37
2017-10-31,211.64
2017-11-01,179.17
2017-11-02,160.69
2017-11-03,168.16
2017-11-04,190.33
2017-11-05,209.61
2017-11-06,216.53
2017-11-07,517.93
2017-11-08,639.19
2017-11-09,495.9
2017-11-10,370.73
2017-11-11,363.77
2017-11-12,465.08
2017-11-13,354.56
2017-11-14,254.36
2017-11-15,192.04
2017-11-16,191.57
2017-11-17,150.79
2017-11-18,143.51
2017-11-19,128.65
2017-11-20,171.34
2017-11-21,178.08
2017-11-22,177.41
2017-11-23,175.56
2017-11-24,187.97
2017-11-25,185.31
2017-11-26,224.37
2017-11-27,198.34
2017-11-28,167.74
2017-11-29,215.17
2017-11-30,219.84
2017-12-01,190.45
2017-12-02,208.87
2017-12-03,240.87
2017-12-04,261.82
2017-12-05,230.56
2017-12-06,120.91
2017-12-07,88.95
2017-12-08,115.08
2017-12-09,165.76
2017-12-10,230.34
2017-12-11,218.87
2017-12-12,109.18
2017-12-13,134.99
2017-12-14,126.67
2017-12-15,127.57
2017-12-16,100.72
2017-12-17,95.58
2017-12-18,115.19
2017-12-19,168.33
2017-12-20,283.24
2017-12-21,293.14
2017-12-22,157.72
2017-12-23,117.72
2017-12-24,203.18
2017-12-25,259.0
2017-12-26,224.42
2017-12-27,224.27
2017-12-28,249.17
2017-12-29,227.28
2017-12-30,273.56
2017-12-31,306.17
2018-01-01,303.41
2018-01-02,277.48
2018-01-03,217.01
2018-01-04,248.54
2018-01-05,240.42
2018-01-06,252.57
2018-01-07,191.66
2018-01-08,152.98
2018-01-09,233.1
2018-01-10,186.26
2018-01-11,154.64
2018-01-12,168.87
2018-01-13,230.5
2018-01-14,191.47
2018-01-15,177.71
2018-01-16,133.56
2018-01-17,235.06
2018-01-18,276.25
2018-01-19,253.7
2018-01-20,152.33
2018-01-21,153.61
2018-01-22,202.11
2018-01-23,160.79
2018-01-24,130.16
2018-01-25,111.75
2018-01-26,128.45
2018-01-27,155.2
2018-01-28,150.96
2018-01-29,162.48
2018-01-30,126.84
2018-01-31,123.48
2018-02-01,157.33
2018-02-02,140.35
2018-02-03,115.05
2018-02-04,133.8
2018-02-05,163.6
2018-02-06,143.29
2018-02-07,131.49
2018-02-08,186.19
2018-02-09,203.33
2018-02-10,209.7
2018-02-11,148.13
2018-02-12,72.36
2018-02-13,103.93
2018-02-14,76.92
2018-02-15,94.49
2018-02-16,123.19
2018-02-17,127.8
2018-02-18,127.27
2018-02-19,172.55
2018-02-20,167.16
2018-02-21,172.99
2018-02-22,159.67
2018-02-23,163.75
2018-02-24,164.2
2018-02-25,106.26
2018-02-26,67.27
2018-02-27,85.53
2018-02-28,143.25
2018-03-01,120.71
2018-03-02,139.18
2018-03-03,98.25
2018-03-04,79.83
2018-03-05,76.96
2018-03-06,75.45
2018-03-07,87.62
2018-03-08,139.88
2018-03-09,134.76
2018-03-10,75.67
2018-03-11,88.3
2018-03-12,105.29
2018-03-13,109.22
2018-03-14,116.62
2018-03-15,108.98
2018-03-16,111.67
2018-03-17,81.57
2018-03-18,82.15
2018-03-19,81.93
2018-03-20,109.99
2018-03-21,133.53
2018-03-22,83.4
2018-03-23,64.2
2018-03-24,78.4
2018-03-25,85.34
2018-03-26,85.9
2018-03-27,111.26
2018-03-28,117.78
2018-03-29,95.98
2018-03-30,96.45
2018-03-31,101.59
2018-04-01,75.14
2018-04-02,96.38
2018-04-03,101.18
2018-04-04,111.82
2018-04-05,152.56
2018-04-06,100.5
2018-04-07,48.46
2018-04-08,50.27
2018-04-09,49.56
2018-04-10,93.89
2018-04-11,48.61
2018-04-12,46.21
2018-04-13,83.96
2018-04-14,97.16
2018-04-15,107.36
2018-04-16,119.75
2018-04-17,81.97
2018-04-18,73.44
2018-04-19,89.49
2018-04-20,100.01
2018-04-21,119.24
2018-04-22,62.06
2018-04-23,76.11
2018-04-24,108.64
2018-04-25,117.56
2018-04-26,142.82
2018-04-27,107.47
2018-04-28,84.13
2018-04-29,89.1
2018-04-30,79.3
2018-05-01,54.88
2018-05-02,66.74
2018-05-03,47.25
2018-05-04,49.09
2018-05-05,74.82
2018-05-06,110.48
2018-05-07,111.95
2018-05-08,61.0
2018-05-09,71.99
2018-05-10,93.45
2018-05-11,132.39
2018-05-12,144.33
2018-05-13,80.64
2018-05-14,49.22
2018-05-15,67.23
2018-05-16,78.74
2018-05-17,105.99
2018-05-18,96.96
2018-05-19,103.98
2018-05-20,83.66
2018-05-21,71.25
2018-05-22,91.16
2018-05-23,129.23
2018-05-24,114.13
2018-05-25,83.88
2018-05-26,103.02
2018-05-27,97.37
2018-05-28,117.56
2018-05-29,112.6
2018-05-30,65.76
2018-05-31,71.99
2018-06-01,79.98
2018-06-02,52.6
2018-06-03,59.52
2018-06-04,64.42
2018-06-05,61.72
2018-06-06,57.68
2018-06-07,73.77
2018-06-08,76.78
2018-06-09,52.79
2018-06-10,67.02
2018-06-11,73.22
2018-06-12,141.28
2018-06-13,261.77
2018-06-14,225.49
2018-06-15,153.28
2018-06-16,127.32
2018-06-17,84.47
2018-06-18,61.06
2018-06-19,52.76
2018-06-20,67.55
2018-06-21,76.98
2018-06-22,83.98
2018-06-23,81.33
2018-06-24,54.15
2018-06-25,46.9
2018-06-26,29.98
2018-06-27,52.48
2018-06-28,30.07
2018-06-29,37.11
2018-06-30,41.41
2018-07-01,34.18
2018-07-02,34.24
2018-07-03,44.55
2018-07-04,45.76
2018-07-05,50.41
2018-07-06,57.12
2018-07-07,61.93
2018-07-08,68.2
2018-07-09,70.48
2018-07-10,47.48
2018-07-11,39.78
2018-07-12,46.53
2018-07-13,28.44
2018-07-14,33.82
2018-07-15,37.76
2018-07-16,37.32
2018-07-17,34.26
2018-07-18,37.76
2018-07-19,35.04
2018-07-20,37.26
2018-07-21,50.21
2018-07-22,25.81
2018-07-23,32.39
2018-07-24,39.3
2018-07-25,34.7
2018-07-26,32.22
2018-07-27,21.75
2018-07-28,37.69
2018-07-29,44.03
2018-07-30,39.89
2018-07-31,50.59
2018-08-01,55.77
2018-08-02,71.5
2018-08-03,65.46
2018-08-04,69.75
2018-08-05,63.57
2018-08-06,50.64
2018-08-07,44.54
2018-08-08,36.7
2018-08-09,36.84
2018-08-10,46.24
2018-08-11,32.72
2018-08-12,25.7
2018-08-13,32.75
2018-08-14,46.85
2018-08-15,43.0
2018-08-16,36.49
2018-08-17,32.98
2018-08-18,32.11
2018-08-19,47.01
2018-08-20,61.1
2018-08-21,30.98
2018-08-22,29.75
2018-08-23,31.19
2018-08-24,23.71
2018-08-25,21.96
2018-08-26,23.96
2018-08-27,24.78
2018-08-28,29.26
2018-08-29,36.06
2018-08-30,41.26
2018-08-31,47.53
2018-09-01,45.19
2018-09-02,40.9
2018-09-03,42.06
2018-09-04,55.72
2018-09-05,39.77
2018-09-06,49.44
2018-09-07,42.11
2018-09-08,35.45
2018-09-09,29.1
2018-09-10,36.99
2018-09-11,28.33
2018-09-12,28.55
2018-09-13,27.49
2018-09-14,31.38
2018-09-15,37.48
2018-09-16,43.09
2018-09-17,55.86
2018-09-18,54.94
2018-09-19,58.63
2018-09-20,73.3
2018-09-21,46.73
2018-09-22,24.29
2018-09-23,30.71
2018-09-24,21.46
2018-09-25,21.45
2018-09-26,42.83
2018-09-27,71.44
2018-09-28,83.78
2018-09-29,92.46
2018-09-30,69.49
2018-10-01,65.78
2018-10-02,76.03
2018-10-03,63.37
2018-10-04,97.4
2018-10-05,121.12
2018-10-06,78.87
2018-10-07,81.14
2018-10-08,118.6
2018-10-09,103.26
2018-10-10,93.36
2018-10-11,70.42
2018-10-12,67.93
2018-10-13,132.93
2018-10-14,91.88
2018-10-15,115.96
2018-10-16,139.18
2018-10-17,137.29
2018-10-18,143.2
2018-10-19,137.73
2018-10-20,168.87
2018-10-21,141.15
2018-10-22,121.65
2018-10-23,119.4
2018-10-24,174.04
2018-10-25,168.82
2018-10-26,203.12
2018-10-27,206.05
2018-10-28,205.0
2018-10-29,231.83
2018-10-30,263.39
2018-10-31,225.17
2018-11-01,236.67
2018-11-02,205.44
2018-11-03,159.56
2018-11-04,97.27
2018-11-05,361.98
2018-11-06,177.88
2018-11-07,175.43
2018-11-08,420.3
2018-11-09,300.91
2018-11-10,288.86
2018-11-11,256.68
2018-11-12,271.7
2018-11-13,265.06
2018-11-14,136.2
2018-11-15,98.53
2018-11-16,138.49
2018-11-17,135.21
2018-11-18,166.43
2018-11-19,179.79
2018-11-20,224.1
2018-11-21,209.96
2018-11-22,139.02
2018-11-23,187.85
2018-11-24,107.73
2018-11-25,133.62
2018-11-26,200.69
2018-11-27,205.53
2018-11-28,193.1
2018-11-29,205.17
2018-11-30,190.36
2018-12-01,147.48
2018-12-02,164.63
2018-12-03,178.87
2018-12-04,211.57
2018-12-05,181.62
2018-12-06,218.06
2018-12-07,193.81
2018-12-08,202.83
2018-12-09,226.35
2018-12-10,264.63
2018-12-11,274.97
2018-12-12,209.63
2018-12-13,94.29
2018-12-14,113.42
2018-12-15,122.69
2018-12-16,150.28
2018-12-17,182.78
2018-12-18,204.08
2018-12-19,205.22
2018-12-20,258.1
2018-12-21,252.2
2018-12-22,326.79
2018-12-23,401.58
2018-12-24,378.68
2018-12-25,268.2
2018-12-26,241.0
2018-12-27,290.1
2018-12-28,249.23
2018-12-29,248.12
2018-12-30,336.42
2018-12-31,319.69
2019-01-01,287.34
2019-01-02,331.2
2019-01-03,355.4
2019-01-04,246.46
2019-01-05,262.53
2019-01-06,174.26
2019-01-07,181.74
2019-01-08,156.26
2019-01-09,143.66
2019-01-10,165.95
2019-01-11,278.95
2019-01-12,311.03
2019-01-13,272.45
2019-01-14,94.44
2019-01-15,134.57
2019-01-16,271.96
2019-01-17,358.91
2019-01-18,237.22
2019-01-19,262.68
2019-01-20,314.59
2019-01-21,175.49
2019-01-22,53.25
2019-01-23,135.68
2019-01-24,130.59
2019-01-25,81.2
2019-01-26,101.61
2019-01-27,136.47
2019-01-28,126.48
2019-01-29,142.0
2019-01-30,206.14
2019-01-31,204.25
2019-02-01,178.68
2019-02-02,177.32
2019-02-03,131.1
2019-02-04,144.62
2019-02-05,256.33
2019-02-06,177.25
2019-02-07,65.65
2019-02-08,72.29
2019-02-09,82.5
2019-02-10,143.31
2019-02-11,173.61
2019-02-12,208.64
2019-02-13,198.26
2019-02-14,153.73
2019-02-15,123.46
2019-02-16,112.34
2019-02-17,99.27
2019-02-18,109.11
2019-02-19,126.12
2019-02-20,102.3
2019-02-21,73.33
2019-02-22,73.9
2019-02-23,56.51
2019-02-24,89.34
2019-02-25,92.36
2019-02-26,59.97
2019-02-27,47.18
2019-02-28,96.38
2019-03-01,93.83
2019-03-02,109.6
2019-03-03,62.92
2019-03-04,105.93
2019-03-05,68.86
2019-03-06,83.45
2019-03-07,104.61
2019-03-08,92.07
2019-03-09,73.31
2019-03-10,73.98
2019-03-11,82.17
2019-03-12,57.28
2019-03-13,89.17
2019-03-14,111.2
2019-03-15,74.88
2019-03-16,68.64
2019-03-17,93.61
2019-03-18,100.32
2019-03-19,103.77
2019-03-20,89.82
2019-03-21,112.29
2019-03-22,38.43
2019-03-23,55.62
2019-03-24,53.28
2019-03-25,65.0
2019-03-26,75.82
2019-03-27,78.37
2019-03-28,116.55
2019-03-29,112.67
2019-03-30,102.27
2019-03-31,58.96
2019-04-01,59.08
2019-04-02,90.1
2019-04-03,85.02
2019-04-04,119.71
2019-04-05,125.44
2019-04-06,96.6
2019-04-07,152.91
2019-04-08,81.3
2019-04-09,87.74
2019-04-10,101.94
2019-04-11,70.25
2019-04-12,61.34
2019-04-13,55.93
2019-04-14,51.51
2019-04-15,54.84
2019-04-16,59.08
2019-04-17,22.14
2019-04-18,38.92
2019-04-19,71.62
2019-04-20,90.55
2019-04-21,95.24
2019-04-22,110.16
2019-04-23,104.17
2019-04-24,85.7
2019-04-25,86.41
2019-04-26,82.37
2019-04-27,73.06
2019-04-28,76.44
2019-04-29,84.04
2019-04-30,95.72
2019-05-01,111.57
2019-05-02,77.72
2019-05-03,52.16
2019-05-04,77.96
2019-05-05,101.25
2019-05-06,118.9
2019-05-07,128.78
2019-05-08,143.34
2019-05-09,137.2
2019-05-10,95.07
2019-05-11,101.83
2019-05-12,178.22
2019-05-13,170.81
2019-05-14,58.22
2019-05-15,84.81
2019-05-16,75.45
2019-05-17,92.53
2019-05-18,44.28
2019-05-19,81.99
2019-05-20,93.97
2019-05-21,77.78
2019-05-22,64.24
2019-05-23,92.4
2019-05-24,43.86
2019-05-25,43.66
2019-05-26,55.13
2019-05-27,64.66
2019-05-28,65.82
2019-05-29,74.8
2019-05-30,85.21
2019-05-31,88.57
2019-06-01,95.4
2019-06-02,73.36
2019-06-03,66.94
2019-06-04,54.95
2019-06-05,73.35
2019-06-06,70.61
2019-06-07,54.81
2019-06-08,69.75
2019-06-09,101.05
2019-06-10,74.48
2019-06-11,118.38
2019-06-12,59.86
2019-06-13,52.66
2019-06-14,53.79
2019-06-15,81.86
2019-06-16,42.06
2019-06-17,40.18
2019-06-18,30.39
2019-06-19,79.96
2019-06-20,42.76
2019-06-21,71.15
2019-06-22,68.27
2019-06-23,42.06
2019-06-24,26.29
2019-06-25,53.65
2019-06-26,67.36
2019-06-27,65.3
2019-06-28,61.21
2019-06-29,58.08
2019-06-30,65.24
2019-07-01,57.27
2019-07-02,71.68
2019-07-03,39.99
2019-07-04,36.82
2019-07-05,48.6
2019-07-06,34.25
2019-07-07,38.81
2019-07-08,49.12
2019-07-09,42.56
2019-07-10,69.21
2019-07-11,76.99
2019-07-12,76.35
2019-07-13,63.18
2019-07-14,63.16
2019-07-15,42.04
2019-07-16,31.51
2019-07-17,32.06
2019-07-18,32.92
2019-07-19,63.02
2019-07-20,46.43
2019-07-21,50.57
2019-07-22,60.38
2019-07-23,73.08
2019-07-24,63.26
2019-07-25,22.79
2019-07-26,30.63
2019-07-27,26.16
2019-07-28,21.13
2019-07-29,24.45
2019-07-30,30.1
2019-07-31,30.22
2019-08-01,34.26
2019-08-02,35.06
2019-08-03,38.54
2019-08-04,46.69
2019-08-05,52.2
2019-08-06,30.04
2019-08-07,32.63
2019-08-08,27.69
2019-08-09,14.59
2019-08-10,16.73
2019-08-11,25.53
2019-08-12,20.53
2019-08-13,21.68
2019-08-14,33.21
2019-08-15,28.78
2019-08-16,15.52
2019-08-17,10.24
2019-08-18,15.51
2019-08-19,38.55
2019-08-20,41.74
2019-08-21,46.69
2019-08-22,44.16
2019-08-23,50.49
2019-08-24,60.71
2019-08-25,33.49
2019-08-26,25.06
2019-08-27,40.68
2019-08-28,42.04
2019-08-29,33.92
2019-08-30,43.5
2019-08-31,57.16
2019-09-01,35.13
2019-09-02,46.15
2019-09-03,70.64
2019-09-04,73.33
2019-09-05,33.9
2019-09-06,35.81
2019-09-07,34.98
2019-09-08,32.83
2019-09-09,56.31
2019-09-10,64.48
2019-09-11,79.6
2019-09-12,57.83
2019-09-13,33.59
2019-09-14,26.65
2019-09-15,35.52
2019-09-16,56.6
2019-09-17,59.14
2019-09-18,35.41
2019-09-19,21.74
2019-09-20,40.33
2019-09-21,39.23
2019-09-22,26.51
2019-09-23,34.46
2019-09-24,35.88
2019-09-25,30.52
2019-09-26,22.9
2019-09-27,15.66
2019-09-28,22.52
2019-09-29,16.91
2019-09-30,29.42
2019-10-01,33.92
2019-10-02,40.16
2019-10-03,57.99
2019-10-04,43.07
2019-10-05,39.48
2019-10-06,58.75
2019-10-07,55.88
2019-10-08,44.85
2019-10-09,77.02
2019-10-10,100.82
2019-10-11,98.07
2019-10-12,103.45
2019-10-13,132.57
2019-10-14,116.33
2019-10-15,133.35
2019-10-16,146.37
2019-10-17,121.68
2019-10-18,90.41
2019-10-19,76.77
2019-10-20,98.05
2019-10-21,115.16
2019-10-22,93.51
2019-10-23,122.12
2019-10-24,173.56
2019-10-25,129.9
2019-10-26,148.73
2019-10-27,198.81
2019-10-28,301.39
2019-10-29,287.56
2019-10-30,279.32
2019-10-31,314.32
2019-11-01,388.45
2019-11-02,320.26
2019-11-03,582.28
2019-11-04,272.3
2019-11-05,190.41
2019-11-06,101.09
2019-11-07,182.47
2019-11-08,154.14
2019-11-09,140.8
2019-11-10,192.35
2019-11-11,252.48
2019-11-12,384.34
2019-11-13,383.36
2019-11-14,371.42
2019-11-15,423.52
2019-11-16,174.03
2019-11-17,96.34
2019-11-18,108.4
2019-11-19,126.92
2019-11-20,175.19
2019-11-21,217.7
2019-11-22,201.17
2019-11-23,130.41
2019-11-24,107.86
2019-11-25,122.37
2019-11-26,114.27
2019-11-27,65.7
2019-11-28,31.03
2019-11-29,53.79
2019-11-30,96.96
2019-12-01,123.66
2019-12-02,141.12
2019-12-03,140.07
2019-12-04,163.24
2019-12-05,271.99
2019-12-06,241.69
2019-12-07,233.79
2019-12-08,239.98
2019-12-09,200.33
2019-12-10,236.4
2019-12-11,299.85
2019-12-12,284.18
2019-12-13,94.62
2019-12-14,78.59
2019-12-15,94.67
2019-12-16,88.05
2019-12-17,93.07
2019-12-18,144.0
2019-12-19,261.16
2019-12-20,316.09
2019-12-21,249.87
2019-12-22,146.81
2019-12-23,171.47
2019-12-24,262.69
2019-12-25,166.71
2019-12-26,196.97
2019-12-27,240.07
2019-12-28,275.6
2019-12-29,326.79
2019-12-30,333.43
2019-12-31,245.53
2020-01-01,372.14
2020-01-02,327.04
2020-01-03,228.9
2020-01-04,220.6
2020-01-05,170.21
2020-01-06,159.64
2020-01-07,120.31
2020-01-08,117.98
2020-01-09,89.26
2020-01-10,130.82
2020-01-11,151.1
2020-01-12,207.23
2020-01-13,218.98
2020-01-14,115.62
2020-01-15,111.57
2020-01-16,139.06
2020-01-17,107.65
2020-01-18,125.3
2020-01-19,125.04
2020-01-20,142.18
2020-01-21,222.81
2020-01-22,198.88
2020-01-23,74.45
2020-01-24,79.83
2020-01-25,136.72
2020-01-26,201.2
2020-01-27,209.97
2020-01-28,104.45
2020-01-29,77.95
2020-01-30,91.56
2020-01-31,92.04
2020-02-01,112.13
2020-02-02,120.86
2020-02-03,138.5
2020-02-04,188.42
2020-02-05,150.08
2020-02-06,118.57
2020-02-07,150.15
2020-02-08,149.67
2020-02-09,151.43
2020-02-10,174.4
2020-02-11,176.57
2020-02-12,172.12
2020-02-13,95.72
2020-02-14,73.84
2020-02-15,83.07
2020-02-16,132.63
2020-02-17,158.69
2020-02-18,125.53
2020-02-19,138.46
2020-02-20,98.84
2020-02-21,53.11
2020-02-22,63.62
2020-02-23,105.71
2020-02-24,70.59
2020-02-25,127.75
2020-02-26,141.81
2020-02-27,107.28
2020-02-28,83.48
2020-02-29,60.01
2020-03-01,42.83
2020-03-02,99.34
2020-03-03,86.26
2020-03-04,82.9
2020-03-05,31.43
2020-03-06,21.32
2020-03-07,40.96
2020-03-08,72.1
2020-03-09,58.04
2020-03-10,84.35
2020-03-11,55.19
2020-03-12,56.92
2020-03-13,68.72
2020-03-14,39.41
2020-03-15,60.99
2020-03-16,61.61
2020-03-17,69.7
2020-03-18,68.93
2020-03-19,90.62
2020-03-20,90.31
2020-03-21,82.39
2020-03-22,78.61
2020-03-23,54.26
2020-03-24,55.85
2020-03-25,37.87
2020-03-26,45.69
2020-03-27,26.89
2020-03-28,21.23
2020-03-29,27.59
2020-03-30,35.08
2020-03-31,35.31
2020-04-01,32.88
2020-04-02,28.51
2020-04-03,31.36
2020-04-04,40.79
2020-04-05,51.79
2020-04-06,59.91
2020-04-07,33.12
2020-04-08,29.7
2020-04-09,36.13
2020-04-10,57.67
2020-04-11,53.03
2020-04-12,38.57
2020-04-13,60.6
2020-04-14,58.22
2020-04-15,58.31
2020-04-16,69.8
2020-04-17,26.93
2020-04-18,29.09
2020-04-19,35.49
2020-04-20,52.86
2020-04-21,37.17
2020-04-22,58.25
2020-04-23,54.71
2020-04-24,65.91
2020-04-25,33.09
2020-04-26,40.24
2020-04-27,27.18
2020-04-28,41.75
2020-04-29,55.18
2020-04-30,49.96
2020-05-01,61.04
2020-05-02,34.67
2020-05-03,32.56
2020-05-04,26.63
2020-05-05,56.24
2020-05-06,58.44
2020-05-07,36.02
2020-05-08,51.09
2020-05-09,54.18
2020-05-10,44.3
2020-05-11,43.26
2020-05-12,43.19
2020-05-13,68.8
2020-05-14,56.17
2020-05-15,47.44
2020-05-16,81.87
2020-05-17,98.63
2020-05-18,101.02
2020-05-19,106.63
2020-05-20,67.8
2020-05-21,55.92
2020-05-22,94.37
2020-05-23,74.92
2020-05-24,55.37
2020-05-25,61.46
2020-05-26,55.38
2020-05-27,43.22
2020-05-28,39.07
2020-05-29,24.62
2020-05-30,23.09
2020-05-31,21.51
2020-06-01,41.05
2020-06-02,45.9
2020-06-03,50.62
2020-06-04,68.24
2020-06-05,42.43
2020-06-06,35.14
2020-06-07,39.99
2020-06-08,46.9
2020-06-09,64.77
2020-06-10,58.9
2020-06-11,54.69
2020-06-12,64.0
2020-06-13,52.36
2020-06-14,71.08
2020-06-15,48.69
2020-06-16,39.87
2020-06-17,34.35
2020-06-18,36.84
2020-06-19,57.6
2020-06-20,35.96
2020-06-21,39.7
2020-06-22,39.47
2020-06-23,29.02
2020-06-24,30.91
2020-06-25,38.37
2020-06-26,50.01
2020-06-27,39.8
2020-06-28,59.52
2020-06-29,44.86
2020-06-30,39.8
2020-07-01,54.01
2020-01-22,37.48
2020-01-23,0.0
2020-01-24,41.13
2020-01-25,53.0
2020-01-26,58.31
2020-01-27,53.06
2020-01-28,60.99
2020-01-29,57.41
2020-01-30,43.89
2020-01-31,35.45
2020-02-01,38.01
2020-02-02,38.63
2020-02-03,40.97
2020-02-04,54.34
2020-02-05,52.85
2020-02-06,35.61
2020-02-07,42.18
2020-02-08,36.49
2020-02-09,36.94
2020-02-10,39.27
2020-02-11,38.45
2020-02-12,51.09
2020-02-13,39.8
2020-02-14,49.84
2020-02-15,33.41
2020-02-16,39.71
2020-02-17,50.63
2020-02-18,49.29
2020-02-19,78.27
2020-02-20,55.37
2020-02-21,59.74
2020-02-22,47.75
2020-02-23,37.76
2020-02-24,44.43
2020-02-25,42.85
2020-02-26,52.33
2020-02-27,46.96
2020-02-28,47.25
2020-02-29,35.35
2020-03-01,34.65
2020-03-02,35.76
2020-03-03,27.97
2020-03-04,30.85
2020-03-05,37.26
2020-03-06,30.91
2020-03-07,18.17
2020-03-08,27.59
2020-03-09,24.22
2020-03-10,32.43
2020-03-11,22.94
2020-03-12,13.87
2020-03-13,21.11
2020-03-14,27.79
2020-03-15,37.26
2020-03-16,37.0
2020-03-17,45.49
2020-03-18,46.85
2020-03-19,39.62
2020-03-20,33.6
2020-03-21,31.66
2020-03-22,20.49
2020-03-23,17.84
2020-03-24,24.79
2020-03-25,15.93
2020-03-26,20.66
2020-03-27,30.79
2020-03-28,30.1
2020-03-29,0.0
2020-03-30,22.27
2020-03-31,22.11
2020-04-01,22.8
2020-04-02,29.16
2020-04-03,23.25
2020-04-04,21.57
2020-04-05,16.04
2020-04-06,9.54
2020-04-07,11.39
2020-04-08,18.28
2020-04-09,17.75
2020-04-10,14.42
2020-04-11,17.2
2020-04-12,14.17
2020-04-13,22.86
2020-04-14,24.44
2020-04-15,14.38
2020-04-16,16.74
2020-04-17,17.05
2020-04-18,15.67
2020-04-19,21.2
2020-04-20,16.12
2020-04-21,9.52
2020-04-22,12.31
2020-04-23,23.42
2020-04-24,20.69
2020-04-25,19.38
2020-04-26,18.44
2020-04-27,14.88
2020-04-28,16.31
2020-04-29,14.14
2020-04-30,19.22
2020-05-01,17.29
2020-05-02,19.22
2020-05-03,19.66
2020-05-04,19.04
2020-05-05,24.34
2020-05-06,24.61
2020-05-07,10.07
2020-05-08,9.96
2020-05-09,13.76
2020-05-10,18.07
2020-05-11,11.07
2020-05-12,23.83
2020-05-13,13.66
2020-05-14,18.49
2020-05-15,16.93
2020-05-16,11.0
2020-05-17,14.54
2020-05-18,20.78
2020-05-19,18.82
2020-05-20,9.3
2020-05-21,8.23
2020-05-22,9.15
2020-05-23,16.41
2020-05-24,15.75
2020-05-25,17.83
2020-05-26,12.81
2020-05-27,18.49
2020-05-28,12.41
2020-05-29,12.57
2020-05-30,8.58
2020-05-31,5.54
2020-06-01,8.58
2020-06-02,4.85
2020-06-03,5.91
2020-06-04,3.48
2020-06-05,6.91
2020-06-06,5.95
2020-06-07,10.01
2020-06-08,10.29
2020-06-09,16.7
2020-06-10,15.66
2020-06-11,10.79
2020-06-12,19.09
2020-06-13,16.22
2020-06-14,7.86
2020-06-15,10.34
2020-06-16,6.49
2020-06-17,0.0
2020-06-18,0.0
2020-06-19,14.48
2020-06-20,19.85
2020-06-21,5.71
2020-06-22,13.24
2020-06-23,14.8
2020-06-24,23.73
2020-06-25,10.63
2020-06-26,5.8
2020-06-27,12.14
2020-06-28,8.97
2020-06-29,12.22
2020-06-30,11.87
2020-07-01,5.88
2015-11-27,0.0
2015-11-28,0.0
2015-11-29,0.0
2015-11-30,0.0
2015-12-01,0.0
2015-12-02,0.0
2015-12-03,0.0
2015-12-04,0.0
2015-12-05,0.0
2015-12-06,0.0
2015-12-07,0.0
2015-12-08,0.0
2015-12-09,0.0
2015-12-10,0.0
2015-12-11,0.0
2015-12-12,0.0
2015-12-13,0.0
2015-12-14,0.0
2015-12-15,0.0
2015-12-16,0.0
2015-12-17,0.0
2015-12-18,0.0
2015-12-19,0.0
2015-12-20,0.0
2015-12-21,0.0
2015-12-22,0.0
2015-12-23,0.0
2015-12-24,0.0
2015-12-25,0.0
2015-12-26,0.0
2015-12-27,0.0
2015-12-28,0.0
2015-12-29,0.0
2015-12-30,0.0
2015-12-31,0.0
2016-01-01,0.0
2016-01-02,0.0
2016-01-03,0.0
2016-01-04,0.0
2016-01-05,0.0
2016-01-06,0.0
2016-01-07,0.0
2016-01-08,0.0
2016-01-09,0.0
2016-01-10,0.0
2016-01-11,0.0
2016-01-12,0.0
2016-01-13,0.0
2016-01-14,0.0
2016-01-15,0.0
2016-01-16,0.0
2016-01-17,0.0
2016-01-18,0.0
2016-01-19,0.0
2016-01-20,0.0
2016-01-21,0.0
2016-01-22,120.47
2016-01-23,87.51
2016-01-24,106.22
2016-01-25,82.48
2016-01-26,124.33
2016-01-27,0.0
2016-01-28,0.0
2016-01-29,0.0
2016-01-30,0.0
2016-01-31,0.0
2016-02-01,0.0
2016-02-02,36.12
2016-02-03,58.63
2016-02-04,52.91
2016-02-05,103.23
2016-02-06,0.0
2016-02-07,0.0
2016-02-08,0.0
2016-02-09,0.0
2016-02-10,0.0
2016-02-11,0.0
2016-02-12,0.0
2016-02-13,0.0
2016-02-14,0.0
2016-02-15,0.0
2016-02-16,70.74
2016-02-17,0.0
2016-02-18,188.98
2016-02-19,199.01
2016-02-20,0.0
2016-02-21,0.0
2016-02-22,0.0
2016-02-23,88.27
2016-02-24,175.8
2016-02-25,137.28
2016-02-26,143.83
2016-02-27,180.83
2016-02-28,201.17
2016-02-29,182.54
2016-03-01,211.21
2016-03-02,247.27
2016-03-03,348.88
2016-03-04,0.0
2016-03-05,0.0
2016-03-06,0.0
2016-03-07,78.56
2016-03-08,97.88
2016-03-09,539.41
2016-03-10,914.94
2016-03-11,0.0
2016-03-12,0.0
2016-03-13,0.0
2016-03-14,0.0
2016-03-15,0.0
2016-03-16,58.9
2016-03-17,894.75
2016-03-18,581.05
2016-03-19,0.0
2016-03-20,0.0
2016-03-21,0.0
2016-03-22,0.0
2016-03-23,0.0
2016-03-24,0.0
2016-03-25,62.4
2016-03-26,40.5
2016-03-27,79.43
2016-03-28,197.75
2016-03-29,124.42
2016-03-30,264.74
2016-03-31,186.4
2016-04-01,66.52
2016-04-02,0.0
2016-04-03,0.0
2016-04-04,76.29
2016-04-05,70.05
2016-04-06,0.0
2016-04-07,0.0
2016-04-08,115.6
2016-04-09,99.83
2016-04-10,83.23
2016-04-11,84.45
2016-04-12,70.79
2016-04-13,82.6
2016-04-14,84.9
2016-04-15,109.9
2016-04-16,107.76
2016-04-17,81.36
2016-04-18,77.24
2016-04-19,115.4
2016-04-20,163.99
2016-04-21,128.32
2016-04-22,123.29
2016-04-23,92.07
2016-04-24,128.13
2016-04-25,114.51
2016-04-26,63.16
2016-04-27,170.74
2016-04-28,136.31
2016-04-29,173.82
2016-04-30,171.35
2016-05-01,164.46
2016-05-02,146.44
2016-05-03,164.68
2016-05-04,129.44
2016-05-05,100.09
2016-05-06,82.65
2016-05-07,104.17
2016-05-08,100.13
2016-05-09,77.1
2016-05-10,63.89
2016-05-11,53.98
2016-05-12,75.08
2016-05-13,103.68
2016-05-14,98.72
2016-05-15,90.87
2016-05-16,91.92
2016-05-17,67.44
2016-05-18,99.74
2016-05-19,83.2
2016-05-20,75.28
2016-05-21,66.97
2016-05-22,78.33
2016-05-23,100.13
2016-05-24,40.55
2016-05-25,82.76
2016-05-26,113.01
2016-05-27,231.94
2016-05-28,111.43
2016-05-29,3.46
2016-05-30,3.7
2016-05-31,27.61
2016-06-01,58.12
2016-06-02,81.56
2016-06-03,109.37
2016-06-04,118.21
2016-06-05,73.68
2016-06-06,102.8
2016-06-07,101.21
2016-06-08,69.08
2016-06-09,139.85
2016-06-10,120.93
2016-06-11,65.59
2016-06-12,70.45
2016-06-13,146.17
2016-06-14,32.15
2016-06-15,147.88
2016-06-16,67.25
2016-06-17,57.76
2016-06-18,63.23
2016-06-19,74.37
2016-06-20,103.27
2016-06-21,93.59
2016-06-22,0.0
2016-06-23,0.0
2016-06-24,0.0
2016-06-25,0.0
2016-06-26,0.0
2016-06-27,0.0
2016-06-28,0.0
2016-06-29,0.0
2016-06-30,0.0
2016-07-01,0.0
2016-07-02,0.0
2016-07-03,0.0
2016-07-04,0.0
2016-07-05,0.0
2016-07-06,0.0
2016-07-07,0.0
2016-07-08,0.0
2016-07-09,0.0
2016-07-10,0.0
2016-07-11,0.0
2016-07-12,0.0
2016-07-13,37.77
2016-07-14,44.43
2016-07-15,32.05
2016-07-16,22.12
2016-07-17,23.35
2016-07-18,69.02
2016-07-19,46.96
2016-07-20,63.43
2016-07-21,157.95
2016-07-22,115.78
2016-07-23,44.71
2016-07-24,45.11
2016-07-25,57.0
2016-07-26,54.63
2016-07-27,33.34
2016-07-28,29.36
2016-07-29,35.8
2016-07-30,19.85
2016-07-31,30.53
2016-08-01,21.79
2016-08-02,0.0
2016-08-03,30.94
2016-08-04,29.94
2016-08-05,29.33
2016-08-06,32.19
2016-08-07,0.0
2016-08-08,0.0
2016-08-09,0.0
2016-08-10,0.0
2016-08-11,17.83
2016-08-12,163.37
2016-08-13,27.09
2016-08-14,31.03
2016-08-15,32.44
2016-08-16,41.23
2016-08-17,42.85
2016-08-18,41.88
2016-08-19,45.32
2016-08-20,35.09
2016-08-21,0.0
2016-08-22,23.62
2016-08-23,31.71
2016-08-24,30.65
2016-08-25,27.88
2016-08-26,48.3
2016-08-27,31.66
2016-08-28,41.05
2016-08-29,153.08
2016-08-30,18.73
2016-08-31,0.0
2016-09-01,14.52
2016-09-02,26.0
2016-09-03,0.0
2016-09-04,0.0
2016-09-05,33.04
2016-09-06,31.34
2016-09-07,0.0
2016-09-08,0.0
2016-09-09,37.12
2016-09-10,33.19
2016-09-11,32.64
2016-09-12,35.4
2016-09-13,48.92
2016-09-14,32.01
2016-09-15,73.17
2016-09-16,0.0
2016-09-17,75.47
2016-09-18,63.22
2016-09-19,62.28
2016-09-20,146.21
2016-09-21,90.13
2016-09-22,43.91
2016-09-23,37.96
2016-09-24,52.02
2016-09-25,59.96
2016-09-26,65.44
2016-09-27,50.94
2016-09-28,74.64
2016-09-29,77.42
2016-09-30,61.99
2016-10-01,66.54
2016-10-02,46.7
2016-10-03,79.11
2016-10-04,112.56
2016-10-05,0.0
2016-10-06,130.81
2016-10-07,95.82
2016-10-08,96.77
2016-10-09,88.97
2016-10-10,68.82
2016-10-11,94.24
2016-10-12,240.11
2016-10-13,76.42
2016-10-14,37.99
2016-10-15,49.08
2016-10-16,57.29
2016-10-17,67.06
2016-10-18,63.34
2016-10-19,62.63
2016-10-20,71.62
2016-10-21,59.17
2016-10-22,50.29
2016-10-23,56.33
2016-10-24,56.43
2016-10-25,0.0
2016-10-26,0.0
2016-10-27,0.0
2016-10-28,433.28
2016-10-29,194.04
2016-10-30,182.17
2016-10-31,290.86
2016-11-01,302.15
2016-11-02,561.42
2016-11-03,522.1
2016-11-04,159.02
2016-11-05,446.49
2016-11-06,616.19
2016-11-07,405.74
2016-11-08,150.09
2016-11-09,291.49
2016-11-10,174.01
2016-11-11,269.34
2016-11-12,106.74
2016-11-13,72.49
2016-11-14,95.73
2016-11-15,126.71
2016-11-16,189.7
2016-11-17,112.77
2016-11-18,88.8
2016-11-19,131.18
2016-11-20,114.71
2016-11-21,145.24
2016-11-22,147.76
2016-11-23,143.25
2016-11-24,211.47
2016-11-25,144.36
2016-11-26,80.27
2016-11-27,80.99
2016-11-28,77.9
2016-11-29,209.2
2016-11-30,234.89
2016-12-01,199.76
2016-12-02,239.16
2016-12-03,0.0
2016-12-04,459.52
2016-12-05,252.46
2016-12-06,304.69
2016-12-07,346.74
2016-12-08,161.45
2016-12-09,228.9
2016-12-10,162.03
2016-12-11,139.54
2016-12-12,199.98
2016-12-13,188.7
2016-12-14,121.62
2016-12-15,116.09
2016-12-16,217.65
2016-12-17,228.15
2016-12-18,197.63
2016-12-19,216.69
2016-12-20,140.04
2016-12-21,91.71
2016-12-22,127.38
2016-12-23,324.42
2016-12-24,348.57
2016-12-25,207.85
2016-12-26,177.88
2016-12-27,247.81
2016-12-28,393.63
2016-12-29,307.44
2016-12-30,249.77
2016-12-31,203.77
2017-01-01,216.51
2017-01-02,349.97
2017-01-03,276.39
2017-01-04,343.01
2017-01-05,248.09
2017-01-06,229.34
2017-01-07,190.41
2017-01-08,179.39
2017-01-09,177.05
2017-01-10,192.79
2017-01-11,224.34
2017-01-12,287.49
2017-01-13,367.86
2017-01-14,428.88
2017-01-15,256.67
2017-01-16,223.16
2017-01-17,158.05
2017-01-18,251.06
2017-01-19,123.78
2017-01-20,137.01
2017-01-21,224.77
2017-01-22,217.2
2017-01-23,148.95
2017-01-24,243.66
2017-01-25,241.97
2017-01-26,0.0
2017-01-27,114.14
2017-01-28,104.16
2017-01-29,119.53
2017-01-30,177.67
2017-01-31,232.03
2017-02-01,168.39
2017-02-02,293.59
2017-02-03,289.36
2017-02-04,197.89
2017-02-05,157.03
2017-02-06,135.66
2017-02-07,118.32
2017-02-08,184.47
2017-02-09,196.09
2017-02-10,151.15
2017-02-11,156.03
2017-02-12,239.49
2017-02-13,182.88
2017-02-14,183.99
2017-02-15,151.33
2017-02-16,159.14
2017-02-17,115.48
2017-02-18,92.14
2017-02-19,120.21
2017-02-20,137.97
2017-02-21,85.41
2017-02-22,121.12
2017-02-23,91.23
2017-02-24,0.0
2017-02-25,85.23
2017-02-26,86.48
2017-02-27,127.67
2017-02-28,163.37
2017-03-01,122.11
2017-03-02,120.83
2017-03-03,82.44
2017-03-04,92.77
2017-03-05,73.25
2017-03-06,85.19
2017-03-07,131.31
2017-03-08,68.46
2017-03-09,67.09
2017-03-10,28.78
2017-03-11,50.16
2017-03-12,61.95
2017-03-13,72.08
2017-03-14,104.98
2017-03-15,65.48
2017-03-16,122.06
2017-03-17,80.97
2017-03-18,107.61
2017-03-19,139.89
2017-03-20,161.12
2017-03-21,117.85
2017-03-22,135.89
2017-03-23,160.37
2017-03-24,96.27
2017-03-25,23.44
2017-03-26,32.52
2017-03-27,54.93
2017-03-28,136.89
2017-03-29,151.9
2017-03-30,87.87
2017-03-31,89.33
2017-04-01,128.14
2017-04-02,91.59
2017-04-03,118.71
2017-04-04,107.34
2017-04-05,50.29
2017-04-06,108.87
2017-04-07,389.54
2017-04-08,83.21
2017-04-09,143.02
2017-04-10,177.17
2017-04-11,104.07
2017-04-12,113.49
2017-04-13,226.83
2017-04-14,215.31
2017-04-15,196.49
2017-04-16,179.5
2017-04-17,208.88
2017-04-18,292.02
2017-04-19,180.07
2017-04-20,193.39
2017-04-21,242.41
2017-04-22,368.79
2017-04-23,153.67
2017-04-24,129.93
2017-04-25,98.3
2017-04-26,89.69
2017-04-27,269.29
2017-04-28,174.87
2017-04-29,118.41
2017-04-30,62.45
2017-05-01,64.79
2017-05-02,113.6
2017-05-03,154.13
2017-05-04,217.14
2017-05-05,203.45
2017-05-06,181.36
2017-05-07,183.68
2017-05-08,158.7
2017-05-09,186.31
2017-05-10,192.79
2017-05-11,134.78
2017-05-12,310.69
2017-05-13,187.24
2017-05-14,387.02
2017-05-15,146.02
2017-05-16,237.12
2017-05-17,67.32
2017-05-18,0.0
2017-05-19,158.91
2017-05-20,173.26
2017-05-21,0.0
2017-05-22,236.59
2017-05-23,378.89
2017-05-24,156.33
2017-05-25,162.88
2017-05-26,479.2
2017-05-27,128.13
2017-05-28,78.72
2017-05-29,96.26
2017-05-30,188.04
2017-05-31,288.0
2017-06-01,106.44
2017-06-02,308.48
2017-06-03,92.71
2017-06-04,0.0
2017-06-05,115.7
2017-06-06,414.62
2017-06-07,454.16
2017-06-08,63.0
2017-06-09,341.49
2017-06-10,107.85
2017-06-11,322.88
2017-06-12,120.38
2017-06-13,98.73
2017-06-14,175.56
2017-06-15,468.59
2017-06-16,100.65
2017-06-17,81.12
2017-06-18,409.71
2017-06-19,454.35
2017-06-20,104.96
2017-06-21,159.35
2017-06-22,141.73
2017-06-23,196.21
2017-06-24,119.27
2017-06-25,167.63
2017-06-26,111.06
2017-06-27,205.23
2017-06-28,62.93
2017-06-29,40.01
2017-06-30,60.53
2017-07-01,76.66
2017-07-02,61.17
2017-07-03,69.17
2017-07-04,110.09
2017-07-05,359.63
2017-07-06,97.11
2017-07-07,455.38
2017-07-08,137.34
2017-07-09,821.42
2017-07-10,147.12
2017-07-11,382.31
2017-07-12,75.84
2017-07-13,65.39
2017-07-14,723.16
2017-07-15,0.0
2017-07-16,812.49
2017-07-17,445.85
2017-07-18,47.73
2017-07-19,55.35
2017-07-20,33.14
2017-07-21,42.9
2017-07-22,397.25
2017-07-23,22.36
2017-07-24,218.14
2017-07-25,25.41
2017-07-26,53.0
2017-07-27,84.4
2017-07-28,264.95
2017-07-29,124.17
2017-07-30,858.73
2017-07-31,38.04
2017-08-01,16.12
2017-08-02,28.56
2017-08-03,35.52
2017-08-04,46.25
2017-08-05,46.38
2017-08-06,41.5
2017-08-07,41.47
2017-08-08,41.47
2017-08-09,34.18
2017-08-10,47.05
2017-08-11,38.07
2017-08-12,31.51
2017-08-13,34.22
2017-08-14,40.09
2017-08-15,38.83
2017-08-16,42.61
2017-08-17,68.96
2017-08-18,73.17
2017-08-19,61.04
2017-08-20,41.14
2017-08-21,46.25
2017-08-22,66.42
2017-08-23,64.36
2017-08-24,67.82
2017-08-25,87.97
2017-08-26,111.01
2017-08-27,111.01
2017-08-28,6.42
2017-08-29,949.99
2017-08-30,643.71
2017-08-31,33.26
2017-09-01,34.03
2017-09-02,33.97
2017-09-03,33.95
2017-09-04,33.68
2017-09-05,33.98
2017-09-06,34.07
2017-09-07,33.86
2017-09-08,45.31
2017-09-09,67.28
2017-09-10,72.11
2017-09-11,79.97
2017-09-12,95.69
2017-09-13,78.62
2017-09-14,85.17
2017-09-15,61.76
2017-09-16,69.14
2017-09-17,62.94
2017-09-18,56.2
2017-09-19,51.96
2017-09-20,93.97
2017-09-21,76.48
2017-09-22,92.74
2017-09-23,105.73
2017-09-24,100.85
2017-09-25,87.25
2017-09-26,102.27
2017-09-27,83.13
2017-09-28,77.67
2017-09-29,90.11
2017-09-30,112.11
2017-10-01,113.12
2017-10-02,93.61
2017-10-03,90.15
2017-10-04,90.59
2017-10-05,79.04
2017-10-06,74.37
2017-10-07,91.11
2017-10-08,63.02
2017-10-09,80.75
2017-10-10,83.99
2017-10-11,83.88
2017-10-12,77.28
2017-10-13,78.47
2017-10-14,78.69
2017-10-15,80.94
2017-10-16,94.86
2017-10-17,107.62
2017-10-18,111.21
2017-10-19,132.57
2017-10-20,306.42
2017-10-21,170.0
2017-10-22,108.93
2017-10-23,113.66
2017-10-24,139.31
2017-10-25,157.36
2017-10-26,188.08
2017-10-27,155.83
2017-10-28,160.09
2017-10-29,163.11
2017-10-30,149.85
2017-10-31,186.54
2017-11-01,174.9
2017-11-02,157.43
2017-11-03,171.54
2017-11-04,171.96
2017-11-05,162.81
2017-11-06,168.65
2017-11-07,236.77
2017-11-08,447.72
2017-11-09,462.29
2017-11-10,373.47
2017-11-11,310.3
2017-11-12,364.24
2017-11-13,356.97
2017-11-14,212.05
2017-11-15,170.67
2017-11-16,194.09
2017-11-17,148.67
2017-11-18,173.23
2017-11-19,152.24
2017-11-20,169.05
2017-11-21,143.54
2017-11-22,137.73
2017-11-23,129.69
2017-11-24,176.81
2017-11-25,153.84
2017-11-26,173.98
2017-11-27,204.11
2017-11-28,205.04
2017-11-29,164.81
2017-11-30,159.09
2017-12-01,173.88
2017-12-02,180.22
2017-12-03,171.86
2017-12-04,198.58
2017-12-05,207.67
2017-12-06,115.57
2017-12-07,93.33
2017-12-08,103.25
2017-12-09,140.45
2017-12-10,193.87
2017-12-11,169.32
2017-12-12,85.9
2017-12-13,96.19
2017-12-14,70.83
2017-12-15,100.22
2017-12-16,93.97
2017-12-17,68.28
2017-12-18,84.54
2017-12-19,119.93
2017-12-20,169.07
2017-12-21,165.99
2017-12-22,118.41
2017-12-23,93.73
2017-12-24,173.0
2017-12-25,241.52
2017-12-26,132.76
2017-12-27,203.93
2017-12-28,237.11
2017-12-29,226.91
2017-12-30,199.61
2017-12-31,217.74
2018-01-01,329.12
2018-01-02,360.72
2018-01-03,230.85
2018-01-04,179.21
2018-01-05,240.06
2018-01-06,293.84
2018-01-07,181.67
2018-01-08,166.13
2018-01-09,238.69
2018-01-10,159.63
2018-01-11,129.14
2018-01-12,145.9
2018-01-13,191.49
2018-01-14,159.67
2018-01-15,172.6
2018-01-16,84.4
2018-01-17,204.16
2018-01-18,214.5
2018-01-19,229.15
2018-01-20,100.78
2018-01-21,108.46
2018-01-22,166.73
2018-01-23,190.04
2018-01-24,176.41
2018-01-25,123.09
2018-01-26,148.06
2018-01-27,177.59
2018-01-28,166.12
2018-01-29,200.38
2018-01-30,133.82
2018-01-31,138.5
2018-02-01,134.25
2018-02-02,162.5
2018-02-03,116.74
2018-02-04,125.94
2018-02-05,138.97
2018-02-06,145.36
2018-02-07,122.79
2018-02-08,162.47
2018-02-09,186.96
2018-02-10,160.71
2018-02-11,139.72
2018-02-12,91.94
2018-02-13,101.11
2018-02-14,106.08
2018-02-15,3.42
2018-02-16,145.17
2018-02-17,149.51
2018-02-18,187.13
2018-02-19,206.73
2018-02-20,0.0
2018-02-21,0.0
2018-02-22,0.0
2018-02-23,0.0
2018-02-24,0.0
2018-02-25,0.0
2018-02-26,0.0
2018-02-27,0.0
2018-02-28,0.0
2018-03-01,109.26
2018-03-02,102.12
2018-03-03,93.67
2018-03-04,75.85
2018-03-05,73.09
2018-03-06,63.42
2018-03-07,53.53
2018-03-08,65.2
2018-03-09,109.0
2018-03-10,63.36
2018-03-11,61.22
2018-03-12,76.06
2018-03-13,75.25
2018-03-14,62.68
2018-03-15,68.85
2018-03-16,81.59
2018-03-17,78.71
2018-03-18,72.49
2018-03-19,67.09
2018-03-20,90.64
2018-03-21,92.37
2018-03-22,81.66
2018-03-23,63.59
2018-03-24,76.62
2018-03-25,68.55
2018-03-26,87.43
2018-03-27,81.94
2018-03-28,88.11
2018-03-29,85.46
2018-03-30,84.54
2018-03-31,94.97
2018-04-01,100.59
2018-04-02,58.41
2018-04-03,85.98
2018-04-04,97.55
2018-04-05,119.78
2018-04-06,73.01
2018-04-07,87.35
2018-04-08,58.59
2018-04-09,43.74
2018-04-10,83.55
2018-04-11,40.73
2018-04-12,20.24
2018-04-13,10.0
2018-04-14,59.32
2018-04-15,125.49
2018-04-16,198.61
2018-04-17,159.44
2018-04-18,0.0
2018-04-19,0.0
2018-04-20,0.0
2018-04-21,10.9
2018-04-22,40.76
2018-04-23,60.44
2018-04-24,76.49
2018-04-25,79.18
2018-04-26,59.79
2018-04-27,32.02
2018-04-28,0.0
2018-04-29,0.0
2018-04-30,83.6
2018-05-01,57.47
2018-05-02,59.63
2018-05-03,42.96
2018-05-04,38.57
2018-05-05,65.96
2018-05-06,110.32
2018-05-07,118.2
2018-05-08,94.7
2018-05-09,81.48
2018-05-10,95.96
2018-05-11,146.92
2018-05-12,173.13
2018-05-13,143.86
2018-05-14,64.77
2018-05-15,80.06
2018-05-16,139.53
2018-05-17,141.26
2018-05-18,108.65
2018-05-19,125.5
2018-05-20,86.98
2018-05-21,92.98
2018-05-22,106.83
2018-05-23,163.89
2018-05-24,132.65
2018-05-25,127.06
2018-05-26,110.31
2018-05-27,154.28
2018-05-28,130.49
2018-05-29,154.59
2018-05-30,115.04
2018-05-31,98.26
2018-06-01,110.07
2018-06-02,75.9
2018-06-03,65.38
2018-06-04,82.98
2018-06-05,69.94
2018-06-06,75.87
2018-06-07,76.26
2018-06-08,89.34
2018-06-09,93.2
2018-06-10,50.85
2018-06-11,85.68
2018-06-12,252.23
2018-06-13,551.86
2018-06-14,479.75
2018-06-15,376.76
2018-06-16,230.26
2018-06-17,219.43
2018-06-18,141.54
2018-06-19,119.39
2018-06-20,173.6
2018-06-21,251.28
2018-06-22,153.17
2018-06-23,171.14
2018-06-24,84.28
2018-06-25,121.95
2018-06-26,77.99
2018-06-27,44.56
2018-06-28,59.65
2018-06-29,40.69
2018-06-30,37.45
2018-07-01,37.7
2018-07-02,43.68
2018-07-03,47.39
2018-07-04,54.79
2018-07-05,60.75
2018-07-06,70.27
2018-07-07,66.14
2018-07-08,79.13
2018-07-09,113.08
2018-07-10,58.97
2018-07-11,57.75
2018-07-12,70.54
2018-07-13,43.08
2018-07-14,34.01
2018-07-15,30.95
2018-07-16,54.23
2018-07-17,56.42
2018-07-18,61.74
2018-07-19,53.97
2018-07-20,63.78
2018-07-21,61.81
2018-07-22,35.71
2018-07-23,46.01
2018-07-24,70.47
2018-07-25,55.24
2018-07-26,47.38
2018-07-27,24.77
2018-07-28,31.09
2018-07-29,53.09
2018-07-30,63.41
2018-07-31,67.55
2018-08-01,77.4
2018-08-02,126.74
2018-08-03,120.1
2018-08-04,171.29
2018-08-05,155.55
2018-08-06,69.07
2018-08-07,62.79
2018-08-08,47.14
2018-08-09,43.7
2018-08-10,59.37
2018-08-11,56.05
2018-08-12,67.48
2018-08-13,69.78
2018-08-14,71.72
2018-08-15,76.99
2018-08-16,49.45
2018-08-17,43.04
2018-08-18,45.82
2018-08-19,53.09
2018-08-20,90.54
2018-08-21,54.44
2018-08-22,49.61
2018-08-23,44.46
2018-08-24,46.65
2018-08-25,47.6
2018-08-26,43.06
2018-08-27,37.73
2018-08-28,46.43
2018-08-29,31.39
2018-08-30,51.98
2018-08-31,74.94
2018-09-01,48.51
2018-09-02,48.03
2018-09-03,36.14
2018-09-04,48.54
2018-09-05,58.0
2018-09-06,68.13
2018-09-07,28.75
2018-09-08,27.69
2018-09-09,19.99
2018-09-10,29.08
2018-09-11,35.14
2018-09-12,39.06
2018-09-13,42.36
2018-09-14,44.35
2018-09-15,0.0
2018-09-16,0.0
2018-09-17,85.41
2018-09-18,226.56
2018-09-19,108.71
2018-09-20,226.92
2018-09-21,42.58
2018-09-22,44.86
2018-09-23,60.29
2018-09-24,34.16
2018-09-25,54.14
2018-09-26,46.65
2018-09-27,93.9
2018-09-28,122.28
2018-09-29,138.86
2018-09-30,81.18
2018-10-01,73.69
2018-10-02,94.13
2018-10-03,79.82
2018-10-04,109.59
2018-10-05,157.04
2018-10-06,117.02
2018-10-07,109.68
2018-10-08,139.15
2018-10-09,136.28
2018-10-10,96.1
2018-10-11,110.19
2018-10-12,134.13
2018-10-13,133.97
2018-10-14,134.47
2018-10-15,121.49
2018-10-16,112.43
2018-10-17,147.66
2018-10-18,162.48
2018-10-19,159.55
2018-10-20,192.38
2018-10-21,233.09
2018-10-22,126.27
2018-10-23,147.67
2018-10-24,176.23
2018-10-25,200.56
2018-10-26,227.62
2018-10-27,222.63
2018-10-28,244.57
2018-10-29,231.84
2018-10-30,271.91
2018-10-31,246.16
2018-11-01,236.55
2018-11-02,218.31
2018-11-03,178.76
2018-11-04,112.17
2018-11-05,279.25
2018-11-06,161.84
2018-11-07,122.69
2018-11-08,274.14
2018-11-09,254.56
2018-11-10,234.57
2018-11-11,186.09
2018-11-12,163.74
2018-11-13,198.94
2018-11-14,115.37
2018-11-15,99.24
2018-11-16,134.26
2018-11-17,123.66
2018-11-18,124.15
2018-11-19,147.1
2018-11-20,190.98
2018-11-21,194.91
2018-11-22,121.51
2018-11-23,159.05
2018-11-24,96.86
2018-11-25,125.26
2018-11-26,163.8
2018-11-27,149.7
2018-11-28,133.58
2018-11-29,148.85
2018-11-30,140.45
2018-12-01,119.25
2018-12-02,81.43
2018-12-03,113.31
2018-12-04,147.68
2018-12-05,144.35
2018-12-06,174.45
2018-12-07,191.18
2018-12-08,163.91
2018-12-09,161.45
2018-12-10,178.2
2018-12-11,230.83
2018-12-12,176.72
2018-12-13,87.31
2018-12-14,79.02
2018-12-15,83.98
2018-12-16,67.26
2018-12-17,94.16
2018-12-18,102.5
2018-12-19,105.02
2018-12-20,133.58
2018-12-21,112.7
2018-12-22,101.21
2018-12-23,128.34
2018-12-24,155.15
2018-12-25,177.18
2018-12-26,156.46
2018-12-27,166.81
2018-12-28,194.52
2018-12-29,197.45
2018-12-30,304.47
2018-12-31,309.14
2019-01-01,296.93
2019-01-02,305.58
2019-01-03,314.48
2019-01-04,189.0
2019-01-05,218.77
2019-01-06,127.51
2019-01-07,127.98
2019-01-08,121.68
2019-01-09,100.59
2019-01-10,91.83
2019-01-11,179.83
2019-01-12,182.46
2019-01-13,175.61
2019-01-14,69.18
2019-01-15,83.4
2019-01-16,163.92
2019-01-17,237.94
2019-01-18,176.96
2019-01-19,178.96
2019-01-20,136.27
2019-01-21,101.19
2019-01-22,51.48
2019-01-23,105.71
2019-01-24,114.82
2019-01-25,58.17
2019-01-26,82.66
2019-01-27,97.78
2019-01-28,97.11
2019-01-29,80.94
2019-01-30,125.78
2019-01-31,129.19
2019-02-01,121.31
2019-02-02,117.86
2019-02-03,79.97
2019-02-04,90.9
2019-02-05,112.5
2019-02-06,98.51
2019-02-07,57.85
2019-02-08,55.96
2019-02-09,49.02
2019-02-10,98.01
2019-02-11,132.14
2019-02-12,144.74
2019-02-13,158.5
2019-02-14,112.92
2019-02-15,78.9
2019-02-16,80.01
2019-02-17,58.47
2019-02-18,88.93
2019-02-19,76.86
2019-02-20,73.53
2019-02-21,48.94
2019-02-22,49.22
2019-02-23,36.87
2019-02-24,51.22
2019-02-25,78.68
2019-02-26,41.41
2019-02-27,36.88
2019-02-28,55.34
2019-03-01,66.43
2019-03-02,73.98
2019-03-03,31.97
2019-03-04,63.58
2019-03-05,39.9
2019-03-06,51.93
2019-03-07,74.89
2019-03-08,66.24
2019-03-09,65.44
2019-03-10,45.61
2019-03-11,63.7
2019-03-12,59.86
2019-03-13,75.29
2019-03-14,93.38
2019-03-15,52.58
2019-03-16,59.13
2019-03-17,63.26
2019-03-18,74.62
2019-03-19,90.27
2019-03-20,82.34
2019-03-21,114.87
2019-03-22,43.44
2019-03-23,52.37
2019-03-24,43.6
2019-03-25,49.62
2019-03-26,58.85
2019-03-27,60.18
2019-03-28,86.86
2019-03-29,98.42
2019-03-30,104.25
2019-03-31,62.86
2019-04-01,45.22
2019-04-02,76.87
2019-04-03,78.55
2019-04-04,100.22
2019-04-05,120.41
2019-04-06,106.43
2019-04-07,164.12
2019-04-08,121.22
2019-04-09,92.34
2019-04-10,99.71
2019-04-11,82.16
2019-04-12,79.95
2019-04-13,59.13
2019-04-14,57.02
2019-04-15,65.08
2019-04-16,98.06
2019-04-17,25.61
2019-04-18,31.04
2019-04-19,72.14
2019-04-20,66.43
2019-04-21,78.12
2019-04-22,94.78
2019-04-23,98.54
2019-04-24,104.05
2019-04-25,103.59
2019-04-26,93.68
2019-04-27,95.22
2019-04-28,106.0
2019-04-29,111.49
2019-04-30,120.11
2019-05-01,139.89
2019-05-02,115.75
2019-05-03,62.53
2019-05-04,83.48
2019-05-05,98.84
2019-05-06,111.45
2019-05-07,142.31
2019-05-08,134.8
2019-05-09,147.45
2019-05-10,107.65
2019-05-11,107.3
2019-05-12,228.22
2019-05-13,140.51
2019-05-14,59.71
2019-05-15,79.01
2019-05-16,90.77
2019-05-17,94.42
2019-05-18,45.53
2019-05-19,71.07
2019-05-20,103.4
2019-05-21,85.19
2019-05-22,79.2
2019-05-23,89.14
2019-05-24,49.57
2019-05-25,48.27
2019-05-26,61.49
2019-05-27,70.89
2019-05-28,72.5
2019-05-29,80.45
2019-05-30,123.0
2019-05-31,124.14
2019-06-01,119.06
2019-06-02,92.63
2019-06-03,102.4
2019-06-04,82.26
2019-06-05,97.05
2019-06-06,111.57
2019-06-07,74.03
2019-06-08,77.37
2019-06-09,116.43
2019-06-10,119.32
2019-06-11,224.58
2019-06-12,104.68
2019-06-13,70.6
2019-06-14,65.3
2019-06-15,83.99
2019-06-16,58.55
2019-06-17,44.04
2019-06-18,42.37
2019-06-19,72.25
2019-06-20,45.75
2019-06-21,79.0
2019-06-22,66.3
2019-06-23,54.89
2019-06-24,30.48
2019-06-25,47.46
2019-06-26,66.91
2019-06-27,81.9
2019-06-28,72.48
2019-06-29,78.64
2019-06-30,85.29
2019-07-01,66.52
2019-07-02,93.12
2019-07-03,48.85
2019-07-04,37.9
2019-07-05,41.09
2019-07-06,39.12
2019-07-07,45.29
2019-07-08,57.24
2019-07-09,60.89
2019-07-10,81.39
2019-07-11,101.83
2019-07-12,92.47
2019-07-13,85.36
2019-07-14,99.31
2019-07-15,63.38
2019-07-16,47.43
2019-07-17,31.41
2019-07-18,30.89
2019-07-19,68.38
2019-07-20,45.04
2019-07-21,44.74
2019-07-22,47.85
2019-07-23,42.36
2019-07-24,54.71
2019-07-25,26.59
2019-07-26,37.1
2019-07-27,26.58
2019-07-28,16.85
2019-07-29,22.51
2019-07-30,24.52
2019-07-31,28.42
2019-08-01,33.71
2019-08-02,32.03
2019-08-03,33.8
2019-08-04,50.36
2019-08-05,46.78
2019-08-06,25.31
2019-08-07,22.4
2019-08-08,20.7
2019-08-09,26.31
2019-08-10,21.99
2019-08-11,16.25
2019-08-12,30.32
2019-08-13,21.54
2019-08-14,24.24
2019-08-15,22.15
2019-08-16,14.18
2019-08-17,39.18
2019-08-18,20.51
2019-08-19,38.02
2019-08-20,46.61
2019-08-21,52.07
2019-08-22,46.94
2019-08-23,62.81
2019-08-24,63.79
2019-08-25,36.17
2019-08-26,26.29
2019-08-27,29.99
2019-08-28,35.45
2019-08-29,37.09
2019-08-30,37.16
2019-08-31,48.42
2019-09-01,28.57
2019-09-02,42.78
2019-09-03,76.15
2019-09-04,76.65
2019-09-05,30.99
2019-09-06,32.93
2019-09-07,29.49
2019-09-08,30.78
2019-09-09,51.34
2019-09-10,75.84
2019-09-11,80.6
2019-09-12,65.41
2019-09-13,34.04
2019-09-14,26.72
2019-09-15,30.04
2019-09-16,47.23
2019-09-17,58.53
2019-09-18,37.12
2019-09-19,22.7
2019-09-20,33.35
2019-09-21,33.01
2019-09-22,14.92
2019-09-23,25.25
2019-09-24,32.94
2019-09-25,32.22
2019-09-26,29.44
2019-09-27,14.65
2019-09-28,16.17
2019-09-29,14.56
2019-09-30,23.99
2019-10-01,33.82
2019-10-02,38.05
2019-10-03,51.55
2019-10-04,37.82
2019-10-05,32.53
2019-10-06,47.85
2019-10-07,50.21
2019-10-08,38.26
2019-10-09,70.44
2019-10-10,83.57
2019-10-11,83.09
2019-10-12,79.53
2019-10-13,98.05
2019-10-14,102.26
2019-10-15,109.04
2019-10-16,137.78
2019-10-17,114.03
2019-10-18,107.55
2019-10-19,72.1
2019-10-20,92.64
2019-10-21,109.34
2019-10-22,92.44
2019-10-23,108.48
2019-10-24,151.69
2019-10-25,117.64
2019-10-26,118.89
2019-10-27,170.87
2019-10-28,258.67
2019-10-29,217.34
2019-10-30,216.4
2019-10-31,231.37
2019-11-01,394.28
2019-11-02,314.82
2019-11-03,473.51
2019-11-04,219.51
2019-11-05,152.59
2019-11-06,93.32
2019-11-07,160.41
2019-11-08,157.05
2019-11-09,128.98
2019-11-10,157.5
2019-11-11,210.54
2019-11-12,350.49
2019-11-13,388.11
2019-11-14,361.14
2019-11-15,435.04
2019-11-16,171.39
2019-11-17,69.43
2019-11-18,70.95
2019-11-19,86.86
2019-11-20,118.97
2019-11-21,155.84
2019-11-22,164.7
2019-11-23,115.05
2019-11-24,105.21
2019-11-25,102.12
2019-11-26,99.75
2019-11-27,61.45
2019-11-28,33.78
2019-11-29,44.89
2019-11-30,60.83
2019-12-01,76.17
2019-12-02,97.16
2019-12-03,112.58
2019-12-04,125.0
2019-12-05,198.13
2019-12-06,222.5
2019-12-07,208.98
2019-12-08,205.7
2019-12-09,173.25
2019-12-10,192.51
2019-12-11,228.57
2019-12-12,223.29
2019-12-13,65.04
2019-12-14,59.76
2019-12-15,76.17
2019-12-16,63.2
2019-12-17,65.24
2019-12-18,93.92
2019-12-19,168.88
2019-12-20,188.91
2019-12-21,164.47
2019-12-22,99.82
2019-12-23,113.74
2019-12-24,186.27
2019-12-25,109.59
2019-12-26,152.56
2019-12-27,161.19
2019-12-28,203.81
2019-12-29,260.02
2019-12-30,201.74
2019-12-31,175.66
2020-01-01,296.06
2020-01-02,271.49
2020-01-03,183.81
2020-01-04,152.96
2020-01-05,144.74
2020-01-06,133.68
2020-01-07,89.97
2020-01-08,88.95
2020-01-09,66.14
2020-01-10,89.87
2020-01-11,108.44
2020-01-12,151.11
2020-01-13,161.63
2020-01-14,75.89
2020-01-15,90.38
2020-01-16,117.82
2020-01-17,79.88
2020-01-18,93.89
2020-01-19,92.62
2020-01-20,85.13
2020-01-21,131.03
2020-01-22,130.93
2020-01-23,56.38
2020-01-24,51.22
2020-01-25,84.59
2020-01-26,132.02
2020-01-27,117.46
2020-01-28,93.01
2020-01-29,47.0
2020-01-30,63.71
2020-01-31,62.07
2020-02-01,79.58
2020-02-02,71.37
2020-02-03,87.41
2020-02-04,100.75
2020-02-05,118.41
2020-02-06,79.42
2020-02-07,120.12
2020-02-08,104.96
2020-02-09,105.04
2020-02-10,130.89
2020-02-11,145.57
2020-02-12,130.82
2020-02-13,63.78
2020-02-14,64.17
2020-02-15,50.24
2020-02-16,93.15
2020-02-17,105.65
2020-02-18,69.82
2020-02-19,83.56
2020-02-20,85.97
2020-02-21,49.47
2020-02-22,59.08
2020-02-23,95.42
2020-02-24,66.85
2020-02-25,92.36
2020-02-26,108.36
2020-02-27,86.84
2020-02-28,71.0
2020-02-29,55.87
2020-03-01,24.29
2020-03-02,73.57
2020-03-03,80.0
2020-03-04,71.23
2020-03-05,32.0
2020-03-06,19.52
2020-03-07,35.82
2020-03-08,56.58
2020-03-09,62.38
2020-03-10,75.88
2020-03-11,52.61
2020-03-12,50.17
2020-03-13,60.57
2020-03-14,43.92
2020-03-15,57.48
2020-03-16,73.26
2020-03-17,76.84
2020-03-18,84.93
2020-03-19,80.27
2020-03-20,85.31
2020-03-21,58.09
2020-03-22,85.87
2020-03-23,51.38
2020-03-24,61.21
2020-03-25,31.83
2020-03-26,31.27
2020-03-27,20.82
2020-03-28,17.59
2020-03-29,23.65
2020-03-30,32.0
2020-03-31,30.71
2020-04-01,27.84
2020-04-02,28.93
2020-04-03,27.11
2020-04-04,34.18
2020-04-05,49.7
2020-04-06,52.7
2020-04-07,31.8
2020-04-08,28.04
2020-04-09,31.68
2020-04-10,49.34
2020-04-11,51.41
2020-04-12,32.16
2020-04-13,53.33
2020-04-14,51.22
2020-04-15,59.01
2020-04-16,62.75
2020-04-17,28.23
2020-04-18,26.84
2020-04-19,30.21
2020-04-20,48.86
2020-04-21,33.79
2020-04-22,49.59
2020-04-23,51.55
2020-04-24,56.54
2020-04-25,26.55
2020-04-26,49.26
2020-04-27,25.94
2020-04-28,34.2
2020-04-29,58.64
2020-04-30,62.21
2020-05-01,62.55
2020-05-02,41.11
2020-05-03,39.62
2020-05-04,23.7
2020-05-05,55.54
2020-05-06,48.01
2020-05-07,40.41
2020-05-08,56.55
2020-05-09,63.16
2020-05-10,51.33
2020-05-11,43.34
2020-05-12,46.22
2020-05-13,63.71
2020-05-14,51.25
2020-05-15,44.84
2020-05-16,69.14
2020-05-17,70.96
2020-05-18,59.29
2020-05-19,74.62
2020-05-20,67.08
2020-05-21,51.41
2020-05-22,62.53
2020-05-23,65.12
2020-05-24,56.3
2020-05-25,60.53
2020-05-26,56.62
2020-05-27,68.78
2020-05-28,75.32
2020-05-29,32.39
2020-05-30,26.35
2020-05-31,27.67
2020-06-01,36.12
2020-06-02,46.04
2020-06-03,46.92
2020-06-04,58.03
2020-06-05,39.79
2020-06-06,43.29
2020-06-07,48.67
2020-06-08,47.11
2020-06-09,65.0
2020-06-10,50.5
2020-06-11,46.61
2020-06-12,72.62
2020-06-13,61.48
2020-06-14,73.88
2020-06-15,54.15
2020-06-16,49.75
2020-06-17,45.21
2020-06-18,46.26
2020-06-19,65.61
2020-06-20,49.08
2020-06-21,49.1
2020-06-22,48.62
2020-06-23,39.63
2020-06-24,43.35
2020-06-25,42.64
2020-06-26,56.56
2020-06-27,47.82
2020-06-28,64.72
2020-06-29,46.89
2020-06-30,47.27
2020-07-01,61.64
2019-02-16,124.77
2019-02-17,50.82
2019-02-18,58.31
2019-02-19,59.88
2019-02-20,55.61
2019-02-21,83.66
2019-02-22,141.8
2019-02-23,133.26
2019-02-24,69.9
2019-02-25,129.88
2019-02-26,94.29
2019-02-27,60.89
2019-02-28,62.0
2019-03-01,69.01
2019-03-02,89.55
2019-03-03,106.89
2019-03-04,97.6
2019-03-05,68.21
2019-03-06,63.29
2019-03-07,74.81
2019-03-08,104.14
2019-03-09,116.75
2019-03-10,124.9
2019-03-11,124.94
2019-03-12,123.34
2019-03-13,100.41
2019-03-14,138.45
2019-03-15,138.03
2019-03-16,131.69
2019-03-17,105.33
2019-03-18,153.22
2019-03-19,91.58
2019-03-20,66.5
2019-03-21,73.33
2019-03-22,53.17
2019-03-23,67.46
2019-03-24,70.83
2019-03-25,118.05
2019-03-26,119.32
2019-03-27,62.29
2019-03-28,79.69
2019-03-29,114.47
2019-03-30,140.62
2019-03-31,48.63
2019-04-01,35.72
2019-04-02,58.96
2019-04-03,23.13
2019-04-04,29.99
2019-04-05,25.78
2019-04-06,56.1
2019-04-07,43.93
2019-04-08,28.95
2019-04-09,30.06
2019-04-10,37.76
2019-04-11,66.63
2019-04-12,79.26
2019-04-13,85.8
2019-04-14,51.4
2019-04-15,47.34
2019-04-16,42.85
2019-04-17,87.16
2019-04-18,58.84
2019-04-19,58.98
2019-04-20,52.39
2019-04-21,36.8
2019-04-22,42.87
2019-04-23,56.03
2019-04-24,76.74
2019-04-25,96.66
2019-04-26,88.27
2019-04-27,57.55
2019-04-28,32.5
2019-04-29,24.68
2019-04-30,13.68
2019-05-01,9.62
2019-05-02,28.45
2019-05-03,21.9
2019-05-04,916.67
2019-05-05,59.86
2019-05-06,51.38
2019-05-07,40.8
2019-05-08,25.83
2019-05-09,27.82
2019-05-10,20.83
2019-05-11,23.05
2019-05-12,33.35
2019-05-13,65.01
2019-05-14,28.15
2019-05-15,19.79
2019-05-16,24.78
2019-05-17,22.83
2019-05-18,21.29
2019-05-19,43.79
2019-05-20,37.7
2019-05-21,31.53
2019-05-22,26.94
2019-05-23,13.59
2019-05-24,11.79
2019-05-25,18.92
2019-05-26,34.57
2019-05-27,27.48
2019-05-28,21.41
2019-05-29,43.72
2019-05-30,41.37
2019-05-31,26.04
2019-06-01,41.11
2019-06-02,60.98
2019-06-03,25.38
2019-06-04,12.52
2019-06-05,17.31
2019-06-06,30.62
2019-06-07,27.55
2019-06-08,12.76
2019-06-09,19.87
2019-06-10,20.31
2019-06-11,25.53
2019-06-12,36.68
2019-06-13,47.66
2019-06-14,17.68
2019-06-15,24.04
2019-06-16,25.93
2019-06-17,34.51
2019-06-18,33.51
2019-06-19,55.23
2019-06-20,40.38
2019-06-21,33.32
2019-06-22,27.98
2019-06-23,19.01
2019-06-24,23.66
2019-06-25,30.18
2019-06-26,18.59
2019-06-27,18.79
2019-06-28,29.61
2019-06-29,22.27
2019-06-30,32.27
2019-07-01,33.01
2019-07-02,13.73
2019-07-03,12.9
2019-07-04,15.47
2019-07-05,21.1
2019-07-06,7.74
2019-07-07,5.39
2019-07-08,10.63
2019-07-09,169.55
2019-07-10,85.38
2019-07-11,25.18
2019-07-12,23.66
2019-07-13,24.52
2019-07-14,21.91
2019-07-15,21.76
2019-07-16,80.31
2019-07-17,68.31
2019-07-18,41.72
2019-07-19,43.43
2019-07-20,26.73
2019-07-21,22.94
2019-07-22,59.28
2019-07-23,17.81
2019-07-24,19.41
2019-07-25,27.99
2019-07-26,59.27
2019-07-27,11.93
2019-07-28,24.95
2019-07-29,89.85
2019-07-30,68.67
2019-07-31,54.9
2019-08-01,40.56
2019-08-02,76.43
2019-08-03,59.08
2019-08-04,18.86
2019-08-05,79.19
2019-08-06,21.24
2019-08-07,11.86
2019-08-08,12.02
2019-08-09,49.04
2019-08-10,16.54
2019-08-11,26.59
2019-08-12,24.16
2019-08-13,14.9
2019-08-14,15.95
2019-08-15,19.03
2019-08-16,22.78
2019-08-17,30.14
2019-08-18,23.21
2019-08-19,19.03
2019-08-20,25.11
2019-08-21,26.75
2019-08-22,33.4
2019-08-23,23.87
2019-08-24,8.55
2019-08-25,11.11
2019-08-26,21.45
2019-08-27,23.45
2019-08-28,26.74
2019-08-29,20.83
2019-08-30,21.66
2019-08-31,14.39
2019-09-01,25.64
2019-09-02,30.97
2019-09-03,14.23
2019-09-04,17.61
2019-09-05,13.85
2019-09-06,12.24
2019-09-07,24.75
2019-09-08,25.82
2019-09-09,23.45
2019-09-10,22.01
2019-09-11,34.11
2019-09-12,24.0
2019-09-13,17.8
2019-09-14,23.58
2019-09-15,19.88
2019-09-16,22.61
2019-09-17,25.35
2019-09-18,23.6
2019-09-19,32.73
2019-09-20,37.23
2019-09-21,31.67
2019-09-22,33.58
2019-09-23,11.65
2019-09-24,11.83
2019-09-25,12.59
2019-09-26,27.75
2019-09-27,21.98
2019-09-28,23.77
2019-09-29,22.12
2019-09-30,20.06
2019-10-01,11.78
2019-10-02,19.97
2019-10-03,29.56
2019-10-04,30.94
2019-10-05,39.61
2019-10-06,57.59
2019-10-07,30.21
2019-10-08,12.8
2019-10-09,18.44
2019-10-10,20.81
2019-10-11,32.15
2019-10-12,41.46
2019-10-13,60.17
2019-10-14,51.01
2019-10-15,45.02
2019-10-16,45.33
2019-10-17,47.43
2019-10-18,52.61
2019-10-19,49.51
2019-10-20,46.36
2019-10-21,57.99
2019-10-22,84.13
2019-10-23,91.53
2019-10-24,55.9
2019-10-25,10.4
2019-10-26,5.85
2019-10-27,96.59
2019-10-28,199.86
2019-10-29,87.95
2019-10-30,45.98
2019-10-31,52.71
2019-11-01,38.53
2019-11-02,47.68
2019-11-03,50.28
2019-11-04,48.37
2019-11-05,51.29
2019-11-06,41.07
2019-11-07,53.17
2019-11-08,46.78
2019-11-09,46.15
2019-11-10,15.96
2019-11-11,25.98
2019-11-12,66.5
2019-11-13,49.33
2019-11-14,53.17
2019-11-15,64.61
2019-11-16,63.24
2019-11-17,84.99
2019-11-18,105.95
2019-11-19,101.7
2019-11-20,51.3
2019-11-21,69.59
2019-11-22,68.87
2019-11-23,84.51
2019-11-24,83.44
2019-11-25,84.86
2019-11-26,93.22
2019-11-27,73.44
2019-11-28,87.21
2019-11-29,96.93
2019-11-30,98.28
2019-12-01,77.08
2019-12-02,66.64
2019-12-03,86.17
2019-12-04,91.37
2019-12-05,78.66
2019-12-06,89.58
2019-12-07,86.47
2019-12-08,101.34
2019-12-09,112.06
2019-12-10,149.21
2019-12-11,118.52
2019-12-12,124.58
2019-12-13,106.59
2019-12-14,112.56
2019-12-15,121.98
2019-12-16,136.78
2019-12-17,103.64
2019-12-18,122.34
2019-12-19,152.47
2019-12-20,135.44
2019-12-21,107.19
2019-12-22,117.3
2019-12-23,159.75
2019-12-24,176.67
2019-12-25,210.84
2019-12-26,183.04
2019-12-27,113.44
2019-12-28,129.61
2019-12-29,155.36
2019-12-30,162.59
2019-12-31,162.27
2020-01-01,139.24
2020-01-02,58.98
2020-01-03,69.89
2020-01-04,89.1
2020-01-05,104.14
2020-01-06,88.81
2020-01-07,158.21
2020-01-08,151.85
2020-01-09,154.88
2020-01-10,159.1
2020-01-11,165.55
2020-01-12,148.21
2020-01-13,152.57
2020-01-14,186.62
2020-01-15,378.08
2020-01-16,169.6
2020-01-17,124.99
2020-01-18,149.32
2020-01-19,123.96
2020-01-20,79.32
2020-01-21,120.64
2020-01-22,138.17
2020-01-23,129.67
2020-01-24,176.98
2020-01-25,178.56
2020-01-26,157.34
2020-01-27,151.56
2020-01-28,0.0
2020-01-29,192.26
2020-01-30,155.4
2020-01-31,74.2
2020-02-01,123.8
2020-02-02,103.18
2020-02-03,121.97
2020-02-04,140.21
2020-02-05,155.07
2020-02-06,151.99
2020-02-07,139.27
2020-02-08,139.07
2020-02-09,108.07
2020-02-10,101.22
2020-02-11,111.71
2020-02-12,119.47
2020-02-13,133.75
2020-02-14,141.43
2020-02-15,165.06
2020-02-16,208.26
2020-02-17,203.07
2020-02-18,169.36
2020-02-19,90.78
2020-02-20,131.83
2020-02-21,111.05
2020-02-22,125.72
2020-02-23,118.97
2020-02-24,93.14
2020-02-25,72.51
2020-02-26,27.92
2020-02-27,47.51
2020-02-28,66.48
2020-02-29,84.06
2020-03-01,131.31
2020-03-02,95.07
2020-03-03,63.93
2020-03-04,36.86
2020-03-05,44.87
2020-03-06,58.74
2020-03-07,76.67
2020-03-08,62.83
2020-03-09,66.71
2020-03-10,97.15
2020-03-11,80.63
2020-03-12,95.35
2020-03-13,81.83
2020-03-14,96.15
2020-03-15,79.96
2020-03-16,65.69
2020-03-17,90.97
2020-03-18,101.22
2020-03-19,106.89
2020-03-20,104.24
2020-03-21,105.13
2020-03-22,107.87
2020-03-23,79.39
2020-03-24,78.14
2020-03-25,99.05
2020-03-26,101.46
2020-03-27,118.7
2020-03-28,105.32
2020-03-29,31.95
2020-03-30,38.98
2020-03-31,130.68
2020-04-01,133.0
2020-04-02,141.09
2020-04-03,103.88
2020-04-04,81.92
2020-04-05,75.94
2020-04-06,71.62
2020-04-07,83.89
2020-04-08,78.7
2020-04-09,58.36
2020-04-10,26.5
2020-04-11,57.4
2020-04-12,89.24
2020-04-13,101.75
2020-04-14,103.94
2020-04-15,93.12
2020-04-16,38.33
2020-04-17,19.16
2020-04-18,18.06
2020-04-19,35.6
2020-04-20,20.94
2020-04-21,15.84
2020-04-22,23.36
2020-04-23,26.52
2020-04-24,12.87
2020-04-25,13.02
2020-04-26,19.09
2020-04-27,28.02
2020-04-28,25.51
2020-04-29,25.33
2020-04-30,23.83
2020-05-01,23.15
2020-05-02,23.05
2020-05-03,18.78
2020-05-04,25.13
2020-05-05,26.98
2020-05-06,21.27
2020-05-07,23.78
2020-05-08,27.19
2020-05-09,23.76
2020-05-10,40.78
2020-05-11,47.0
2020-05-12,43.02
2020-05-13,25.6
2020-05-14,18.75
2020-05-15,18.7
2020-05-16,19.4
2020-05-17,16.33
2020-05-18,34.04
2020-05-19,49.08
2020-05-20,42.37
2020-05-21,9.98
2020-05-22,8.42
2020-05-23,13.18
2020-05-24,11.73
2020-05-25,17.99
2020-05-26,8.71
2020-05-27,8.77
2020-05-28,15.12
2020-05-29,15.95
2020-05-30,21.8
2020-05-31,28.03
2020-06-01,24.49
2020-06-02,23.06
2020-06-03,17.45
2020-06-04,10.8
2020-06-05,15.57
2020-06-06,12.45
2020-06-07,18.92
2020-06-08,28.74
2020-06-09,31.44
2020-06-10,36.84
2020-06-11,37.17
2020-06-12,15.44
2020-06-13,18.75
2020-06-14,17.75
2020-06-15,15.67
2020-06-16,16.03
2020-06-17,9.88
2020-06-18,5.6
2020-06-19,12.18
2020-06-20,24.36
2020-06-21,20.77
2020-06-22,19.46
2020-06-23,18.53
2020-06-24,21.36
2020-06-25,18.8
2020-06-26,16.6
2020-06-27,17.82
2020-06-28,18.95
2020-06-29,21.38
2020-06-30,20.32
2020-07-01,40.0
2015-01-04,0.0
2015-01-05,0.0
2015-01-06,0.0
2015-01-07,0.0
2015-01-08,0.0
2015-01-09,0.0
2015-01-10,0.0
2015-01-11,0.0
2015-01-12,0.0
2015-01-13,0.0
2015-01-14,0.0
2015-01-15,0.0
2015-01-16,0.0
2015-01-17,0.0
2015-01-18,0.0
2015-01-19,0.0
2015-01-20,0.0
2015-01-21,0.0
2015-01-22,0.0
2015-01-23,0.0
2015-01-24,0.0
2015-01-25,0.0
2015-01-26,0.0
2015-01-27,0.0
2015-01-28,0.0
2015-01-29,0.0
2015-01-30,0.0
2015-01-31,0.0
2015-02-01,0.0
2015-02-02,0.0
2015-02-03,0.0
2015-02-04,0.0
2015-02-05,0.0
2015-02-06,0.0
2015-02-07,0.0
2015-02-08,0.0
2015-02-09,0.0
2015-02-10,0.0
2015-02-11,0.0
2015-02-12,0.0
2015-02-13,0.0
2015-02-14,0.0
2015-02-15,0.0
2015-02-16,0.0
2015-02-17,0.0
2015-02-18,0.0
2015-02-19,0.0
2015-02-20,0.0
2015-02-21,0.0
2015-02-22,0.0
2015-02-23,0.0
2015-02-24,0.0
2015-02-25,0.0
2015-02-26,0.0
2015-02-27,0.0
2015-02-28,0.0
2015-03-01,0.0
2015-03-02,0.0
2015-03-03,0.0
2015-03-04,0.0
2015-03-05,0.0
2015-03-06,0.0
2015-03-07,0.0
2015-03-08,0.0
2015-03-09,0.0
2015-03-10,0.0
2015-03-11,0.0
2015-03-12,0.0
2015-03-13,0.0
2015-03-14,0.0
2015-03-15,0.0
2015-03-16,0.0
2015-03-17,0.0
2015-03-18,0.0
2015-03-19,0.0
2015-03-20,0.0
2015-03-21,0.0
2015-03-22,0.0
2015-03-23,0.0
2015-03-24,0.0
2015-03-25,0.0
2015-03-26,0.0
2015-03-27,0.0
2015-03-28,0.0
2015-03-29,0.0
2015-03-30,0.0
2015-03-31,47.03
2015-04-01,40.62
2015-04-02,0.0
2015-04-03,0.0
2015-04-04,0.0
2015-04-05,50.87
2015-04-06,83.0
2015-04-07,112.21
2015-04-08,38.67
2015-04-09,33.88
2015-04-10,30.88
2015-04-11,42.88
2015-04-12,26.38
2015-04-13,56.39
2015-04-14,158.32
2015-04-15,44.79
2015-04-16,30.21
2015-04-17,39.04
2015-04-18,76.0
2015-04-19,54.25
2015-04-20,41.38
2015-04-21,75.08
2015-04-22,39.71
2015-04-23,87.54
2015-04-24,39.38
2015-04-25,35.61
2015-04-26,0.0
2015-04-27,40.78
2015-04-28,46.62
2015-04-29,94.29
2015-04-30,53.79
2015-05-01,89.62
2015-05-02,49.38
2015-05-03,38.96
2015-05-04,45.0
2015-05-05,42.62
2015-05-06,43.29
2015-05-07,40.12
2015-05-08,56.88
2015-05-09,62.38
2015-05-10,54.08
2015-05-11,67.08
2015-05-12,40.88
2015-05-13,83.21
2015-05-14,40.58
2015-05-15,36.5
2015-05-16,41.67
2015-05-17,32.75
2015-05-18,42.96
2015-05-19,60.79
2015-05-20,53.67
2015-05-21,68.96
2015-05-22,66.38
2015-05-23,43.29
2015-05-24,44.79
2015-05-25,41.21
2015-05-26,54.12
2015-05-27,60.5
2015-05-28,45.38
2015-05-29,49.54
2015-05-30,48.12
2015-05-31,53.42
2015-06-01,237.79
2015-06-02,539.13
2015-06-03,49.54
2015-06-04,50.58
2015-06-05,43.62
2015-06-06,83.88
2015-06-07,43.12
2015-06-08,30.71
2015-06-09,25.79
2015-06-10,25.58
2015-06-11,26.0
2015-06-12,24.88
2015-06-13,29.33
2015-06-14,87.21
2015-06-15,25.07
2015-06-16,31.0
2015-06-17,26.38
2015-06-18,23.83
2015-06-19,26.92
2015-06-20,26.82
2015-06-21,23.67
2015-06-22,66.78
2015-06-23,14.75
2015-06-24,467.67
2015-06-25,22.75
2015-06-26,33.29
2015-06-27,39.62
2015-06-28,35.88
2015-06-29,45.88
2015-06-30,35.54
2015-07-01,26.29
2015-07-02,29.67
2015-07-03,37.0
2015-07-04,34.92
2015-07-05,29.54
2015-07-06,27.42
2015-07-07,31.38
2015-07-08,26.5
2015-07-09,24.42
2015-07-10,24.97
2015-07-11,24.71
2015-07-12,32.54
2015-07-13,32.46
2015-07-14,36.08
2015-07-15,30.78
2015-07-16,31.94
2015-07-17,23.75
2015-07-18,23.04
2015-07-19,24.17
2015-07-20,25.12
2015-07-21,25.77
2015-07-22,24.78
2015-07-23,22.92
2015-07-24,20.52
2015-07-25,20.58
2015-07-26,24.08
2015-07-27,22.61
2015-07-28,24.46
2015-07-29,28.17
2015-07-30,19.83
2015-07-31,19.33
2015-08-01,21.46
2015-08-02,28.96
2015-08-03,23.04
2015-08-04,26.33
2015-08-05,21.56
2015-08-06,24.75
2015-08-07,24.82
2015-08-08,25.79
2015-08-09,25.79
2015-08-10,24.96
2015-08-11,22.0
2015-08-12,17.79
2015-08-13,26.18
2015-08-14,28.33
2015-08-15,29.96
2015-08-16,30.67
2015-08-17,30.79
2015-08-18,34.23
2015-08-19,75.88
2015-08-20,107.98
2015-08-21,299.25
2015-08-22,108.69
2015-08-23,51.0
2015-08-24,65.69
2015-08-25,67.85
2015-08-26,32.6
2015-08-27,96.77
2015-08-28,102.47
2015-08-29,31.12
2015-08-30,30.12
2015-08-31,38.9
2015-09-01,53.65
2015-09-02,90.29
2015-09-03,96.48
2015-09-04,161.72
2015-09-05,114.41
2015-09-06,59.42
2015-09-07,48.83
2015-09-08,91.82
2015-09-09,35.56
2015-09-10,45.64
2015-09-11,60.88
2015-09-12,65.61
2015-09-13,60.02
2015-09-14,73.21
2015-09-15,83.87
2015-09-16,56.53
2015-09-17,33.03
2015-09-18,37.08
2015-09-19,95.29
2015-09-20,105.12
2015-09-21,86.36
2015-09-22,88.0
2015-09-23,110.77
2015-09-24,44.79
2015-09-25,63.99
2015-09-26,107.7
2015-09-27,64.93
2015-09-28,78.9
2015-09-29,69.88
2015-09-30,158.15
2015-10-01,120.75
2015-10-02,29.66
2015-10-03,36.56
2015-10-04,42.69
2015-10-05,75.04
2015-10-06,136.45
2015-10-07,150.93
2015-10-08,116.24
2015-10-09,137.28
2015-10-10,69.24
2015-10-11,45.98
2015-10-12,106.66
2015-10-13,58.05
2015-10-14,124.14
2015-10-15,192.41
2015-10-16,118.66
2015-10-17,155.84
2015-10-18,59.6
2015-10-19,65.35
2015-10-20,116.35
2015-10-21,84.18
2015-10-22,86.98
2015-10-23,73.34
2015-10-24,133.6
2015-10-25,103.01
2015-10-26,95.22
2015-10-27,122.14
2015-10-28,81.18
2015-10-29,252.47
2015-10-30,516.2
2015-10-31,270.21
2015-11-01,31.56
2015-11-02,54.91
2015-11-03,56.93
2015-11-04,40.67
2015-11-05,50.03
2015-11-06,89.59
2015-11-07,86.87
2015-11-08,51.21
2015-11-09,53.87
2015-11-10,67.45
2015-11-11,85.48
2015-11-12,88.14
2015-11-13,72.77
2015-11-14,61.82
2015-11-15,70.51
2015-11-16,69.02
2015-11-17,44.27
2015-11-18,46.31
2015-11-19,37.76
2015-11-20,30.44
2015-11-21,38.88
2015-11-22,70.96
2015-11-23,46.04
2015-11-24,40.59
2015-11-25,69.37
2015-11-26,91.06
2015-11-27,83.12
2015-11-28,81.22
2015-11-29,67.13
2015-11-30,45.49
2015-12-01,38.24
2015-12-02,29.53
2015-12-03,45.97
2015-12-04,57.22
2015-12-05,61.11
2015-12-06,61.38
2015-12-07,79.25
2015-12-08,72.74
2015-12-09,60.2
2015-12-10,49.53
2015-12-11,24.85
2015-12-12,42.92
2015-12-13,57.34
2015-12-14,30.53
2015-12-15,30.54
2015-12-16,33.68
2015-12-17,33.48
2015-12-18,36.17
2015-12-19,38.31
2015-12-20,45.87
2015-12-21,30.24
2015-12-22,59.23
2015-12-23,38.41
2015-12-24,60.86
2015-12-25,74.08
2015-12-26,79.9
2015-12-27,79.52
2015-12-28,65.91
2015-12-29,68.43
2015-12-30,83.76
2015-12-31,177.62
2016-01-01,232.83
2016-01-02,71.44
2016-01-03,66.92
2016-01-04,134.61
2016-01-05,80.83
2016-01-06,109.82
2016-01-07,66.19
2016-01-08,69.27
2016-01-09,97.2
2016-01-10,72.09
2016-01-11,71.44
2016-01-12,129.67
2016-01-13,103.44
2016-01-14,60.76
2016-01-15,56.01
2016-01-16,58.57
2016-01-17,54.12
2016-01-18,43.05
2016-01-19,50.38
2016-01-20,75.11
2016-01-21,62.65
2016-01-22,51.14
2016-01-23,66.16
2016-01-24,73.91
2016-01-25,69.02
2016-01-26,0.0
2016-01-27,58.2
2016-01-28,66.76
2016-01-29,60.79
2016-01-30,61.3
2016-01-31,77.8
2016-02-01,67.17
2016-02-02,58.73
2016-02-03,57.81
2016-02-04,103.27
2016-02-05,68.56
2016-02-06,61.7
2016-02-07,61.74
2016-02-08,69.72
2016-02-09,72.39
2016-02-10,62.0
2016-02-11,66.95
2016-02-12,61.41
2016-02-13,62.77
2016-02-14,58.29
2016-02-15,56.27
2016-02-16,37.03
2016-02-17,47.56
2016-02-18,45.02
2016-02-19,44.95
2016-02-20,173.37
2016-02-21,525.09
2016-02-22,353.58
2016-02-23,65.95
2016-02-24,50.22
2016-02-25,53.47
2016-02-26,48.65
2016-02-27,29.42
2016-02-28,36.27
2016-02-29,33.01
2016-03-01,38.91
2016-03-02,48.34
2016-03-03,50.06
2016-03-04,63.29
2016-03-05,65.76
2016-03-06,43.36
2016-03-07,38.93
2016-03-08,41.44
2016-03-09,50.81
2016-03-10,60.66
2016-03-11,63.93
2016-03-12,63.41
2016-03-13,57.96
2016-03-14,63.41
2016-03-15,48.22
2016-03-16,49.29
2016-03-17,45.8
2016-03-18,54.89
2016-03-19,52.53
2016-03-20,65.12
2016-03-21,56.19
2016-03-22,56.72
2016-03-23,77.4
2016-03-24,73.6
2016-03-25,73.9
2016-03-26,61.09
2016-03-27,69.37
2016-03-28,64.25
2016-03-29,58.28
2016-03-30,55.96
2016-03-31,43.84
2016-04-01,57.97
2016-04-02,56.44
2016-04-03,70.8
2016-04-04,53.75
2016-04-05,52.91
2016-04-06,50.6
2016-04-07,42.22
2016-04-08,31.46
2016-04-09,31.88
2016-04-10,28.04
2016-04-11,46.8
2016-04-12,48.99
2016-04-13,55.96
2016-04-14,66.47
2016-04-15,54.58
2016-04-16,70.92
2016-04-17,63.68
2016-04-18,51.86
2016-04-19,37.66
2016-04-20,45.0
2016-04-21,48.65
2016-04-22,41.99
2016-04-23,26.0
2016-04-24,0.0
2016-04-25,37.42
2016-04-26,56.86
2016-04-27,52.96
2016-04-28,44.3
2016-04-29,40.1
2016-04-30,33.33
2016-05-01,46.08
2016-05-02,37.28
2016-05-03,40.37
2016-05-04,30.1
2016-05-05,29.22
2016-05-06,60.88
2016-05-07,89.48
2016-05-08,40.12
2016-05-09,50.76
2016-05-10,30.45
2016-05-11,60.7
2016-05-12,51.09
2016-05-13,45.67
2016-05-14,46.24
2016-05-15,31.02
2016-05-16,28.39
2016-05-17,23.03
2016-05-18,29.65
2016-05-19,34.57
2016-05-20,29.56
2016-05-21,32.82
2016-05-22,34.45
2016-05-23,30.51
2016-05-24,31.95
2016-05-25,48.62
2016-05-26,42.25
2016-05-27,26.64
2016-05-28,25.43
2016-05-29,26.04
2016-05-30,29.5
2016-05-31,31.88
2016-06-01,39.88
2016-06-02,35.64
2016-06-03,39.59
2016-06-04,29.21
2016-06-05,36.13
2016-06-06,37.4
2016-06-07,40.65
2016-06-08,35.65
2016-06-09,34.02
2016-06-10,31.34
2016-06-11,29.75
2016-06-12,27.26
2016-06-13,63.07
2016-06-14,27.86
2016-06-15,363.14
2016-06-16,571.02
2016-06-17,41.17
2016-06-18,34.72
2016-06-19,34.07
2016-06-20,29.26
2016-06-21,33.96
2016-06-22,24.56
2016-06-23,22.38
2016-06-24,18.01
2016-06-25,21.54
2016-06-26,24.5
2016-06-27,20.94
2016-06-28,66.04
2016-06-29,20.5
2016-06-30,19.67
2016-07-01,22.42
2016-07-02,34.0
2016-07-03,34.0
2016-07-04,121.18
2016-07-05,21.64
2016-07-06,163.16
2016-07-07,30.92
2016-07-08,26.24
2016-07-09,22.79
2016-07-10,62.03
2016-07-11,357.85
2016-07-12,206.93
2016-07-13,9.92
2016-07-14,16.89
2016-07-15,20.57
2016-07-16,19.97
2016-07-17,22.85
2016-07-18,14.22
2016-07-19,8.95
2016-07-20,10.6
2016-07-21,13.04
2016-07-22,49.97
2016-07-23,11.62
2016-07-24,14.36
2016-07-25,13.15
2016-07-26,15.94
2016-07-27,52.59
2016-07-28,20.6
2016-07-29,16.93
2016-07-30,21.67
2016-07-31,10.64
2016-08-01,10.24
2016-08-02,6.01
2016-08-03,4.83
2016-08-04,6.41
2016-08-05,5.81
2016-08-06,7.29
2016-08-07,6.38
2016-08-08,9.67
2016-08-09,8.86
2016-08-10,9.41
2016-08-11,7.81
2016-08-12,9.77
2016-08-13,0.0
2016-08-14,0.0
2016-08-15,0.0
2016-08-16,0.0
2016-08-17,0.0
2016-08-18,0.0
2016-08-19,0.0
2016-08-20,0.0
2016-08-21,0.0
2016-08-22,0.0
2016-08-23,0.0
2016-08-24,0.0
2016-08-25,0.0
2016-08-26,0.0
2016-08-27,0.0
2016-08-28,0.0
2016-08-29,0.0
2016-08-30,0.0
2016-08-31,0.0
2016-09-01,10.46
2016-09-02,6.31
2016-09-03,10.4
2016-09-04,23.0
2016-09-05,15.46
2016-09-06,28.28
2016-09-07,37.15
2016-09-08,25.0
2016-09-09,35.34
2016-09-10,37.09
2016-09-11,24.59
2016-09-12,30.49
2016-09-13,23.2
2016-09-14,23.25
2016-09-15,15.79
2016-09-16,10.75
2016-09-17,9.5
2016-09-18,0.0
2016-09-19,7.12
2016-09-20,9.93
2016-09-21,17.82
2016-09-22,13.08
2016-09-23,7.0
2016-09-24,11.61
2016-09-25,21.28
2016-09-26,31.01
2016-09-27,33.84
2016-09-28,42.99
2016-09-29,39.5
2016-09-30,37.67
2016-10-01,16.68
2016-10-02,13.57
2016-10-03,12.72
2016-10-04,11.98
2016-10-05,9.83
2016-10-06,15.29
2016-10-07,15.45
2016-10-08,16.38
2016-10-09,12.88
2016-10-10,42.0
2016-10-11,0.0
2016-10-12,48.55
2016-10-13,50.52
2016-10-14,44.48
2016-10-15,45.06
2016-10-16,56.83
2016-10-17,54.95
2016-10-18,60.17
2016-10-19,58.85
2016-10-20,61.53
2016-10-21,59.04
2016-10-22,54.48
2016-10-23,0.0
2016-10-24,58.23
2016-10-25,64.18
2016-10-26,61.11
2016-10-27,64.35
2016-10-28,62.16
2016-10-29,73.11
2016-10-30,63.6
2016-10-31,58.15
2016-11-01,73.45
2016-11-02,64.93
2016-11-03,61.75
2016-11-04,65.1
2016-11-05,67.23
2016-11-06,65.76
2016-11-07,66.65
2016-11-08,60.51
2016-11-09,65.33
2016-11-10,71.55
2016-11-11,62.24
2016-11-12,61.83
2016-11-13,60.96
2016-11-14,61.46
2016-11-15,67.56
2016-11-16,59.73
2016-11-17,63.35
2016-11-18,61.71
2016-11-19,61.8
2016-11-20,61.0
2016-11-21,55.76
2016-11-22,60.32
2016-11-23,62.65
2016-11-24,64.38
2016-11-25,63.41
2016-11-26,52.96
2016-11-27,59.95
2016-11-28,63.92
2016-11-29,55.4
2016-11-30,58.98
2016-12-01,58.86
2016-12-02,61.32
2016-12-03,57.06
2016-12-04,59.44
2016-12-05,66.0
2016-12-06,65.98
2016-12-07,58.07
2016-12-08,60.69
2016-12-09,63.73
2016-12-10,61.83
2016-12-11,61.79
2016-12-12,48.86
2016-12-13,60.56
2016-12-14,44.66
2016-12-15,57.33
2016-12-16,64.61
2016-12-17,56.65
2016-12-18,54.74
2016-12-19,61.36
2016-12-20,60.03
2016-12-21,54.24
2016-12-22,58.12
2016-12-23,60.2
2016-12-24,60.28
2016-12-25,61.28
2016-12-26,53.5
2016-12-27,54.32
2016-12-28,62.67
2016-12-29,60.05
2016-12-30,61.49
2016-12-31,61.98
2017-01-01,61.25
2017-01-02,47.21
2017-01-03,65.45
2017-01-04,116.03
2017-01-05,96.21
2017-01-06,75.89
2017-01-07,63.83
2017-01-08,62.34
2017-01-09,51.67
2017-01-10,61.42
2017-01-11,82.34
2017-01-12,115.47
2017-01-13,108.41
2017-01-14,73.75
2017-01-15,81.72
2017-01-16,83.39
2017-01-17,64.14
2017-01-18,54.56
2017-01-19,67.09
2017-01-20,76.51
2017-01-21,69.51
2017-01-22,60.61
2017-01-23,83.79
2017-01-24,71.49
2017-01-25,76.94
2017-01-26,64.21
2017-01-27,56.14
2017-01-28,68.79
2017-01-29,85.73
2017-01-30,62.96
2017-01-31,54.98
2017-02-01,44.56
2017-02-02,52.36
2017-02-03,58.81
2017-02-04,68.29
2017-02-05,56.73
2017-02-06,64.14
2017-02-07,93.54
2017-02-08,83.13
2017-02-09,70.3
2017-02-10,64.97
2017-02-11,41.77
2017-02-12,39.67
2017-02-13,42.59
2017-02-14,62.32
2017-02-15,66.1
2017-02-16,85.12
2017-02-17,82.76
2017-02-18,75.46
2017-02-19,63.58
2017-02-20,57.61
2017-02-21,53.34
2017-02-22,65.52
2017-02-23,72.0
2017-02-24,68.68
2017-02-25,80.73
2017-02-26,64.09
2017-02-27,55.13
2017-02-28,69.06
2017-03-01,63.3
2017-03-02,57.86
2017-03-03,28.95
2017-03-04,32.73
2017-03-05,31.06
2017-03-06,42.16
2017-03-07,35.62
2017-03-08,45.6
2017-03-09,77.14
2017-03-10,30.97
2017-03-11,30.33
2017-03-12,43.8
2017-03-13,63.7
2017-03-14,50.64
2017-03-15,21.27
2017-03-16,27.44
2017-03-17,54.73
2017-03-18,67.57
2017-03-19,63.1
2017-03-20,52.04
2017-03-21,61.33
2017-03-22,60.92
2017-03-23,60.33
2017-03-24,54.59
2017-03-25,60.55
2017-03-26,62.45
2017-03-27,57.61
2017-03-28,51.42
2017-03-29,49.28
2017-03-30,47.02
2017-03-31,45.77
2017-04-01,44.15
2017-04-02,51.9
2017-04-03,50.37
2017-04-04,43.52
2017-04-05,47.15
2017-04-06,44.33
2017-04-07,48.68
2017-04-08,68.34
2017-04-09,77.56
2017-04-10,67.48
2017-04-11,77.94
2017-04-12,158.04
2017-04-13,59.32
2017-04-14,60.92
2017-04-15,57.68
2017-04-16,56.31
2017-04-17,68.97
2017-04-18,70.99
2017-04-19,57.04
2017-04-20,49.73
2017-04-21,45.5
2017-04-22,53.51
2017-04-23,58.3
2017-04-24,57.26
2017-04-25,55.63
2017-04-26,61.48
2017-04-27,63.36
2017-04-28,37.64
2017-04-29,27.39
2017-04-30,24.73
2017-05-01,24.54
2017-05-02,29.34
2017-05-03,37.31
2017-05-04,43.24
2017-05-05,40.48
2017-05-06,38.11
2017-05-07,29.4
2017-05-08,27.81
2017-05-09,32.95
2017-05-10,31.54
2017-05-11,30.22
2017-05-12,34.8
2017-05-13,36.41
2017-05-14,40.68
2017-05-15,35.14
2017-05-16,37.13
2017-05-17,37.23
2017-05-18,48.21
2017-05-19,45.73
2017-05-20,41.91
2017-05-21,35.78
2017-05-22,38.13
2017-05-23,49.56
2017-05-24,57.16
2017-05-25,39.09
2017-05-26,43.73
2017-05-27,26.99
2017-05-28,26.35
2017-05-29,19.02
2017-05-30,17.31
2017-05-31,11.35
2017-06-01,10.04
2017-06-02,13.75
2017-06-03,13.78
2017-06-04,14.36
2017-06-05,16.11
2017-06-06,17.77
2017-06-07,12.3
2017-06-08,11.78
2017-06-09,17.05
2017-06-10,7.84
2017-06-11,7.85
2017-06-12,5.56
2017-06-13,6.92
2017-06-14,19.65
2017-06-15,13.54
2017-06-16,9.71
2017-06-17,13.07
2017-06-18,12.88
2017-06-19,7.61
2017-06-20,7.38
2017-06-21,8.66
2017-06-22,11.4
2017-06-23,11.48
2017-06-24,10.85
2017-06-25,11.81
2017-06-26,11.79
2017-06-27,11.82
2017-06-28,8.84
2017-06-29,10.38
2017-06-30,13.08
2017-07-01,10.98
2017-07-02,9.75
2017-07-03,11.8
2017-07-04,15.53
2017-07-05,10.4
2017-07-06,14.66
2017-07-07,14.77
2017-07-08,18.19
2017-07-09,18.1
2017-07-10,15.0
2017-07-11,19.31
2017-07-12,14.29
2017-07-13,14.49
2017-07-14,13.9
2017-07-15,16.53
2017-07-16,10.24
2017-07-17,10.78
2017-07-18,8.48
2017-07-19,5.72
2017-07-20,6.54
2017-07-21,10.83
2017-07-22,13.37
2017-07-23,15.97
2017-07-24,15.62
2017-07-25,14.04
2017-07-26,16.55
2017-07-27,14.43
2017-07-28,12.62
2017-07-29,15.28
2017-07-30,17.5
2017-07-31,17.42
2017-08-01,16.85
2017-08-02,16.78
2017-08-03,11.79
2017-08-04,13.35
2017-08-05,20.34
2017-08-06,23.03
2017-08-07,26.22
2017-08-08,24.87
2017-08-09,20.47
2017-08-10,14.91
2017-08-11,17.76
2017-08-12,15.1
2017-08-13,17.08
2017-08-14,20.36
2017-08-15,16.4
2017-08-16,20.12
2017-08-17,21.77
2017-08-18,26.6
2017-08-19,17.35
2017-08-20,7.42
2017-08-21,10.89
2017-08-22,12.56
2017-08-23,15.41
2017-08-24,23.63
2017-08-25,13.53
2017-08-26,11.58
2017-08-27,13.1
2017-08-28,8.26
2017-08-29,6.57
2017-08-30,12.26
2017-08-31,14.63
2017-09-01,19.92
2017-09-02,24.42
2017-09-03,12.96
2017-09-04,17.26
2017-09-05,19.86
2017-09-06,29.32
2017-09-07,40.82
2017-09-08,32.63
2017-09-09,32.88
2017-09-10,18.58
2017-09-11,12.34
2017-09-12,10.33
2017-09-13,17.29
2017-09-14,10.44
2017-09-15,12.64
2017-09-16,10.27
2017-09-17,15.67
2017-09-18,9.17
2017-09-19,10.28
2017-09-20,9.76
2017-09-21,14.88
2017-09-22,20.5
2017-09-23,29.61
2017-09-24,42.0
2017-09-25,39.68
2017-09-26,45.69
2017-09-27,50.36
2017-09-28,45.9
2017-09-29,41.57
2017-09-30,41.26
2017-10-01,31.08
2017-10-02,24.6
2017-10-03,24.16
2017-10-04,49.75
2017-10-05,55.88
2017-10-06,28.48
2017-10-07,22.6
2017-10-08,32.08
2017-10-09,25.79
2017-10-10,28.04
2017-10-11,27.38
2017-10-12,41.74
2017-10-13,20.48
2017-10-14,33.32
2017-10-15,35.59
2017-10-16,81.29
2017-10-17,72.18
2017-10-18,69.53
2017-10-19,75.46
2017-10-20,78.69
2017-10-21,67.18
2017-10-22,65.39
2017-10-23,53.78
2017-10-24,63.35
2017-10-25,74.57
2017-10-26,66.55
2017-10-27,64.05
2017-10-28,71.27
2017-10-29,70.46
2017-10-30,0.0
2017-10-31,63.38
2017-11-01,68.21
2017-11-02,69.73
2017-11-03,66.51
2017-11-04,49.62
2017-11-05,32.45
2017-11-06,29.33
2017-11-07,34.96
2017-11-08,38.84
2017-11-09,39.57
2017-11-10,44.44
2017-11-11,61.84
2017-11-12,57.58
2017-11-13,55.36
2017-11-14,58.41
2017-11-15,51.08
2017-11-16,41.31
2017-11-17,37.72
2017-11-18,66.82
2017-11-19,36.53
2017-11-20,43.64
2017-11-21,44.65
2017-11-22,40.48
2017-11-23,96.83
2017-11-24,69.5
2017-11-25,70.91
2017-11-26,84.08
2017-11-27,73.25
2017-11-28,91.39
2017-11-29,66.49
2017-11-30,64.72
2017-12-01,70.03
2017-12-02,69.44
2017-12-03,70.83
2017-12-04,70.47
2017-12-05,58.07
2017-12-06,51.81
2017-12-07,69.33
2017-12-08,74.79
2017-12-09,67.7
2017-12-10,48.99
2017-12-11,55.7
2017-12-12,66.78
2017-12-13,69.33
2017-12-14,66.12
2017-12-15,68.48
2017-12-16,68.87
2017-12-17,71.38
2017-12-18,73.33
2017-12-19,59.35
2017-12-20,88.14
2017-12-21,74.94
2017-12-22,130.23
2017-12-23,82.05
2017-12-24,79.19
2017-12-25,76.47
2017-12-26,76.08
2017-12-27,63.18
2017-12-28,68.65
2017-12-29,112.35
2017-12-30,65.09
2017-12-31,68.45
2018-01-01,57.7
2018-01-02,68.55
2018-01-03,77.77
2018-01-04,79.18
2018-01-05,76.33
2018-01-06,73.15
2018-01-07,72.41
2018-01-08,72.66
2018-01-09,77.65
2018-01-10,74.08
2018-01-11,76.19
2018-01-12,74.76
2018-01-13,70.48
2018-01-14,72.38
2018-01-15,70.98
2018-01-16,65.1
2018-01-17,64.2
2018-01-18,65.86
2018-01-19,61.1
2018-01-20,64.18
2018-01-21,68.52
2018-01-22,72.01
2018-01-23,60.4
2018-01-24,67.07
2018-01-25,68.8
2018-01-26,66.84
2018-01-27,69.43
2018-01-28,68.84
2018-01-29,67.69
2018-01-30,59.46
2018-01-31,53.45
2018-02-01,50.88
2018-02-02,47.46
2018-02-03,43.48
2018-02-04,39.14
2018-02-05,41.79
2018-02-06,48.86
2018-02-07,56.76
2018-02-08,46.18
2018-02-09,50.05
2018-02-10,52.28
2018-02-11,50.55
2018-02-12,54.34
2018-02-13,46.38
2018-02-14,50.52
2018-02-15,52.88
2018-02-16,51.84
2018-02-17,49.86
2018-02-18,55.87
2018-02-19,46.22
2018-02-20,47.64
2018-02-21,54.76
2018-02-22,57.85
2018-02-23,56.99
2018-02-24,43.57
2018-02-25,43.37
2018-02-26,56.87
2018-02-27,57.66
2018-02-28,62.25
2018-03-01,54.84
2018-03-02,52.72
2018-03-03,51.59
2018-03-04,54.72
2018-03-05,47.44
2018-03-06,47.97
2018-03-07,50.78
2018-03-08,53.81
2018-03-09,57.28
2018-03-10,66.37
2018-03-11,53.02
2018-03-12,38.87
2018-03-13,39.69
2018-03-14,47.34
2018-03-15,47.88
2018-03-16,60.25
2018-03-17,51.0
2018-03-18,41.38
2018-03-19,48.07
2018-03-20,54.74
2018-03-21,57.87
2018-03-22,57.07
2018-03-23,56.64
2018-03-24,59.91
2018-03-25,71.4
2018-03-26,61.47
2018-03-27,59.53
2018-03-28,53.11
2018-03-29,62.27
2018-03-30,54.62
2018-03-31,50.15
2018-04-01,43.05
2018-04-02,37.91
2018-04-03,51.35
2018-04-04,44.94
2018-04-05,41.51
2018-04-06,46.87
2018-04-07,35.9
2018-04-08,30.27
2018-04-09,40.26
2018-04-10,35.54
2018-04-11,27.63
2018-04-12,31.58
2018-04-13,25.24
2018-04-14,23.05
2018-04-15,29.71
2018-04-16,45.86
2018-04-17,34.29
2018-04-18,37.19
2018-04-19,43.52
2018-04-20,42.38
2018-04-21,49.14
2018-04-22,42.97
2018-04-23,33.12
2018-04-24,33.09
2018-04-25,35.61
2018-04-26,38.11
2018-04-27,39.78
2018-04-28,39.85
2018-04-29,43.44
2018-04-30,44.84
2018-05-01,43.83
2018-05-02,36.08
2018-05-03,31.39
2018-05-04,19.59
2018-05-05,28.81
2018-05-06,31.91
2018-05-07,33.68
2018-05-08,43.05
2018-05-09,44.32
2018-05-10,33.83
2018-05-11,32.76
2018-05-12,33.05
2018-05-13,31.85
2018-05-14,29.86
2018-05-15,24.49
2018-05-16,41.89
2018-05-17,43.47
2018-05-18,37.31
2018-05-19,47.42
2018-05-20,38.59
2018-05-21,48.33
2018-05-22,42.68
2018-05-23,47.5
2018-05-24,36.41
2018-05-25,42.17
2018-05-26,23.65
2018-05-27,26.11
2018-05-28,31.17
2018-05-29,34.68
2018-05-30,31.7
2018-05-31,32.57
2018-06-01,37.26
2018-06-02,36.7
2018-06-03,34.85
2018-06-04,30.95
2018-06-05,31.51
2018-06-06,31.33
2018-06-07,19.68
2018-06-08,19.43
2018-06-09,20.03
2018-06-10,16.49
2018-06-11,22.31
2018-06-12,29.92
2018-06-13,30.85
2018-06-14,34.44
2018-06-15,27.83
2018-06-16,22.9
2018-06-17,21.99
2018-06-18,17.2
2018-06-19,14.61
2018-06-20,15.27
2018-06-21,10.31
2018-06-22,21.26
2018-06-23,20.07
2018-06-24,16.99
2018-06-25,16.31
2018-06-26,16.23
2018-06-27,17.64
2018-06-28,18.93
2018-06-29,18.18
2018-06-30,20.85
2018-07-01,16.91
2018-07-02,16.48
2018-07-03,16.28
2018-07-04,15.97
2018-07-05,13.22
2018-07-06,20.05
2018-07-07,22.74
2018-07-08,19.92
2018-07-09,16.63
2018-07-10,19.7
2018-07-11,19.05
2018-07-12,11.93
2018-07-13,13.21
2018-07-14,17.97
2018-07-15,16.12
2018-07-16,11.04
2018-07-17,12.14
2018-07-18,14.13
2018-07-19,14.39
2018-07-20,12.58
2018-07-21,19.61
2018-07-22,19.54
2018-07-23,17.69
2018-07-24,15.64
2018-07-25,17.88
2018-07-26,14.41
2018-07-27,14.52
2018-07-28,18.23
2018-07-29,26.09
2018-07-30,26.02
2018-07-31,19.21
2018-08-01,21.88
2018-08-02,25.77
2018-08-03,30.8
2018-08-04,23.43
2018-08-05,20.2
2018-08-06,26.91
2018-08-07,18.92
2018-08-08,16.17
2018-08-09,18.07
2018-08-10,17.09
2018-08-11,16.39
2018-08-12,11.98
2018-08-13,11.66
2018-08-14,16.97
2018-08-15,22.11
2018-08-16,7.78
2018-08-17,18.56
2018-08-18,15.3
2018-08-19,15.28
2018-08-20,13.19
2018-08-21,10.08
2018-08-22,10.33
2018-08-23,12.51
2018-08-24,14.36
2018-08-25,15.34
2018-08-26,14.61
2018-08-27,15.31
2018-08-28,16.51
2018-08-29,20.98
2018-08-30,24.66
2018-08-31,22.43
2018-09-01,23.16
2018-09-02,18.51
2018-09-03,15.84
2018-09-04,20.36
2018-09-05,27.05
2018-09-06,25.36
2018-09-07,25.42
2018-09-08,21.61
2018-09-09,34.85
2018-09-10,38.35
2018-09-11,33.85
2018-09-12,35.06
2018-09-13,41.83
2018-09-14,42.24
2018-09-15,43.69
2018-09-16,48.98
2018-09-17,35.58
2018-09-18,39.68
2018-09-19,38.6
2018-09-20,40.88
2018-09-21,37.91
2018-09-22,27.29
2018-09-23,32.25
2018-09-24,34.94
2018-09-25,41.46
2018-09-26,53.68
2018-09-27,43.09
2018-09-28,45.92
2018-09-29,55.39
2018-09-30,67.69
2018-10-01,63.16
2018-10-02,37.8
2018-10-03,36.5
2018-10-04,39.63
2018-10-05,39.8
2018-10-06,56.36
2018-10-07,65.91
2018-10-08,64.44
2018-10-09,60.07
2018-10-10,56.5
2018-10-11,52.63
2018-10-12,54.39
2018-10-13,58.56
2018-10-14,54.35
2018-10-15,58.24
2018-10-16,53.26
2018-10-17,41.03
2018-10-18,40.35
2018-10-19,43.99
2018-10-20,58.44
2018-10-21,61.34
2018-10-22,66.82
2018-10-23,67.12
2018-10-24,67.52
2018-10-25,60.72
2018-10-26,48.68
2018-10-27,57.44
2018-10-28,56.51
2018-10-29,56.02
2018-10-30,57.32
2018-10-31,56.98
2018-11-01,50.87
2018-11-02,34.07
2018-11-03,25.96
2018-11-04,24.88
2018-11-05,32.8
2018-11-06,44.66
2018-11-07,54.63
2018-11-08,59.82
2018-11-09,64.36
2018-11-10,69.5
2018-11-11,61.15
2018-11-12,62.68
2018-11-13,66.08
2018-11-14,67.28
2018-11-15,58.4
2018-11-16,46.2
2018-11-17,23.09
2018-11-18,19.06
2018-11-19,26.04
2018-11-20,52.12
2018-11-21,63.08
2018-11-22,66.0
2018-11-23,71.81
2018-11-24,72.98
2018-11-25,69.28
2018-11-26,63.01
2018-11-27,69.91
2018-11-28,73.48
2018-11-29,72.26
2018-11-30,67.69
2018-12-01,69.94
2018-12-02,71.17
2018-12-03,74.62
2018-12-04,77.72
2018-12-05,67.3
2018-12-06,62.87
2018-12-07,61.66
2018-12-08,76.14
2018-12-09,78.36
2018-12-10,77.94
2018-12-11,76.22
2018-12-12,74.78
2018-12-13,74.19
2018-12-14,74.48
2018-12-15,75.15
2018-12-16,76.15
2018-12-17,59.61
2018-12-18,22.35
2018-12-19,32.77
2018-12-20,44.72
2018-12-21,55.1
2018-12-22,72.66
2018-12-23,78.01
2018-12-24,76.81
2018-12-25,73.18
2018-12-26,67.91
2018-12-27,68.06
2018-12-28,64.1
2018-12-29,68.76
2018-12-30,71.7
2018-12-31,65.24
2019-01-01,66.79
2019-01-02,71.55
2019-01-03,69.7
2019-01-04,75.25
2019-01-05,73.03
2019-01-06,77.71
2019-01-07,76.5
2019-01-08,73.78
2019-01-09,74.7
2019-01-10,75.43
2019-01-11,75.77
2019-01-12,78.62
2019-01-13,72.03
2019-01-14,74.37
2019-01-15,75.13
2019-01-16,75.55
2019-01-17,73.51
2019-01-18,75.34
2019-01-19,78.12
2019-01-20,70.0
2019-01-21,66.4
2019-01-22,47.29
2019-01-23,60.93
2019-01-24,59.22
2019-01-25,36.51
2019-01-26,36.21
2019-01-27,51.29
2019-01-28,71.62
2019-01-29,64.42
2019-01-30,55.6
2019-01-31,63.8
2019-02-01,66.44
2019-02-02,62.22
2019-02-03,60.26
2019-02-04,63.75
2019-02-05,63.26
2019-02-06,68.06
2019-02-07,58.46
2019-02-08,58.24
2019-02-09,55.67
2019-02-10,58.82
2019-02-11,58.64
2019-02-12,64.14
2019-02-13,64.94
2019-02-14,62.79
2019-02-15,38.84
2019-02-16,48.34
2019-02-17,45.12
2019-02-18,65.14
2019-02-19,55.8
2019-02-20,35.07
2019-02-21,39.32
2019-02-22,44.63
2019-02-23,57.13
2019-02-24,46.64
2019-02-25,49.41
2019-02-26,54.83
2019-02-27,57.06
2019-02-28,50.34
2019-03-01,55.59
2019-03-02,33.05
2019-03-03,35.27
2019-03-04,40.97
2019-03-05,59.27
2019-03-06,62.5
2019-03-07,66.8
2019-03-08,66.34
2019-03-09,49.68
2019-03-10,45.2
2019-03-11,36.59
2019-03-12,40.84
2019-03-13,41.23
2019-03-14,41.63
2019-03-15,48.94
2019-03-16,39.06
2019-03-17,37.73
2019-03-18,39.82
2019-03-19,30.77
2019-03-20,41.63
2019-03-21,41.06
2019-03-22,36.35
2019-03-23,43.36
2019-03-24,50.52
2019-03-25,50.06
2019-03-26,51.5
2019-03-27,48.51
2019-03-28,55.2
2019-03-29,59.8
2019-03-30,59.21
2019-03-31,48.49
2019-04-01,37.8
2019-04-02,43.82
2019-04-03,45.6
2019-04-04,39.01
2019-04-05,31.28
2019-04-06,37.69
2019-04-07,33.48
2019-04-08,33.08
2019-04-09,40.63
2019-04-10,42.14
2019-04-11,31.45
2019-04-12,36.35
2019-04-13,32.69
2019-04-14,41.0
2019-04-15,37.57
2019-04-16,39.47
2019-04-17,33.26
2019-04-18,43.07
2019-04-19,30.74
2019-04-20,25.52
2019-04-21,24.77
2019-04-22,27.5
2019-04-23,34.65
2019-04-24,29.87
2019-04-25,36.16
2019-04-26,43.87
2019-04-27,51.92
2019-04-28,41.82
2019-04-29,39.66
2019-04-30,38.87
2019-05-01,36.43
2019-05-02,38.41
2019-05-03,36.05
2019-05-04,32.12
2019-05-05,36.53
2019-05-06,43.68
2019-05-07,52.95
2019-05-08,47.23
2019-05-09,46.82
2019-05-10,46.39
2019-05-11,48.29
2019-05-12,37.24
2019-05-13,41.34
2019-05-14,38.89
2019-05-15,42.5
2019-05-16,36.62
2019-05-17,43.35
2019-05-18,48.5
2019-05-19,55.84
2019-05-20,48.9
2019-05-21,43.6
2019-05-22,36.78
2019-05-23,44.73
2019-05-24,37.62
2019-05-25,46.56
2019-05-26,49.91
2019-05-27,41.93
2019-05-28,41.88
2019-05-29,52.22
2019-05-30,42.3
2019-05-31,39.47
2019-06-01,34.95
2019-06-02,44.33
2019-06-03,27.67
2019-06-04,24.01
2019-06-05,35.63
2019-06-06,35.67
2019-06-07,28.41
2019-06-08,32.08
2019-06-09,31.14
2019-06-10,23.71
2019-06-11,12.39
2019-06-12,8.7
2019-06-13,11.21
2019-06-14,15.94
2019-06-15,22.29
2019-06-16,19.58
2019-06-17,23.78
2019-06-18,22.29
2019-06-19,21.59
2019-06-20,18.96
2019-06-21,28.11
2019-06-22,24.75
2019-06-23,26.44
2019-06-24,25.45
2019-06-25,27.0
2019-06-26,18.07
2019-06-27,9.85
2019-06-28,9.89
2019-06-29,12.75
2019-06-30,18.55
2019-07-01,18.32
2019-07-02,17.75
2019-07-03,20.08
2019-07-04,17.71
2019-07-05,16.27
2019-07-06,15.95
2019-07-07,15.22
2019-07-08,16.51
2019-07-09,15.35
2019-07-10,12.67
2019-07-11,16.54
2019-07-12,18.41
2019-07-13,12.8
2019-07-14,14.43
2019-07-15,15.96
2019-07-16,24.07
2019-07-17,22.29
2019-07-18,26.43
2019-07-19,31.27
2019-07-20,20.12
2019-07-21,14.08
2019-07-22,12.01
2019-07-23,8.13
2019-07-24,10.24
2019-07-25,12.86
2019-07-26,14.72
2019-07-27,12.96
2019-07-28,13.46
2019-07-29,8.99
2019-07-30,8.48
2019-07-31,10.95
2019-08-01,10.31
2019-08-02,8.01
2019-08-03,6.75
2019-08-04,6.24
2019-08-05,7.95
2019-08-06,10.01
2019-08-07,9.72
2019-08-08,12.45
2019-08-09,12.46
2019-08-10,11.94
2019-08-11,17.37
2019-08-12,24.17
2019-08-13,29.79
2019-08-14,23.12
2019-08-15,19.11
2019-08-16,17.17
2019-08-17,23.03
2019-08-18,29.92
2019-08-19,25.94
2019-08-20,31.38
2019-08-21,27.23
2019-08-22,20.35
2019-08-23,23.71
2019-08-24,14.82
2019-08-25,14.89
2019-08-26,17.16
2019-08-27,18.86
2019-08-28,19.35
2019-08-29,16.92
2019-08-30,16.5
2019-08-31,13.98
2019-09-01,11.85
2019-09-02,15.72
2019-09-03,12.92
2019-09-04,12.2
2019-09-05,11.14
2019-09-06,11.92
2019-09-07,13.65
2019-09-08,10.31
2019-09-09,13.26
2019-09-10,14.98
2019-09-11,18.19
2019-09-12,21.73
2019-09-13,16.32
2019-09-14,18.39
2019-09-15,22.47
2019-09-16,28.23
2019-09-17,28.85
2019-09-18,25.01
2019-09-19,25.6
2019-09-20,20.54
2019-09-21,25.81
2019-09-22,27.01
2019-09-23,32.95
2019-09-24,28.07
2019-09-25,22.37
2019-09-26,20.4
2019-09-27,15.49
2019-09-28,25.85
2019-09-29,33.27
2019-09-30,41.11
2019-10-01,39.12
2019-10-02,31.98
2019-10-03,32.24
2019-10-04,34.73
2019-10-05,40.22
2019-10-06,42.99
2019-10-07,50.79
2019-10-08,56.9
2019-10-09,54.17
2019-10-10,39.07
2019-10-11,34.57
2019-10-12,34.91
2019-10-13,36.35
2019-10-14,53.22
2019-10-15,52.62
2019-10-16,59.41
2019-10-17,48.12
2019-10-18,24.3
2019-10-19,22.92
2019-10-20,28.04
2019-10-21,22.03
2019-10-22,41.03
2019-10-23,37.8
2019-10-24,22.53
2019-10-25,23.54
2019-10-26,18.81
2019-10-27,40.65
2019-10-28,64.09
2019-10-29,42.04
2019-10-30,40.41
2019-10-31,21.39
2019-11-01,22.51
2019-11-02,29.98
2019-11-03,37.22
2019-11-04,57.61
2019-11-05,84.85
2019-11-06,84.0
2019-11-07,70.7
2019-11-08,69.8
2019-11-09,81.35
2019-11-10,72.38
2019-11-11,60.06
2019-11-12,56.27
2019-11-13,62.64
2019-11-14,67.77
2019-11-15,69.15
2019-11-16,66.42
2019-11-17,70.79
2019-11-18,76.03
2019-11-19,82.72
2019-11-20,84.11
2019-11-21,78.63
2019-11-22,76.7
2019-11-23,75.82
2019-11-24,80.31
2019-11-25,86.18
2019-11-26,80.88
2019-11-27,71.3
2019-11-28,74.49
2019-11-29,62.42
2019-11-30,63.81
2019-12-01,61.97
2019-12-02,45.57
2019-12-03,47.66
2019-12-04,79.37
2019-12-05,82.44
2019-12-06,85.82
2019-12-07,83.29
2019-12-08,67.07
2019-12-09,57.77
2019-12-10,58.14
2019-12-11,64.73
2019-12-12,55.77
2019-12-13,31.86
2019-12-14,40.8
2019-12-15,43.43
2019-12-16,50.84
2019-12-17,69.16
2019-12-18,75.72
2019-12-19,75.66
2019-12-20,78.86
2019-12-21,82.1
2019-12-22,77.15
2019-12-23,74.42
2019-12-24,62.38
2019-12-25,72.06
2019-12-26,62.79
2019-12-27,56.3
2019-12-28,73.73
2019-12-29,80.23
2019-12-30,72.02
2019-12-31,47.37
2020-01-01,41.19
2020-01-02,30.8
2020-01-03,33.09
2020-01-04,57.96
2020-01-05,64.52
2020-01-06,56.86
2020-01-07,51.1
2020-01-08,40.04
2020-01-09,46.45
2020-01-10,74.35
2020-01-11,74.55
2020-01-12,67.37
2020-01-13,65.69
2020-01-14,72.24
2020-01-15,50.23
2020-01-16,35.28
2020-01-17,31.16
2020-01-18,35.01
2020-01-19,34.14
2020-01-20,39.98
2020-01-21,37.27
2020-01-22,38.79
2020-01-23,56.38
2020-01-24,63.09
2020-01-25,67.01
2020-01-26,62.52
2020-01-27,57.99
2020-01-28,51.37
2020-01-29,58.15
2020-01-30,68.2
2020-01-31,59.22
2020-02-01,38.88
2020-02-02,40.2
2020-02-03,36.94
2020-02-04,27.77
2020-02-05,32.73
2020-02-06,30.56
2020-02-07,32.21
2020-02-08,38.5
2020-02-09,41.49
2020-02-10,39.28
2020-02-11,42.7
2020-02-12,56.38
2020-02-13,61.85
2020-02-14,74.29
2020-02-15,66.96
2020-02-16,65.61
2020-02-17,59.75
2020-02-18,45.93
2020-02-19,49.6
2020-02-20,45.57
2020-02-21,35.27
2020-02-22,28.81
2020-02-23,25.6
2020-02-24,32.51
2020-02-25,42.14
2020-02-26,55.84
2020-02-27,38.49
2020-02-28,40.35
2020-02-29,42.44
2020-03-01,43.21
2020-03-02,48.6
2020-03-03,49.59
2020-03-04,46.51
2020-03-05,57.23
2020-03-06,33.87
2020-03-07,38.58
2020-03-08,33.94
2020-03-09,32.84
2020-03-10,25.67
2020-03-11,29.93
2020-03-12,31.53
2020-03-13,27.51
2020-03-14,33.45
2020-03-15,32.03
2020-03-16,27.86
2020-03-17,25.08
2020-03-18,26.32
2020-03-19,43.39
2020-03-20,33.71
2020-03-21,39.85
2020-03-22,38.0
2020-03-23,37.97
2020-03-24,28.75
2020-03-25,28.47
2020-03-26,29.0
2020-03-27,34.09
2020-03-28,36.17
2020-03-29,42.07
2020-03-30,34.79
2020-03-31,42.42
2020-04-01,47.96
2020-04-02,48.05
2020-04-03,38.13
2020-04-04,37.34
2020-04-05,30.18
2020-04-06,27.87
2020-04-07,19.76
2020-04-08,19.94
2020-04-09,29.36
2020-04-10,18.95
2020-04-11,23.99
2020-04-12,33.4
2020-04-13,35.21
2020-04-14,38.07
2020-04-15,33.99
2020-04-16,37.13
2020-04-17,38.44
2020-04-18,35.67
2020-04-19,30.21
2020-04-20,26.47
2020-04-21,22.83
2020-04-22,25.12
2020-04-23,27.57
2020-04-24,28.99
2020-04-25,31.76
2020-04-26,29.9
2020-04-27,23.51
2020-04-28,23.36
2020-04-29,16.03
2020-04-30,21.12
2020-05-01,22.69
2020-05-02,24.62
2020-05-03,33.03
2020-05-04,28.18
2020-05-05,31.36
2020-05-06,25.18
2020-05-07,26.84
2020-05-08,27.46
2020-05-09,29.56
2020-05-10,28.15
2020-05-11,38.65
2020-05-12,32.09
2020-05-13,24.1
2020-05-14,25.06
2020-05-15,24.12
2020-05-16,27.65
2020-05-17,32.47
2020-05-18,31.05
2020-05-19,42.41
2020-05-20,36.62
2020-05-21,31.59
2020-05-22,39.91
2020-05-23,44.09
2020-05-24,41.03
2020-05-25,33.07
2020-05-26,32.51
2020-05-27,28.66
2020-05-28,26.7
2020-05-29,21.07
2020-05-30,18.56
2020-05-31,25.17
2020-06-01,30.0
2020-06-02,16.47
2020-06-03,11.74
2020-06-04,13.93
2020-06-05,19.57
2020-06-06,23.02
2020-06-07,19.49
2020-06-08,20.2
2020-06-09,17.96
2020-06-10,20.26
2020-06-11,19.96
2020-06-12,17.19
2020-06-13,9.87
2020-06-14,9.8
2020-06-15,13.53
2020-06-16,10.31
2020-06-17,10.31
2020-06-18,14.04
2020-06-19,20.19
2020-06-20,22.5
2020-06-21,24.0
2020-06-22,22.91
2020-06-23,22.36
2020-06-24,21.25
2020-06-25,22.41
2020-06-26,27.05
2020-06-27,23.29
2020-06-28,15.8
2020-06-29,20.24
2020-06-30,19.38
2020-07-01,26.83
2017-06-14,0.0
2017-06-15,0.0
2017-06-16,0.0
2017-06-17,0.0
2017-06-18,0.0
2017-06-19,64.78
2017-06-20,70.1
2017-06-21,67.5
2017-06-22,24.8
2017-06-23,32.3
2017-06-24,55.36
2017-06-25,47.62
2017-06-26,61.34
2017-06-27,36.51
2017-06-28,19.66
2017-06-29,16.8
2017-06-30,14.37
2017-07-01,25.14
2017-07-02,28.74
2017-07-03,39.4
2017-07-04,52.82
2017-07-05,56.88
2017-07-06,68.1
2017-07-07,60.61
2017-07-08,54.57
2017-07-09,46.43
2017-07-10,44.47
2017-07-11,81.08
2017-07-12,41.86
2017-07-13,33.25
2017-07-14,30.59
2017-07-15,45.02
2017-07-16,44.54
2017-07-17,33.83
2017-07-18,33.98
2017-07-19,15.55
2017-07-20,30.57
2017-07-21,28.19
2017-07-22,18.78
2017-07-23,14.6
2017-07-24,11.5
2017-07-25,21.49
2017-07-26,28.82
2017-07-27,26.78
2017-07-28,33.62
2017-07-29,0.0
2017-07-30,0.0
2017-07-31,35.46
2017-08-01,43.26
2017-08-02,44.16
2017-08-03,31.91
2017-08-04,63.95
2017-08-05,68.29
2017-08-06,82.07
2017-08-07,72.83
2017-08-08,60.86
2017-08-09,50.6
2017-08-10,44.02
2017-08-11,35.78
2017-08-12,25.56
2017-08-13,28.29
2017-08-14,40.2
2017-08-15,39.21
2017-08-16,43.4
2017-08-17,0.0
2017-08-18,0.0
2017-08-19,0.0
2017-08-20,0.0
2017-08-21,34.1
2017-08-22,34.1
2017-08-23,34.1
2017-08-24,34.1
2017-08-25,34.1
2017-08-26,34.1
2017-08-27,34.1
2017-08-28,28.79
2017-08-29,28.29
2017-08-30,25.35
2017-08-31,22.64
2017-09-01,22.13
2017-09-02,25.23
2017-09-03,16.29
2017-09-04,21.38
2017-09-05,20.83
2017-09-06,26.72
2017-09-07,31.5
2017-09-08,27.4
2017-09-09,29.31
2017-09-10,29.82
2017-09-11,27.27
2017-09-12,24.81
2017-09-13,22.04
2017-09-14,32.23
2017-09-15,38.06
2017-09-16,42.42
2017-09-17,36.33
2017-09-18,38.83
2017-09-19,30.51
2017-09-20,37.34
2017-09-21,37.63
2017-09-22,50.0
2017-09-23,54.45
2017-09-24,58.92
2017-09-25,45.26
2017-09-26,0.0
2017-09-27,66.73
2017-09-28,50.59
2017-09-29,78.87
2017-09-30,92.75
2017-10-01,80.91
2017-10-02,60.15
2017-10-03,72.27
2017-10-04,91.49
2017-10-05,67.43
2017-10-06,71.82
2017-10-07,82.3
2017-10-08,90.96
2017-10-09,112.8
2017-10-10,89.21
2017-10-11,101.04
2017-10-12,99.52
2017-10-13,108.16
2017-10-14,105.56
2017-10-15,104.08
2017-10-16,79.51
2017-10-17,87.06
2017-10-18,98.97
2017-10-19,75.56
2017-10-20,133.05
2017-10-21,126.59
2017-10-22,71.63
2017-10-23,64.19
2017-10-24,73.93
2017-10-25,121.26
2017-10-26,124.18
2017-10-27,96.68
2017-10-28,88.72
2017-10-29,70.41
2017-10-30,88.45
2017-10-31,110.96
2017-11-01,109.77
2017-11-02,75.66
2017-11-03,77.68
2017-11-04,107.35
2017-11-05,104.86
2017-11-06,102.63
2017-11-07,122.13
2017-11-08,97.73
2017-11-09,95.4
2017-11-10,124.91
2017-11-11,119.13
2017-11-12,173.72
2017-11-13,137.56
2017-11-14,84.21
2017-11-15,90.76
2017-11-16,102.37
2017-11-17,152.82
2017-11-18,90.89
2017-11-19,247.89
2017-11-20,70.12
2017-11-21,63.22
2017-11-22,66.56
2017-11-23,76.04
2017-11-24,112.71
2017-11-25,120.58
2017-11-26,165.57
2017-11-27,109.53
2017-11-28,102.04
2017-11-29,116.2
2017-11-30,106.23
2017-12-01,98.1
2017-12-02,161.94
2017-12-03,101.06
2017-12-04,119.08
2017-12-05,136.16
2017-12-06,89.75
2017-12-07,82.61
2017-12-08,84.81
2017-12-09,89.74
2017-12-10,72.32
2017-12-11,52.64
2017-12-12,58.96
2017-12-13,52.76
2017-12-14,43.67
2017-12-15,54.27
2017-12-16,43.25
2017-12-17,69.9
2017-12-18,50.09
2017-12-19,85.99
2017-12-20,67.74
2017-12-21,48.39
2017-12-22,31.24
2017-12-23,50.68
2017-12-24,70.37
2017-12-25,60.28
2017-12-26,154.11
2017-12-27,75.44
2017-12-28,102.64
2017-12-29,65.88
2017-12-30,68.64
2017-12-31,81.93
2018-01-01,82.33
2018-01-02,89.98
2018-01-03,106.38
2018-01-04,80.07
2018-01-05,87.46
2018-01-06,95.36
2018-01-07,70.3
2018-01-08,78.86
2018-01-09,89.46
2018-01-10,94.76
2018-01-11,88.44
2018-01-12,96.1
2018-01-13,105.77
2018-01-14,83.29
2018-01-15,67.74
2018-01-16,71.2
2018-01-17,52.41
2018-01-18,73.67
2018-01-19,84.48
2018-01-20,94.69
2018-01-21,84.69
2018-01-22,67.67
2018-01-23,67.38
2018-01-24,84.31
2018-01-25,86.57
2018-01-26,95.31
2018-01-27,72.7
2018-01-28,67.97
2018-01-29,59.22
2018-01-30,99.61
2018-01-31,69.6
2018-02-01,71.01
2018-02-02,79.98
2018-02-03,49.84
2018-02-04,56.54
2018-02-05,116.02
2018-02-06,311.35
2018-02-07,130.52
2018-02-08,53.61
2018-02-09,61.1
2018-02-10,68.06
2018-02-11,77.44
2018-02-12,56.46
2018-02-13,61.48
2018-02-14,79.69
2018-02-15,70.2
2018-02-16,73.01
2018-02-17,107.82
2018-02-18,103.08
2018-02-19,65.08
2018-02-20,65.66
2018-02-21,105.11
2018-02-22,116.61
2018-02-23,146.31
2018-02-24,74.56
2018-02-25,49.48
2018-02-26,42.24
2018-02-27,56.23
2018-02-28,55.39
2018-03-01,64.1
2018-03-02,55.62
2018-03-03,51.15
2018-03-04,56.89
2018-03-05,31.08
2018-03-06,33.67
2018-03-07,44.18
2018-03-08,30.45
2018-03-09,32.75
2018-03-10,45.01
2018-03-11,34.41
2018-03-12,42.66
2018-03-13,55.22
2018-03-14,47.13
2018-03-15,43.63
2018-03-16,50.2
2018-03-17,41.0
2018-03-18,33.6
2018-03-19,44.62
2018-03-20,41.72
2018-03-21,56.15
2018-03-22,52.94
2018-03-23,40.63
2018-03-24,48.33
2018-03-25,56.76
2018-03-26,56.16
2018-03-27,76.01
2018-03-28,49.92
2018-03-29,46.52
2018-03-30,60.9
2018-03-31,43.4
2018-04-01,54.63
2018-04-02,60.99
2018-04-03,62.79
2018-04-04,55.95
2018-04-05,62.98
2018-04-06,56.87
2018-04-07,45.6
2018-04-08,49.85
2018-04-09,39.81
2018-04-10,48.96
2018-04-11,42.24
2018-04-12,26.2
2018-04-13,27.64
2018-04-14,33.56
2018-04-15,37.67
2018-04-16,57.56
2018-04-17,51.78
2018-04-18,54.55
2018-04-19,64.1
2018-04-20,79.58
2018-04-21,126.39
2018-04-22,36.29
2018-04-23,96.02
2018-04-24,98.88
2018-04-25,56.46
2018-04-26,55.72
2018-04-27,76.08
2018-04-28,58.94
2018-04-29,56.72
2018-04-30,53.42
2018-05-01,56.81
2018-05-02,65.79
2018-05-03,47.86
2018-05-04,51.16
2018-05-05,60.11
2018-05-06,67.36
2018-05-07,53.19
2018-05-08,96.38
2018-05-09,55.01
2018-05-10,52.1
2018-05-11,60.83
2018-05-12,55.45
2018-05-13,76.41
2018-05-14,83.35
2018-05-15,78.39
2018-05-16,71.69
2018-05-17,70.42
2018-05-18,56.88
2018-05-19,66.11
2018-05-20,54.57
2018-05-21,57.33
2018-05-22,68.99
2018-05-23,75.45
2018-05-24,61.93
2018-05-25,68.44
2018-05-26,56.84
2018-05-27,63.49
2018-05-28,70.45
2018-05-29,64.81
2018-05-30,59.09
2018-05-31,50.38
2018-06-01,71.04
2018-06-02,116.5
2018-06-03,69.06
2018-06-04,79.44
2018-06-05,79.41
2018-06-06,59.58
2018-06-07,69.5
2018-06-08,83.02
2018-06-09,49.28
2018-06-10,45.19
2018-06-11,49.5
2018-06-12,73.33
2018-06-13,84.79
2018-06-14,92.4
2018-06-15,70.52
2018-06-16,62.62
2018-06-17,54.54
2018-06-18,79.91
2018-06-19,58.91
2018-06-20,51.15
2018-06-21,83.77
2018-06-22,71.26
2018-06-23,69.38
2018-06-24,60.2
2018-06-25,52.05
2018-06-26,46.38
2018-06-27,53.68
2018-06-28,54.1
2018-06-29,77.05
2018-06-30,73.53
2018-07-01,92.72
2018-07-02,42.08
2018-07-03,42.91
2018-07-04,45.51
2018-07-05,79.95
2018-07-06,51.39
2018-07-07,62.56
2018-07-08,61.82
2018-07-09,61.97
2018-07-10,53.08
2018-07-11,51.71
2018-07-12,66.31
2018-07-13,27.49
2018-07-14,26.18
2018-07-15,25.63
2018-07-16,39.39
2018-07-17,20.77
2018-07-18,70.35
2018-07-19,25.27
2018-07-20,35.41
2018-07-21,61.42
2018-07-22,22.64
2018-07-23,25.16
2018-07-24,35.17
2018-07-25,31.45
2018-07-26,55.96
2018-07-27,52.41
2018-07-28,48.42
2018-07-29,50.68
2018-07-30,44.09
2018-07-31,53.4
2018-08-01,63.97
2018-08-02,68.84
2018-08-03,68.51
2018-08-04,61.58
2018-08-05,60.62
2018-08-06,50.47
2018-08-07,54.87
2018-08-08,51.27
2018-08-09,28.7
2018-08-10,34.8
2018-08-11,37.53
2018-08-12,26.76
2018-08-13,35.63
2018-08-14,51.3
2018-08-15,73.24
2018-08-16,38.92
2018-08-17,32.28
2018-08-18,33.39
2018-08-19,25.88
2018-08-20,28.61
2018-08-21,29.54
2018-08-22,39.29
2018-08-23,28.67
2018-08-24,29.88
2018-08-25,29.4
2018-08-26,34.97
2018-08-27,42.25
2018-08-28,44.1
2018-08-29,28.57
2018-08-30,44.67
2018-08-31,38.23
2018-09-01,31.62
2018-09-02,28.93
2018-09-03,30.21
2018-09-04,34.05
2018-09-05,45.64
2018-09-06,45.95
2018-09-07,36.89
2018-09-08,29.7
2018-09-09,20.31
2018-09-10,32.94
2018-09-11,33.66
2018-09-12,36.18
2018-09-13,45.9
2018-09-14,47.34
2018-09-15,47.33
2018-09-16,43.96
2018-09-17,44.71
2018-09-18,48.12
2018-09-19,49.52
2018-09-20,48.99
2018-09-21,47.7
2018-09-22,17.46
2018-09-23,15.78
2018-09-24,22.0
2018-09-25,39.67
2018-09-26,52.7
2018-09-27,53.34
2018-09-28,57.85
2018-09-29,55.11
2018-09-30,50.9
2018-10-01,47.8
2018-10-02,52.83
2018-10-03,41.04
2018-10-04,42.35
2018-10-05,46.05
2018-10-06,46.46
2018-10-07,44.93
2018-10-08,44.43
2018-10-09,49.14
2018-10-10,69.46
2018-10-11,71.12
2018-10-12,61.36
2018-10-13,59.86
2018-10-14,65.77
2018-10-15,66.0
2018-10-16,85.38
2018-10-17,58.16
2018-10-18,67.49
2018-10-19,78.42
2018-10-20,72.99
2018-10-21,74.69
2018-10-22,60.43
2018-10-23,51.98
2018-10-24,59.1
2018-10-25,55.75
2018-10-26,62.72
2018-10-27,69.35
2018-10-28,80.31
2018-10-29,92.86
2018-10-30,80.37
2018-10-31,60.99
2018-11-01,71.04
2018-11-02,63.12
2018-11-03,49.51
2018-11-04,79.78
2018-11-05,44.83
2018-11-06,74.94
2018-11-07,74.51
2018-11-08,106.88
2018-11-09,108.86
2018-11-10,99.02
2018-11-11,60.18
2018-11-12,70.21
2018-11-13,73.57
2018-11-14,56.53
2018-11-15,84.76
2018-11-16,87.76
2018-11-17,77.87
2018-11-18,67.8
2018-11-19,59.2
2018-11-20,68.34
2018-11-21,87.81
2018-11-22,72.61
2018-11-23,70.4
2018-11-24,74.86
2018-11-25,92.15
2018-11-26,63.6
2018-11-27,67.29
2018-11-28,82.51
2018-11-29,73.02
2018-11-30,69.45
2018-12-01,73.56
2018-12-02,71.73
2018-12-03,71.78
2018-12-04,59.35
2018-12-05,62.76
2018-12-06,74.1
2018-12-07,55.16
2018-12-08,62.2
2018-12-09,74.88
2018-12-10,74.13
2018-12-11,63.82
2018-12-12,55.57
2018-12-13,42.72
2018-12-14,32.37
2018-12-15,37.28
2018-12-16,37.75
2018-12-17,38.53
2018-12-18,42.37
2018-12-19,64.83
2018-12-20,86.29
2018-12-21,110.36
2018-12-22,65.08
2018-12-23,63.37
2018-12-24,62.08
2018-12-25,54.27
2018-12-26,54.98
2018-12-27,96.51
2018-12-28,87.99
2018-12-29,90.45
2018-12-30,98.76
2018-12-31,135.19
2019-01-01,113.17
2019-01-02,76.03
2019-01-03,98.19
2019-01-04,65.04
2019-01-05,63.41
2019-01-06,98.16
2019-01-07,50.19
2019-01-08,70.88
2019-01-09,65.03
2019-01-10,65.24
2019-01-11,50.08
2019-01-12,70.83
2019-01-13,68.0
2019-01-14,49.54
2019-01-15,58.11
2019-01-16,58.36
2019-01-17,68.19
2019-01-18,76.46
2019-01-19,93.52
2019-01-20,64.56
2019-01-21,60.48
2019-01-22,44.36
2019-01-23,44.62
2019-01-24,52.33
2019-01-25,37.73
2019-01-26,43.55
2019-01-27,46.7
2019-01-28,56.01
2019-01-29,47.51
2019-01-30,42.38
2019-01-31,35.72
2019-02-01,51.65
2019-02-02,60.0
2019-02-03,67.4
2019-02-04,58.23
2019-02-05,59.43
2019-02-06,54.13
2019-02-07,52.17
2019-02-08,50.76
2019-02-09,48.6
2019-02-10,52.06
2019-02-11,45.82
2019-02-12,47.75
2019-02-13,45.85
2019-02-14,42.63
2019-02-15,51.51
2019-02-16,39.78
2019-02-17,48.23
2019-02-18,43.89
2019-02-19,54.38
2019-02-20,54.54
2019-02-21,54.38
2019-02-22,41.39
2019-02-23,35.97
2019-02-24,41.39
2019-02-25,42.61
2019-02-26,39.97
2019-02-27,42.89
2019-02-28,38.31
2019-03-01,42.41
2019-03-02,43.88
2019-03-03,42.81
2019-03-04,47.99
2019-03-05,36.58
2019-03-06,38.07
2019-03-07,40.68
2019-03-08,38.52
2019-03-09,42.31
2019-03-10,36.68
2019-03-11,41.91
2019-03-12,48.61
2019-03-13,46.44
2019-03-14,42.19
2019-03-15,34.03
2019-03-16,32.24
2019-03-17,33.98
2019-03-18,35.79
2019-03-19,36.6
2019-03-20,39.76
2019-03-21,48.81
2019-03-22,35.71
2019-03-23,34.26
2019-03-24,39.05
2019-03-25,39.88
2019-03-26,36.97
2019-03-27,42.6
2019-03-28,46.27
2019-03-29,49.69
2019-03-30,45.29
2019-03-31,46.08
2019-04-01,41.4
2019-04-02,40.71
2019-04-03,44.59
2019-04-04,44.88
2019-04-05,48.68
2019-04-06,38.72
2019-04-07,47.59
2019-04-08,92.68
2019-04-09,55.19
2019-04-10,54.01
2019-04-11,53.6
2019-04-12,72.04
2019-04-13,52.49
2019-04-14,47.63
2019-04-15,55.41
2019-04-16,44.23
2019-04-17,25.64
2019-04-18,28.96
2019-04-19,36.19
2019-04-20,35.66
2019-04-21,41.23
2019-04-22,49.55
2019-04-23,61.69
2019-04-24,56.24
2019-04-25,58.99
2019-04-26,76.51
2019-04-27,53.95
2019-04-28,62.44
2019-04-29,64.2
2019-04-30,59.3
2019-05-01,62.23
2019-05-02,73.33
2019-05-03,58.09
2019-05-04,50.37
2019-05-05,48.16
2019-05-06,52.53
2019-05-07,60.4
2019-05-08,90.69
2019-05-09,92.16
2019-05-10,54.87
2019-05-11,57.35
2019-05-12,72.52
2019-05-13,47.42
2019-05-14,47.02
2019-05-15,108.94
2019-05-16,84.33
2019-05-17,78.42
2019-05-18,41.98
2019-05-19,41.69
2019-05-20,46.85
2019-05-21,44.41
2019-05-22,42.93
2019-05-23,39.78
2019-05-24,48.64
2019-05-25,44.0
2019-05-26,39.45
2019-05-27,47.64
2019-05-28,44.35
2019-05-29,48.91
2019-05-30,49.88
2019-05-31,53.88
2019-06-01,56.82
2019-06-02,50.89
2019-06-03,63.32
2019-06-04,68.86
2019-06-05,65.03
2019-06-06,57.23
2019-06-07,72.96
2019-06-08,58.91
2019-06-09,52.86
2019-06-10,60.95
2019-06-11,47.08
2019-06-12,40.69
2019-06-13,26.57
2019-06-14,38.09
2019-06-15,44.52
2019-06-16,39.03
2019-06-17,44.82
2019-06-18,27.33
2019-06-19,21.31
2019-06-20,28.24
2019-06-21,38.46
2019-06-22,48.53
2019-06-23,42.39
2019-06-24,28.09
2019-06-25,35.62
2019-06-26,40.64
2019-06-27,76.2
2019-06-28,48.84
2019-06-29,37.33
2019-06-30,41.72
2019-07-01,34.07
2019-07-02,41.85
2019-07-03,44.32
2019-07-04,33.27
2019-07-05,30.64
2019-07-06,30.69
2019-07-07,29.18
2019-07-08,38.76
2019-07-09,48.45
2019-07-10,45.66
2019-07-11,46.92
2019-07-12,41.91
2019-07-13,41.74
2019-07-14,41.8
2019-07-15,47.34
2019-07-16,52.69
2019-07-17,46.04
2019-07-18,40.92
2019-07-19,34.56
2019-07-20,39.77
2019-07-21,37.12
2019-07-22,32.6
2019-07-23,33.02
2019-07-24,28.53
2019-07-25,21.37
2019-07-26,23.7
2019-07-27,28.4
2019-07-28,21.79
2019-07-29,16.61
2019-07-30,18.98
2019-07-31,24.33
2019-08-01,27.44
2019-08-02,20.99
2019-08-03,26.51
2019-08-04,23.6
2019-08-05,34.83
2019-08-06,23.5
2019-08-07,25.15
2019-08-08,24.36
2019-08-09,21.1
2019-08-10,16.14
2019-08-11,14.15
2019-08-12,24.43
2019-08-13,38.82
2019-08-14,30.54
2019-08-15,27.07
2019-08-16,18.96
2019-08-17,16.54
2019-08-18,22.73
2019-08-19,30.21
2019-08-20,32.54
2019-08-21,29.51
2019-08-22,33.85
2019-08-23,32.74
2019-08-24,34.66
2019-08-25,36.69
2019-08-26,19.12
2019-08-27,27.19
2019-08-28,26.9
2019-08-29,27.03
2019-08-30,25.61
2019-08-31,27.44
2019-09-01,29.95
2019-09-02,31.39
2019-09-03,44.03
2019-09-04,34.58
2019-09-05,36.95
2019-09-06,33.45
2019-09-07,27.09
2019-09-08,26.14
2019-09-09,34.8
2019-09-10,56.74
2019-09-11,47.43
2019-09-12,33.88
2019-09-13,37.92
2019-09-14,27.82
2019-09-15,28.04
2019-09-16,36.65
2019-09-17,44.2
2019-09-18,34.48
2019-09-19,31.61
2019-09-20,23.04
2019-09-21,26.26
2019-09-22,16.72
2019-09-23,21.94
2019-09-24,24.8
2019-09-25,27.05
2019-09-26,23.12
2019-09-27,18.11
2019-09-28,17.51
2019-09-29,25.74
2019-09-30,31.01
2019-10-01,29.93
2019-10-02,30.87
2019-10-03,39.35
2019-10-04,35.31
2019-10-05,38.07
2019-10-06,43.01
2019-10-07,51.77
2019-10-08,43.48
2019-10-09,42.7
2019-10-10,39.96
2019-10-11,48.35
2019-10-12,49.71
2019-10-13,53.72
2019-10-14,57.76
2019-10-15,64.81
2019-10-16,54.17
2019-10-17,56.0
2019-10-18,54.41
2019-10-19,46.17
2019-10-20,54.76
2019-10-21,58.89
2019-10-22,67.33
2019-10-23,73.4
2019-10-24,59.09
2019-10-25,77.5
2019-10-26,64.51
2019-10-27,87.77
2019-10-28,219.73
2019-10-29,141.99
2019-10-30,67.16
2019-10-31,61.65
2019-11-01,48.1
2019-11-02,104.62
2019-11-03,90.16
2019-11-04,60.87
2019-11-05,73.22
2019-11-06,49.36
2019-11-07,43.43
2019-11-08,88.44
2019-11-09,83.04
2019-11-10,76.91
2019-11-11,82.58
2019-11-12,92.89
2019-11-13,127.34
2019-11-14,131.2
2019-11-15,72.25
2019-11-16,78.29
2019-11-17,38.6
2019-11-18,47.08
2019-11-19,36.25
2019-11-20,43.07
2019-11-21,51.49
2019-11-22,68.84
2019-11-23,73.61
2019-11-24,67.26
2019-11-25,68.62
2019-11-26,47.55
2019-11-27,52.64
2019-11-28,91.33
2019-11-29,54.61
2019-11-30,51.18
2019-12-01,52.02
2019-12-02,42.73
2019-12-03,50.78
2019-12-04,52.85
2019-12-05,52.63
2019-12-06,73.44
2019-12-07,73.42
2019-12-08,53.69
2019-12-09,56.61
2019-12-10,70.48
2019-12-11,73.27
2019-12-12,67.04
2019-12-13,53.64
2019-12-14,33.21
2019-12-15,42.15
2019-12-16,41.92
2019-12-17,47.55
2019-12-18,67.99
2019-12-19,47.92
2019-12-20,59.26
2019-12-21,52.95
2019-12-22,29.05
2019-12-23,37.53
2019-12-24,43.69
2019-12-25,43.58
2019-12-26,54.28
2019-12-27,55.55
2019-12-28,64.59
2019-12-29,71.03
2019-12-30,80.04
2019-12-31,69.91
2020-01-01,68.61
2020-01-02,48.02
2020-01-03,47.44
2020-01-04,52.46
2020-01-05,66.18
2020-01-06,55.07
2020-01-07,46.61
2020-01-08,54.75
2020-01-09,31.13
2020-01-10,39.21
2020-01-11,46.14
2020-01-12,49.42
2020-01-13,48.46
2020-01-14,34.99
2020-01-15,43.5
2020-01-16,43.27
2020-01-17,49.19
2020-01-18,47.61
2020-01-19,58.77
2020-01-20,60.37
2020-01-21,47.88
2020-01-22,52.59
2020-01-23,35.76
2020-01-24,42.58
2020-01-25,51.8
2020-01-26,62.6
2020-01-27,31.85
2020-01-28,41.35
2020-01-29,28.2
2020-01-30,34.78
2020-01-31,39.16
2020-02-01,48.24
2020-02-02,51.08
2020-02-03,47.03
2020-02-04,50.51
2020-02-05,50.79
2020-02-06,55.6
2020-02-07,50.77
2020-02-08,46.02
2020-02-09,59.48
2020-02-10,65.67
2020-02-11,60.95
2020-02-12,64.04
2020-02-13,72.87
2020-02-14,59.62
2020-02-15,50.97
2020-02-16,49.83
2020-02-17,65.69
2020-02-18,61.27
2020-02-19,66.08
2020-02-20,46.11
2020-02-21,66.72
2020-02-22,49.79
2020-02-23,51.39
2020-02-24,50.4
2020-02-25,60.53
2020-02-26,48.24
2020-02-27,50.09
2020-02-28,53.32
2020-02-29,48.52
2020-03-01,29.03
2020-03-02,35.93
2020-03-03,49.42
2020-03-04,44.52
2020-03-05,29.46
2020-03-06,28.6
2020-03-07,31.86
2020-03-08,27.29
2020-03-09,30.17
2020-03-10,30.88
2020-03-11,30.18
2020-03-12,43.86
2020-03-13,78.24
2020-03-14,60.0
2020-03-15,44.49
2020-03-16,45.38
2020-03-17,43.23
2020-03-18,43.92
2020-03-19,46.94
2020-03-20,47.44
2020-03-21,31.9
2020-03-22,32.69
2020-03-23,36.05
2020-03-24,34.35
2020-03-25,26.0
2020-03-26,14.28
2020-03-27,9.12
2020-03-28,10.59
2020-03-29,12.92
2020-03-30,13.71
2020-03-31,21.58
2020-04-01,27.53
2020-04-02,21.65
2020-04-03,18.43
2020-04-04,19.85
2020-04-05,24.93
2020-04-06,31.2
2020-04-07,26.38
2020-04-08,20.07
2020-04-09,22.06
2020-04-10,24.47
2020-04-11,30.99
2020-04-12,28.61
2020-04-13,33.95
2020-04-14,42.11
2020-04-15,32.07
2020-04-16,26.89
2020-04-17,47.5
2020-04-18,49.37
2020-04-19,33.63
2020-04-20,26.15
2020-04-21,16.38
2020-04-22,20.81
2020-04-23,23.28
2020-04-24,23.18
2020-04-25,26.18
2020-04-26,30.22
2020-04-27,22.23
2020-04-28,25.22
2020-04-29,32.26
2020-04-30,51.34
2020-05-01,36.28
2020-05-02,37.27
2020-05-03,42.37
2020-05-04,21.56
2020-05-05,22.36
2020-05-06,25.89
2020-05-07,24.88
2020-05-08,32.87
2020-05-09,45.16
2020-05-10,47.55
2020-05-11,31.29
2020-05-12,23.63
2020-05-13,66.4
2020-05-14,35.15
2020-05-15,44.78
2020-05-16,35.33
2020-05-17,36.12
2020-05-18,47.73
2020-05-19,50.93
2020-05-20,45.31
2020-05-21,43.03
2020-05-22,51.18
2020-05-23,54.27
2020-05-24,55.99
2020-05-25,46.96
2020-05-26,48.1
2020-05-27,48.33
2020-05-28,61.57
2020-05-29,49.62
2020-05-30,33.9
2020-05-31,28.51
2020-06-01,22.58
2020-06-02,29.66
2020-06-03,31.13
2020-06-04,29.78
2020-06-05,21.7
2020-06-06,28.32
2020-06-07,29.8
2020-06-08,31.64
2020-06-09,35.26
2020-06-10,36.6
2020-06-11,33.19
2020-06-12,37.85
2020-06-13,43.7
2020-06-14,37.85
2020-06-15,32.72
2020-06-16,44.22
2020-06-17,44.53
2020-06-18,51.98
2020-06-19,44.05
2020-06-20,49.29
2020-06-21,44.14
2020-06-22,34.32
2020-06-23,28.29
2020-06-24,24.06
2020-06-25,64.47
2020-06-26,35.81
2020-06-27,28.33
2020-06-28,23.76
2020-06-29,30.58
2020-06-30,30.03
2020-07-01,58.79
2017-04-20,0.0
2017-04-21,0.0
2017-04-22,0.0
2017-04-23,0.0
2017-04-24,0.0
2017-04-25,0.0
2017-04-26,0.0
2017-04-27,0.0
2017-04-28,0.0
2017-04-29,0.0
2017-04-30,0.0
2017-05-01,0.0
2017-05-02,0.0
2017-05-03,0.0
2017-05-04,0.0
2017-05-05,0.0
2017-05-06,0.0
2017-05-07,0.0
2017-05-08,0.0
2017-05-09,0.0
2017-05-10,0.0
2017-05-11,0.0
2017-05-12,0.0
2017-05-13,0.0
2017-05-14,0.0
2017-05-15,0.0
2017-05-16,0.0
2017-05-17,0.0
2017-05-18,0.0
2017-05-19,0.0
2017-05-20,0.0
2017-05-21,0.0
2017-05-22,0.0
2017-05-23,0.0
2017-05-24,0.0
2017-05-25,0.0
2017-05-26,0.0
2017-05-27,0.0
2017-05-28,0.0
2017-05-29,0.0
2017-05-30,0.0
2017-05-31,0.0
2017-06-01,0.0
2017-06-02,0.0
2017-06-03,0.0
2017-06-04,0.0
2017-06-05,0.0
2017-06-06,0.0
2017-06-07,0.0
2017-06-08,0.0
2017-06-09,0.0
2017-06-10,0.0
2017-06-11,0.0
2017-06-12,0.0
2017-06-13,0.0
2017-06-14,0.0
2017-06-15,0.0
2017-06-16,0.0
2017-06-17,0.0
2017-06-18,0.0
2017-06-19,0.0
2017-06-20,0.0
2017-06-21,0.0
2017-06-22,0.0
2017-06-23,0.0
2017-06-24,0.0
2017-06-25,0.0
2017-06-26,0.0
2017-06-27,0.0
2017-06-28,0.0
2017-06-29,0.0
2017-06-30,0.0
2017-07-01,0.0
2017-07-02,0.0
2017-07-03,0.0
2017-07-04,0.0
2017-07-05,0.0
2017-07-06,0.0
2017-07-07,0.0
2017-07-08,0.0
2017-07-09,0.0
2017-07-10,0.0
2017-07-11,0.0
2017-07-12,0.0
2017-07-13,0.0
2017-07-14,0.0
2017-07-15,0.0
2017-07-16,0.0
2017-07-17,0.0
2017-07-18,0.0
2017-07-19,0.0
2017-07-20,0.0
2017-07-21,0.0
2017-07-22,0.0
2017-07-23,0.0
2017-07-24,0.0
2017-07-25,0.0
2017-07-26,0.0
2017-07-27,0.0
2017-07-28,0.0
2017-07-29,0.0
2017-07-30,0.0
2017-07-31,0.0
2017-08-01,0.0
2017-08-02,0.0
2017-08-03,0.0
2017-08-04,0.0
2017-08-05,0.0
2017-08-06,0.0
2017-08-07,0.0
2017-08-08,0.0
2017-08-09,0.0
2017-08-10,0.0
2017-08-11,0.0
2017-08-12,0.0
2017-08-13,0.0
2017-08-14,0.0
2017-08-15,0.0
2017-08-16,0.0
2017-08-17,0.0
2017-08-18,0.0
2017-08-19,0.0
2017-08-20,0.0
2017-08-21,0.0
2017-08-22,0.0
2017-08-23,0.0
2017-08-24,0.0
2017-08-25,0.0
2017-08-26,0.0
2017-08-27,0.0
2017-08-28,0.0
2017-08-29,0.0
2017-08-30,0.0
2017-08-31,0.0
2017-09-01,0.0
2017-09-02,0.0
2017-09-03,0.0
2017-09-04,0.0
2017-09-05,0.0
2017-09-06,0.0
2017-09-07,0.0
2017-09-08,0.0
2017-09-09,0.0
2017-09-10,0.0
2017-09-11,0.0
2017-09-12,0.0
2017-09-13,0.0
2017-09-14,0.0
2017-09-15,0.0
2017-09-16,0.0
2017-09-17,0.0
2017-09-18,0.0
2017-09-19,0.0
2017-09-20,0.0
2017-09-21,0.0
2017-09-22,0.0
2017-09-23,0.0
2017-09-24,0.0
2017-09-25,0.0
2017-09-26,0.0
2017-09-27,0.0
2017-09-28,0.0
2017-09-29,0.0
2017-09-30,0.0
2017-10-01,0.0
2017-10-02,0.0
2017-10-03,0.0
2017-10-04,0.0
2017-10-05,0.0
2017-10-06,0.0
2017-10-07,0.0
2017-10-08,0.0
2017-10-09,0.0
2017-10-10,0.0
2017-10-11,0.0
2017-10-12,0.0
2017-10-13,0.0
2017-10-14,0.0
2017-10-15,0.0
2017-10-16,0.0
2017-10-17,0.0
2017-10-18,0.0
2017-10-19,0.0
2017-10-20,0.0
2017-10-21,0.0
2017-10-22,0.0
2017-10-23,0.0
2017-10-24,0.0
2017-10-25,0.0
2017-10-26,0.0
2017-10-27,0.0
2017-10-28,0.0
2017-10-29,0.0
2017-10-30,0.0
2017-10-31,0.0
2017-11-01,0.0
2017-11-02,0.0
2017-11-03,0.0
2017-11-04,0.0
2017-11-05,0.0
2017-11-06,0.0
2017-11-07,0.0
2017-11-08,0.0
2017-11-09,0.0
2017-11-10,0.0
2017-11-11,0.0
2017-11-12,0.0
2017-11-13,0.0
2017-11-14,0.0
2017-11-15,0.0
2017-11-16,0.0
2017-11-17,0.0
2017-11-18,0.0
2017-11-19,0.0
2017-11-20,0.0
2017-11-21,0.0
2017-11-22,0.0
2017-11-23,0.0
2017-11-24,0.0
2017-11-25,0.0
2017-11-26,0.0
2017-11-27,0.0
2017-11-28,0.0
2017-11-29,0.0
2017-11-30,0.0
2017-12-01,0.0
2017-12-02,0.0
2017-12-03,0.0
2017-12-04,0.0
2017-12-05,0.0
2017-12-06,0.0
2017-12-07,0.0
2017-12-08,0.0
2017-12-09,0.0
2017-12-10,0.0
2017-12-11,0.0
2017-12-12,0.0
2017-12-13,0.0
2017-12-14,0.0
2017-12-15,0.0
2017-12-16,0.0
2017-12-17,0.0
2017-12-18,0.0
2017-12-19,0.0
2017-12-20,0.0
2017-12-21,0.0
2017-12-22,0.0
2017-12-23,0.0
2017-12-24,0.0
2017-12-25,0.0
2017-12-26,0.0
2017-12-27,0.0
2017-12-28,0.0
2017-12-29,0.0
2017-12-30,0.0
2017-12-31,0.0
2018-01-01,0.0
2018-01-02,0.0
2018-01-03,0.0
2018-01-04,0.0
2018-01-05,0.0
2018-01-06,0.0
2018-01-07,0.0
2018-01-08,0.0
2018-01-09,0.0
2018-01-10,0.0
2018-01-11,0.0
2018-01-12,0.0
2018-01-13,0.0
2018-01-14,0.0
2018-01-15,0.0
2018-01-16,0.0
2018-01-17,0.0
2018-01-18,0.0
2018-01-19,0.0
2018-01-20,0.0
2018-01-21,0.0
2018-01-22,0.0
2018-01-23,0.0
2018-01-24,0.0
2018-01-25,0.0
2018-01-26,0.0
2018-01-27,0.0
2018-01-28,0.0
2018-01-29,0.0
2018-01-30,0.0
2018-01-31,0.0
2018-02-01,0.0
2018-02-02,0.0
2018-02-03,0.0
2018-02-04,0.0
2018-02-05,0.0
2018-02-06,0.0
2018-02-07,0.0
2018-02-08,0.0
2018-02-09,0.0
2018-02-10,0.0
2018-02-11,0.0
2018-02-12,0.0
2018-02-13,0.0
2018-02-14,0.0
2018-02-15,0.0
2018-02-16,0.0
2018-02-17,0.0
2018-02-18,0.0
2018-02-19,0.0
2018-02-20,0.0
2018-02-21,0.0
2018-02-22,0.0
2018-02-23,0.0
2018-02-24,0.0
2018-02-25,0.0
2018-02-26,0.0
2018-02-27,0.0
2018-02-28,0.0
2018-03-01,0.0
2018-03-02,0.0
2018-03-03,0.0
2018-03-04,0.0
2018-03-05,0.0
2018-03-06,0.0
2018-03-07,0.0
2018-03-08,0.0
2018-03-09,0.0
2018-03-10,0.0
2018-03-11,0.0
2018-03-12,0.0
2018-03-13,0.0
2018-03-14,0.0
2018-03-15,0.0
2018-03-16,0.0
2018-03-17,0.0
2018-03-18,0.0
2018-03-19,0.0
2018-03-20,0.0
2018-03-21,0.0
2018-03-22,0.0
2018-03-23,0.0
2018-03-24,0.0
2018-03-25,0.0
2018-03-26,0.0
2018-03-27,0.0
2018-03-28,0.0
2018-03-29,0.0
2018-03-30,0.0
2018-03-31,0.0
2018-04-01,0.0
2018-04-02,0.0
2018-04-03,0.0
2018-04-04,0.0
2018-04-05,0.0
2018-04-06,0.0
2018-04-07,0.0
2018-04-08,0.0
2018-04-09,0.0
2018-04-10,0.0
2018-04-11,0.0
2018-04-12,0.0
2018-04-13,0.0
2018-04-14,0.0
2018-04-15,0.0
2018-04-16,0.0
2018-04-17,0.0
2018-04-18,0.0
2018-04-19,0.0
2018-04-20,0.0
2018-04-21,0.0
2018-04-22,0.0
2018-04-23,0.0
2018-04-24,0.0
2018-04-25,0.0
2018-04-26,0.0
2018-04-27,0.0
2018-04-28,0.0
2018-04-29,0.0
2018-04-30,0.0
2018-05-01,0.0
2018-05-02,0.0
2018-05-03,0.0
2018-05-04,0.0
2018-05-05,0.0
2018-05-06,0.0
2018-05-07,0.0
2018-05-08,0.0
2018-05-09,0.0
2018-05-10,0.0
2018-05-11,0.0
2018-05-12,0.0
2018-05-13,0.0
2018-05-14,0.0
2018-05-15,0.0
2018-05-16,0.0
2018-05-17,0.0
2018-05-18,0.0
2018-05-19,0.0
2018-05-20,0.0
2018-05-21,0.0
2018-05-22,0.0
2018-05-23,0.0
2018-05-24,0.0
2018-05-25,0.0
2018-05-26,0.0
2018-05-27,0.0
2018-05-28,0.0
2018-05-29,0.0
2018-05-30,0.0
2018-05-31,0.0
2018-06-01,0.0
2018-06-02,0.0
2018-06-03,0.0
2018-06-04,0.0
2018-06-05,0.0
2018-06-06,0.0
2018-06-07,0.0
2018-06-08,0.0
2018-06-09,0.0
2018-06-10,0.0
2018-06-11,0.0
2018-06-12,0.0
2018-06-13,0.0
2018-06-14,0.0
2018-06-15,0.0
2018-06-16,0.0
2018-06-17,0.0
2018-06-18,0.0
2018-06-19,0.0
2018-06-20,0.0
2018-06-21,0.0
2018-06-22,0.0
2018-06-23,0.0
2018-06-24,0.0
2018-06-25,0.0
2018-06-26,0.0
2018-06-27,0.0
2018-06-28,0.0
2018-06-29,0.0
2018-06-30,0.0
2018-07-01,0.0
2018-07-02,0.0
2018-07-03,0.0
2018-07-04,0.0
2018-07-05,0.0
2018-07-06,0.0
2018-07-07,0.0
2018-07-08,0.0
2018-07-09,0.0
2018-07-10,0.0
2018-07-11,0.0
2018-07-12,0.0
2018-07-13,0.0
2018-07-14,0.0
2018-07-15,0.0
2018-07-16,0.0
2018-07-17,0.0
2018-07-18,0.0
2018-07-19,0.0
2018-07-20,0.0
2018-07-21,0.0
2018-07-22,0.0
2018-07-23,0.0
2018-07-24,0.0
2018-07-25,0.0
2018-07-26,0.0
2018-07-27,0.0
2018-07-28,0.0
2018-07-29,0.0
2018-07-30,0.0
2018-07-31,0.0
2018-08-01,0.0
2018-08-02,0.0
2018-08-03,0.0
2018-08-04,0.0
2018-08-05,0.0
2018-08-06,0.0
2018-08-07,0.0
2018-08-08,0.0
2018-08-09,0.0
2018-08-10,0.0
2018-08-11,0.0
2018-08-12,0.0
2018-08-13,0.0
2018-08-14,0.0
2018-08-15,0.0
2018-08-16,0.0
2018-08-17,0.0
2018-08-18,0.0
2018-08-19,0.0
2018-08-20,0.0
2018-08-21,0.0
2018-08-22,0.0
2018-08-23,0.0
2018-08-24,0.0
2018-08-25,0.0
2018-08-26,0.0
2018-08-27,0.0
2018-08-28,0.0
2018-08-29,0.0
2018-08-30,0.0
2018-08-31,0.0
2018-09-01,0.0
2018-09-02,0.0
2018-09-03,0.0
2018-09-04,0.0
2018-09-05,0.0
2018-09-06,0.0
2018-09-07,0.0
2018-09-08,0.0
2018-09-09,0.0
2018-09-10,0.0
2018-09-11,0.0
2018-09-12,0.0
2018-09-13,0.0
2018-09-14,0.0
2018-09-15,0.0
2018-09-16,0.0
2018-09-17,0.0
2018-09-18,0.0
2018-09-19,0.0
2018-09-20,0.0
2018-09-21,0.0
2018-09-22,0.0
2018-09-23,0.0
2018-09-24,0.0
2018-09-25,0.0
2018-09-26,0.0
2018-09-27,0.0
2018-09-28,0.0
2018-09-29,0.0
2018-09-30,0.0
2018-10-01,0.0
2018-10-02,0.0
2018-10-03,0.0
2018-10-04,0.0
2018-10-05,0.0
2018-10-06,0.0
2018-10-07,0.0
2018-10-08,0.0
2018-10-09,0.0
2018-10-10,0.0
2018-10-11,0.0
2018-10-12,0.0
2018-10-13,0.0
2018-10-14,0.0
2018-10-15,0.0
2018-10-16,0.0
2018-10-17,0.0
2018-10-18,0.0
2018-10-19,0.0
2018-10-20,0.0
2018-10-21,0.0
2018-10-22,0.0
2018-10-23,0.0
2018-10-24,0.0
2018-10-25,0.0
2018-10-26,0.0
2018-10-27,0.0
2018-10-28,0.0
2018-10-29,0.0
2018-10-30,0.0
2018-10-31,0.0
2018-11-01,0.0
2018-11-02,0.0
2018-11-03,0.0
2018-11-04,0.0
2018-11-05,0.0
2018-11-06,0.0
2018-11-07,0.0
2018-11-08,0.0
2018-11-09,0.0
2018-11-10,0.0
2018-11-11,0.0
2018-11-12,0.0
2018-11-13,0.0
2018-11-14,0.0
2018-11-15,0.0
2018-11-16,0.0
2018-11-17,0.0
2018-11-18,0.0
2018-11-19,0.0
2018-11-20,0.0
2018-11-21,0.0
2018-11-22,0.0
2018-11-23,0.0
2018-11-24,0.0
2018-11-25,0.0
2018-11-26,0.0
2018-11-27,0.0
2018-11-28,0.0
2018-11-29,0.0
2018-11-30,0.0
2018-12-01,0.0
2018-12-02,0.0
2018-12-03,0.0
2018-12-04,0.0
2018-12-05,0.0
2018-12-06,0.0
2018-12-07,0.0
2018-12-08,0.0
2018-12-09,0.0
2018-12-10,0.0
2018-12-11,0.0
2018-12-12,0.0
2018-12-13,0.0
2018-12-14,0.0
2018-12-15,0.0
2018-12-16,0.0
2018-12-17,0.0
2018-12-18,0.0
2018-12-19,0.0
2018-12-20,0.0
2018-12-21,0.0
2018-12-22,0.0
2018-12-23,0.0
2018-12-24,0.0
2018-12-25,0.0
2018-12-26,0.0
2018-12-27,0.0
2018-12-28,0.0
2018-12-29,0.0
2018-12-30,0.0
2018-12-31,0.0
2019-01-01,0.0
2019-01-02,0.0
2019-01-03,0.0
2019-01-04,0.0
2019-01-05,0.0
2019-01-06,0.0
2019-01-07,0.0
2019-01-08,0.0
2019-01-09,217.13
2019-01-10,140.03
2019-01-11,155.38
2019-01-12,166.85
2019-01-13,179.51
2019-01-14,161.22
2019-01-15,97.48
2019-01-16,105.12
2019-01-17,120.37
2019-01-18,116.5
2019-01-19,115.44
2019-01-20,126.81
2019-01-21,113.6
2019-01-22,159.44
2019-01-23,129.29
2019-01-24,121.03
2019-01-25,101.74
2019-01-26,104.28
2019-01-27,74.06
2019-01-28,72.47
2019-01-29,58.89
2019-01-30,73.78
2019-01-31,128.32
2019-02-01,118.18
2019-02-02,91.4
2019-02-03,100.41
2019-02-04,96.46
2019-02-05,99.72
2019-02-06,96.14
2019-02-07,120.88
2019-02-08,120.88
2019-02-09,64.5
2019-02-10,69.83
2019-02-11,86.47
2019-02-12,88.14
2019-02-13,108.85
2019-02-14,101.31
2019-02-15,90.96
2019-02-16,24.75
2019-02-17,41.96
2019-02-18,60.04
2019-02-19,99.32
2019-02-20,91.77
2019-02-21,90.46
2019-02-22,117.15
2019-02-23,74.2
2019-02-24,57.84
2019-02-25,43.2
2019-02-26,58.96
2019-02-27,42.86
2019-02-28,25.2
2019-03-01,48.98
2019-03-02,80.78
2019-03-03,85.67
2019-03-04,72.84
2019-03-05,81.29
2019-03-06,84.66
2019-03-07,46.5
2019-03-08,58.39
2019-03-09,67.94
2019-03-10,106.54
2019-03-11,85.43
2019-03-12,87.37
2019-03-13,113.48
2019-03-14,69.31
2019-03-15,50.04
2019-03-16,40.09
2019-03-17,60.26
2019-03-18,38.16
2019-03-19,59.07
2019-03-20,68.47
2019-03-21,72.12
2019-03-22,38.02
2019-03-23,45.24
2019-03-24,61.9
2019-03-25,69.58
2019-03-26,85.68
2019-03-27,53.93
2019-03-28,69.81
2019-03-29,102.41
2019-03-30,0.0
2019-03-31,0.0
2019-04-01,54.36
2019-04-02,52.97
2019-04-03,79.81
2019-04-04,60.03
2019-04-05,57.54
2019-04-06,57.57
2019-04-07,38.85
2019-04-08,41.67
2019-04-09,54.19
2019-04-10,48.46
2019-04-11,70.14
2019-04-12,61.71
2019-04-13,55.67
2019-04-14,49.75
2019-04-15,60.83
2019-04-16,71.94
2019-04-17,79.9
2019-04-18,43.59
2019-04-19,34.08
2019-04-20,34.25
2019-04-21,48.17
2019-04-22,46.56
2019-04-23,45.01
2019-04-24,0.0
2019-04-25,0.0
2019-04-26,0.0
2019-04-27,0.0
2019-04-28,0.0
2019-04-29,0.0
2019-04-30,0.0
2019-05-01,0.0
2019-05-02,0.0
2019-05-03,0.0
2019-05-04,0.0
2019-05-05,0.0
2019-05-06,0.0
2019-05-07,0.0
2019-05-08,0.0
2019-05-09,0.0
2019-05-10,0.0
2019-05-11,0.0
2019-05-12,0.0
2019-05-13,0.0
2019-05-14,0.0
2019-05-15,0.0
2019-05-16,0.0
2019-05-17,0.0
2019-05-18,0.0
2019-05-19,0.0
2019-05-20,0.0
2019-05-21,0.0
2019-05-22,0.0
2019-05-23,0.0
2019-05-24,0.0
2019-05-25,0.0
2019-05-26,0.0
2019-05-27,0.0
2019-05-28,0.0
2019-05-29,0.0
2019-05-30,0.0
2019-05-31,0.0
2019-06-01,0.0
2019-06-02,0.0
2019-06-03,0.0
2019-06-04,0.0
2019-06-05,0.0
2019-06-06,0.0
2019-06-07,0.0
2019-06-08,0.0
2019-06-09,0.0
2019-06-10,0.0
2019-06-11,0.0
2019-06-12,0.0
2019-06-13,0.0
2019-06-14,0.0
2019-06-15,0.0
2019-06-16,0.0
2019-06-17,0.0
2019-06-18,0.0
2019-06-19,0.0
2019-06-20,0.0
2019-06-21,0.0
2019-06-22,0.0
2019-06-23,0.0
2019-06-24,0.0
2019-06-25,0.0
2019-06-26,0.0
2019-06-27,0.0
2019-06-28,0.0
2019-06-29,0.0
2019-06-30,0.0
2019-07-01,0.0
2019-07-02,0.0
2019-07-03,0.0
2019-07-04,0.0
2019-07-05,0.0
2019-07-06,0.0
2019-07-07,0.0
2019-07-08,0.0
2019-07-09,0.0
2019-07-10,0.0
2019-07-11,0.0
2019-07-12,0.0
2019-07-13,0.0
2019-07-14,0.0
2019-07-15,0.0
2019-07-16,0.0
2019-07-17,0.0
2019-07-18,0.0
2019-07-19,0.0
2019-07-20,0.0
2019-07-21,0.0
2019-07-22,0.0
2019-07-23,0.0
2019-07-24,0.0
2019-07-25,0.0
2019-07-26,0.0
2019-07-27,0.0
2019-07-28,0.0
2019-07-29,0.0
2019-07-30,0.0
2019-07-31,0.0
2019-08-01,0.0
2019-08-02,0.0
2019-08-03,0.0
2019-08-04,0.0
2019-08-05,0.0
2019-08-06,0.0
2019-08-07,0.0
2019-08-08,0.0
2019-08-09,0.0
2019-08-10,0.0
2019-08-11,0.0
2019-08-12,0.0
2019-08-13,0.0
2019-08-14,0.0
2019-08-15,0.0
2019-08-16,0.0
2019-08-17,0.0
2019-08-18,0.0
2019-08-19,14.18
2019-08-20,14.0
2019-08-21,18.63
2019-08-22,18.0
2019-08-23,11.4
2019-08-24,11.0
2019-08-25,11.0
2019-08-26,11.0
2019-08-27,11.0
2019-08-28,11.0
2019-08-29,11.0
2019-08-30,11.0
2019-08-31,11.0
2019-09-01,11.0
2019-09-02,11.0
2019-09-03,11.0
2019-09-04,11.0
2019-09-05,11.0
2019-09-06,11.0
2019-09-07,11.0
2019-09-08,11.0
2019-09-09,12.17
2019-09-10,15.0
2019-09-11,15.0
2019-09-12,15.0
2019-09-13,15.0
2019-09-14,15.0
2019-09-15,15.0
2019-09-16,15.0
2019-09-17,16.56
2019-09-18,45.2
2019-09-19,50.98
2019-09-20,39.27
2019-09-21,57.3
2019-09-22,60.6
2019-09-23,53.91
2019-09-24,45.2
2019-09-25,41.67
2019-09-26,36.02
2019-09-27,34.95
2019-09-28,38.95
2019-09-29,40.68
2019-09-30,27.67
2019-10-01,0.0
2019-10-02,0.0
2019-10-03,38.01
2019-10-04,42.99
2019-10-05,57.89
2019-10-06,56.7
2019-10-07,50.2
2019-10-08,41.38
2019-10-09,41.9
2019-10-10,42.01
2019-10-11,52.04
2019-10-12,59.98
2019-10-13,44.37
2019-10-14,63.43
2019-10-15,79.47
2019-10-16,73.9
2019-10-17,91.02
2019-10-18,50.11
2019-10-19,63.06
2019-10-20,43.39
2019-10-21,38.41
2019-10-22,51.9
2019-10-23,66.99
2019-10-24,33.44
2019-10-25,28.03
2019-10-26,24.21
2019-10-27,48.94
2019-10-28,54.86
2019-10-29,60.84
2019-10-30,54.31
2019-10-31,69.65
2019-11-01,69.63
2019-11-02,64.19
2019-11-03,84.44
2019-11-04,81.96
2019-11-05,78.73
2019-11-06,73.1
2019-11-07,87.87
2019-11-08,82.13
2019-11-09,45.74
2019-11-10,42.71
2019-11-11,55.88
2019-11-12,62.87
2019-11-13,80.47
2019-11-14,90.81
2019-11-15,82.54
2019-11-16,81.0
2019-11-17,74.97
2019-11-18,95.43
2019-11-19,82.1
2019-11-20,100.62
2019-11-21,150.71
2019-11-22,0.0
2019-11-23,0.0
2019-11-24,126.72
2019-11-25,141.93
2019-11-26,123.22
2019-11-27,136.04
2019-11-28,110.73
2019-11-29,101.64
2019-11-30,86.49
2019-12-01,75.02
2019-12-02,78.88
2019-12-03,88.18
2019-12-04,91.95
2019-12-05,86.48
2019-12-06,97.29
2019-12-07,97.86
2019-12-08,104.32
2019-12-09,91.18
2019-12-10,96.83
2019-12-11,105.64
2019-12-12,114.61
2019-12-13,140.04
2019-12-14,96.73
2019-12-15,79.29
2019-12-16,56.64
2019-12-17,60.75
2019-12-18,139.78
2019-12-19,63.54
2019-12-20,74.1
2019-12-21,69.56
2019-12-22,79.04
2019-12-23,93.46
2019-12-24,84.61
2019-12-25,74.47
2019-12-26,92.56
2019-12-27,79.43
2019-12-28,74.85
2019-12-29,63.67
2019-12-30,70.97
2019-12-31,79.71
2020-01-01,64.59
2020-01-02,61.48
2020-01-03,43.86
2020-01-04,53.06
2020-01-05,39.78
2020-01-06,53.52
2020-01-07,70.22
2020-01-08,84.12
2020-01-09,66.1
2020-01-10,47.62
2020-01-11,53.03
2020-01-12,50.35
2020-01-13,69.44
2020-01-14,80.32
2020-01-15,72.55
2020-01-16,75.36
2020-01-17,62.11
2020-01-18,59.65
2020-01-19,49.58
2020-01-20,46.85
2020-01-21,63.67
2020-01-22,80.76
2020-01-23,75.46
2020-01-24,49.17
2020-01-25,57.58
2020-01-26,48.99
2020-01-27,53.16
2020-01-28,75.91
2020-01-29,77.89
2020-01-30,73.8
2020-01-31,63.95
2020-02-01,65.93
2020-02-02,49.91
2020-02-03,52.27
2020-02-04,66.67
2020-02-05,62.9
2020-02-06,47.42
2020-02-07,74.59
2020-02-08,83.58
2020-02-09,0.0
2020-02-10,95.63
2020-02-11,87.29
2020-02-12,82.96
2020-02-13,94.45
2020-02-14,86.25
2020-02-15,55.96
2020-02-16,56.39
2020-02-17,77.24
2020-02-18,85.23
2020-02-19,99.05
2020-02-20,117.17
2020-02-21,94.88
2020-02-22,101.24
2020-02-23,75.34
2020-02-24,62.61
2020-02-25,58.77
2020-02-26,63.81
2020-02-27,59.71
2020-02-28,73.75
2020-02-29,91.52
2020-03-01,97.24
2020-03-02,96.88
2020-03-03,97.87
2020-03-04,54.15
2020-03-05,38.98
2020-03-06,52.5
2020-03-07,30.3
2020-03-08,0.0
2020-03-09,0.0
2020-03-10,0.0
2020-03-11,0.0
2020-03-12,0.0
2020-03-13,0.0
2020-03-14,0.0
2020-03-15,0.0
2020-03-16,91.48
2020-03-17,43.53
2020-03-18,29.31
2020-03-19,34.74
2020-03-20,56.29
2020-03-21,95.19
2020-03-22,84.8
2020-03-23,82.65
2020-03-24,90.55
2020-03-25,66.1
2020-03-26,35.51
2020-03-27,52.07
2020-03-28,53.1
2020-03-29,44.57
2020-03-30,45.82
2020-03-31,57.22
2020-04-01,70.65
2020-04-02,81.31
2020-04-03,54.69
2020-04-04,71.96
2020-04-05,55.22
2020-04-06,60.45
2020-04-07,79.89
2020-04-08,57.34
2020-04-09,44.65
2020-04-10,77.66
2020-04-11,71.54
2020-04-12,59.27
2020-04-13,52.56
2020-04-14,50.88
2020-04-15,46.85
2020-04-16,27.64
2020-04-17,40.6
2020-04-18,43.36
2020-04-19,28.27
2020-04-20,24.83
2020-04-21,19.18
2020-04-22,14.36
2020-04-23,28.23
2020-04-24,16.54
2020-04-25,13.14
2020-04-26,20.29
2020-04-27,20.39
2020-04-28,11.75
2020-04-29,18.84
2020-04-30,40.24
2020-05-01,38.03
2020-05-02,27.08
2020-05-03,32.4
2020-05-04,34.5
2020-05-05,27.08
2020-05-06,10.04
2020-05-07,18.7
2020-05-08,31.7
2020-05-09,63.25
2020-05-10,49.33
2020-05-11,37.77
2020-05-12,60.69
2020-05-13,53.4
2020-05-14,58.71
2020-05-15,61.12
2020-05-16,74.26
2020-05-17,76.23
2020-05-18,85.15
2020-05-19,45.71
2020-05-20,45.54
2020-05-21,16.54
2020-05-22,36.21
2020-05-23,70.46
2020-05-24,68.23
2020-05-25,53.62
2020-05-26,55.68
2020-05-27,56.15
2020-05-28,48.21
2020-05-29,43.84
2020-05-30,46.69
2020-05-31,32.79
2020-06-01,30.4
2020-06-02,23.9
2020-06-03,0.0
2020-06-04,0.0
2020-06-05,0.0
2020-06-06,0.0
2020-06-07,0.0
2020-06-08,0.0
2020-06-09,0.0
2020-06-10,0.0
2020-06-11,0.0
2020-06-12,0.0
2020-06-13,0.0
2020-06-14,0.0
2020-06-15,0.0
2020-06-16,0.0
2020-06-17,0.0
2020-06-18,0.0
2020-06-19,0.0
2020-06-20,0.0
2020-06-21,0.0
2020-06-22,0.0
2020-06-23,0.0
2020-06-24,0.0
2020-06-25,0.0
2020-06-26,0.0
2020-06-27,0.0
2020-06-28,0.0
2020-06-29,0.0
2020-06-30,0.0
2020-07-01,0.0
2020-01-22,46.54
2020-01-23,62.48
2020-01-24,62.87
2020-01-25,61.76
2020-01-26,66.76
2020-01-27,67.99
2020-01-28,68.04
2020-01-29,71.79
2020-01-30,52.43
2020-01-31,46.71
2020-02-01,43.87
2020-02-02,43.18
2020-02-03,53.08
2020-02-04,61.09
2020-02-05,63.96
2020-02-06,45.35
2020-02-07,53.29
2020-02-08,49.9
2020-02-09,43.48
2020-02-10,46.11
2020-02-11,46.9
2020-02-12,56.29
2020-02-13,60.32
2020-02-14,59.82
2020-02-15,64.43
2020-02-16,51.19
2020-02-17,62.65
2020-02-18,67.72
2020-02-19,143.85
2020-02-20,66.64
2020-02-21,69.07
2020-02-22,49.41
2020-02-23,48.39
2020-02-24,58.24
2020-02-25,50.07
2020-02-26,71.43
2020-02-27,56.51
2020-02-28,54.02
2020-02-29,47.0
2020-03-01,47.81
2020-03-02,41.58
2020-03-03,38.21
2020-03-04,35.82
2020-03-05,52.44
2020-03-06,35.12
2020-03-07,33.79
2020-03-08,35.83
2020-03-09,30.75
2020-03-10,42.87
2020-03-11,31.4
2020-03-12,23.38
2020-03-13,33.99
2020-03-14,38.1
2020-03-15,45.83
2020-03-16,45.59
2020-03-17,57.2
2020-03-18,64.91
2020-03-19,51.74
2020-03-20,37.73
2020-03-21,44.52
2020-03-22,18.12
2020-03-23,29.44
2020-03-24,28.84
2020-03-25,21.07
2020-03-26,21.94
2020-03-27,34.79
2020-03-28,38.79
2020-03-29,19.53
2020-03-30,27.73
2020-03-31,22.34
2020-04-01,30.75
2020-04-02,34.89
2020-04-03,24.16
2020-04-04,24.83
2020-04-05,18.62
2020-04-06,10.46
2020-04-07,14.02
2020-04-08,22.53
2020-04-09,15.99
2020-04-10,13.58
2020-04-11,15.42
2020-04-12,16.76
2020-04-13,29.88
2020-04-14,27.88
2020-04-15,17.69
2020-04-16,19.24
2020-04-17,20.29
2020-04-18,17.57
2020-04-19,25.49
2020-04-20,18.74
2020-04-21,13.76
2020-04-22,11.74
2020-04-23,15.58
2020-04-24,13.05
2020-04-25,18.36
2020-04-26,27.82
2020-04-27,17.1
2020-04-28,16.06
2020-04-29,12.18
2020-04-30,25.37
2020-05-01,15.63
2020-05-02,17.28
2020-05-03,25.3
2020-05-04,20.54
2020-05-05,26.15
2020-05-06,7.97
2020-05-07,18.39
2020-05-08,11.06
2020-05-09,13.96
2020-05-10,20.77
2020-05-11,11.22
2020-05-12,23.25
2020-05-13,14.03
2020-05-14,20.94
2020-05-15,17.87
2020-05-16,11.95
2020-05-17,20.07
2020-05-18,21.02
2020-05-19,23.76
2020-05-20,13.62
2020-05-21,8.57
2020-05-22,12.14
2020-05-23,22.63
2020-05-24,16.35
2020-05-25,16.61
2020-05-26,20.02
2020-05-27,16.07
2020-05-28,6.82
2020-05-29,19.36
2020-05-30,14.26
2020-05-31,8.84
2020-06-01,10.84
2020-06-02,9.18
2020-06-03,9.81
2020-06-04,10.08
2020-06-05,8.13
2020-06-06,8.72
2020-06-07,11.87
2020-06-08,21.24
2020-06-09,32.95
2020-06-10,27.31
2020-06-11,15.88
2020-06-12,21.57
2020-06-13,24.26
2020-06-14,11.84
2020-06-15,26.22
2020-06-16,17.36
2020-06-17,29.39
2020-06-18,24.31
2020-06-19,21.73
2020-06-20,22.44
2020-06-21,6.59
2020-06-22,15.96
2020-06-23,27.62
2020-06-24,37.61
2020-06-25,17.16
2020-06-26,14.27
2020-06-27,16.29
2020-06-28,13.42
2020-06-29,19.95
2020-06-30,19.36
2020-07-01,5.97
2018-04-10,34.38
2018-04-11,29.0
2018-04-12,21.7
2018-04-13,23.09
2018-04-14,21.56
2018-04-15,30.28
2018-04-16,26.72
2018-04-17,24.37
2018-04-18,0.0
2018-04-19,0.0
2018-04-20,0.0
2018-04-21,0.0
2018-04-22,0.0
2018-04-23,0.0
2018-04-24,0.0
2018-04-25,0.0
2018-04-26,0.0
2018-04-27,0.0
2018-04-28,0.0
2018-04-29,0.0
2018-04-30,0.0
2018-05-01,0.0
2018-05-02,0.0
2018-05-03,0.0
2018-05-04,0.0
2018-05-05,0.0
2018-05-06,0.0
2018-05-07,0.0
2018-05-08,0.0
2018-05-09,0.0
2018-05-10,0.0
2018-05-11,0.0
2018-05-12,0.0
2018-05-13,0.0
2018-05-14,0.0
2018-05-15,0.0
2018-05-16,0.0
2018-05-17,0.0
2018-05-18,0.0
2018-05-19,8.61
2018-05-20,0.0
2018-05-21,0.0
2018-05-22,0.0
2018-05-23,0.0
2018-05-24,0.0
2018-05-25,0.0
2018-05-26,0.0
2018-05-27,0.0
2018-05-28,0.0
2018-05-29,0.0
2018-05-30,0.0
2018-05-31,0.0
2018-06-01,0.0
2018-06-02,0.0
2018-06-03,0.0
2018-06-04,4.99
2018-06-05,0.0
2018-06-06,0.0
2018-06-07,3.56
2018-06-08,0.0
2018-06-09,0.0
2018-06-10,0.0
2018-06-11,0.0
2018-06-12,0.0
2018-06-13,0.0
2018-06-14,0.0
2018-06-15,51.23
2018-06-16,47.55
2018-06-17,45.04
2018-06-18,50.1
2018-06-19,39.25
2018-06-20,24.44
2018-06-21,31.68
2018-06-22,25.22
2018-06-23,22.95
2018-06-24,24.61
2018-06-25,28.6
2018-06-26,30.5
2018-06-27,22.66
2018-06-28,24.4
2018-06-29,16.11
2018-06-30,28.7
2018-07-01,27.7
2018-07-02,29.26
2018-07-03,27.81
2018-07-04,33.61
2018-07-05,42.66
2018-07-06,40.26
2018-07-07,18.54
2018-07-08,9.84
2018-07-09,15.7
2018-07-10,18.81
2018-07-11,18.01
2018-07-12,18.38
2018-07-13,13.55
2018-07-14,12.25
2018-07-15,7.72
2018-07-16,7.64
2018-07-17,12.9
2018-07-18,14.91
2018-07-19,16.16
2018-07-20,17.75
2018-07-21,6.06
2018-07-22,6.68
2018-07-23,22.03
2018-07-24,23.92
2018-07-25,32.59
2018-07-26,23.63
2018-07-27,28.19
2018-07-28,40.4
2018-07-29,44.14
2018-07-30,33.26
2018-07-31,37.07
2018-08-01,29.1
2018-08-02,33.29
2018-08-03,41.84
2018-08-04,42.38
2018-08-05,33.39
2018-08-06,33.48
2018-08-07,15.58
2018-08-08,18.05
2018-08-09,17.7
2018-08-10,22.57
2018-08-11,19.17
2018-08-12,16.08
2018-08-13,14.69
2018-08-14,11.39
2018-08-15,6.93
2018-08-16,12.13
2018-08-17,16.13
2018-08-18,17.0
2018-08-19,27.16
2018-08-20,12.88
2018-08-21,8.15
2018-08-22,23.34
2018-08-23,30.55
2018-08-24,30.26
2018-08-25,20.94
2018-08-26,7.93
2018-08-27,7.05
2018-08-28,12.35
2018-08-29,14.53
2018-08-30,29.25
2018-08-31,33.6
2018-09-01,12.81
2018-09-02,17.66
2018-09-03,33.71
2018-09-04,49.03
2018-09-05,29.75
2018-09-06,11.17
2018-09-07,14.2
2018-09-08,20.14
2018-09-09,19.4
2018-09-10,29.06
2018-09-11,35.32
2018-09-12,46.23
2018-09-13,56.84
2018-09-14,55.87
2018-09-15,56.61
2018-09-16,61.52
2018-09-17,66.04
2018-09-18,61.13
2018-09-19,63.91
2018-09-20,19.06
2018-09-21,7.63
2018-09-22,15.65
2018-09-23,19.86
2018-09-24,21.67
2018-09-25,35.85
2018-09-26,46.55
2018-09-27,57.59
2018-09-28,63.57
2018-09-29,60.23
2018-09-30,66.41
2018-10-01,70.58
2018-10-02,62.53
2018-10-03,61.41
2018-10-04,79.58
2018-10-05,91.06
2018-10-06,99.65
2018-10-07,101.69
2018-10-08,102.72
2018-10-09,49.4
2018-10-10,9.55
2018-10-11,8.51
2018-10-12,17.35
2018-10-13,22.46
2018-10-14,34.8
2018-10-15,48.46
2018-10-16,59.26
2018-10-17,86.87
2018-10-18,79.18
2018-10-19,83.31
2018-10-20,100.26
2018-10-21,97.88
2018-10-22,101.08
2018-10-23,107.64
2018-10-24,100.85
2018-10-25,91.93
2018-10-26,123.38
2018-10-27,106.58
2018-10-28,83.47
2018-10-29,28.53
2018-10-30,17.27
2018-10-31,9.37
2018-11-01,23.18
2018-11-02,30.72
2018-11-03,41.75
2018-11-04,30.55
2018-11-05,32.08
2018-11-06,102.66
2018-11-07,233.1
2018-11-08,276.33
2018-11-09,183.88
2018-11-10,171.76
2018-11-11,132.37
2018-11-12,143.84
2018-11-13,183.64
2018-11-14,190.03
2018-11-15,172.8
2018-11-16,142.65
2018-11-17,131.5
2018-11-18,156.47
2018-11-19,130.82
2018-11-20,160.56
2018-11-21,154.97
2018-11-22,199.32
2018-11-23,187.21
2018-11-24,206.07
2018-11-25,243.93
2018-11-26,164.48
2018-11-27,99.56
2018-11-28,98.39
2018-11-29,105.53
2018-11-30,116.97
2018-12-01,153.41
2018-12-02,153.39
2018-12-03,168.37
2018-12-04,183.93
2018-12-05,239.87
2018-12-06,220.71
2018-12-07,267.93
2018-12-08,253.8
2018-12-09,227.13
2018-12-10,199.91
2018-12-11,211.39
2018-12-12,183.49
2018-12-13,130.86
2018-12-14,130.09
2018-12-15,133.61
2018-12-16,121.38
2018-12-17,116.95
2018-12-18,64.86
2018-12-19,74.22
2018-12-20,122.11
2018-12-21,204.44
2018-12-22,231.21
2018-12-23,204.65
2018-12-24,177.51
2018-12-25,209.44
2018-12-26,197.41
2018-12-27,258.54
2018-12-28,222.12
2018-12-29,237.11
2018-12-30,187.3
2018-12-31,177.21
2019-01-01,209.31
2019-01-02,172.39
2019-01-03,244.09
2019-01-04,264.84
2019-01-05,219.26
2019-01-06,159.43
2019-01-07,158.89
2019-01-08,175.47
2019-01-09,189.25
2019-01-10,227.08
2019-01-11,211.01
2019-01-12,264.75
2019-01-13,219.44
2019-01-14,282.9
2019-01-15,217.59
2019-01-16,157.3
2019-01-17,208.75
2019-01-18,230.95
2019-01-19,269.06
2019-01-20,252.42
2019-01-21,266.1
2019-01-22,304.74
2019-01-23,282.8
2019-01-24,214.45
2019-01-25,157.14
2019-01-26,126.08
2019-01-27,112.94
2019-01-28,112.49
2019-01-29,97.05
2019-01-30,103.58
2019-01-31,153.89
2019-02-01,163.65
2019-02-02,207.09
2019-02-03,183.64
2019-02-04,164.48
2019-02-05,169.86
2019-02-06,194.51
2019-02-07,180.67
2019-02-08,153.28
2019-02-09,113.11
2019-02-10,57.85
2019-02-11,90.05
2019-02-12,125.98
2019-02-13,130.91
2019-02-14,195.34
2019-02-15,206.83
2019-02-16,115.8
2019-02-17,96.52
2019-02-18,113.34
2019-02-19,152.16
2019-02-20,95.73
2019-02-21,157.09
2019-02-22,94.94
2019-02-23,106.79
2019-02-24,114.95
2019-02-25,81.45
2019-02-26,49.4
2019-02-27,28.96
2019-02-28,36.08
2019-03-01,60.77
2019-03-02,85.85
2019-03-03,114.86
2019-03-04,97.47
2019-03-05,56.44
2019-03-06,73.88
2019-03-07,89.06
2019-03-08,82.36
2019-03-09,85.52
2019-03-10,66.32
2019-03-11,64.17
2019-03-12,90.0
2019-03-13,68.87
2019-03-14,89.98
2019-03-15,88.46
2019-03-16,52.9
2019-03-17,75.4
2019-03-18,48.07
2019-03-19,60.48
2019-03-20,67.03
2019-03-21,60.11
2019-03-22,50.03
2019-03-23,67.63
2019-03-24,81.82
2019-03-25,100.22
2019-03-26,82.49
2019-03-27,62.36
2019-03-28,61.16
2019-03-29,53.72
2019-03-30,54.17
2019-03-31,50.23
2019-04-01,27.98
2019-04-02,47.53
2019-04-03,43.55
2019-04-04,41.47
2019-04-05,43.05
2019-04-06,41.82
2019-04-07,33.47
2019-04-08,34.9
2019-04-09,36.38
2019-04-10,30.36
2019-04-11,36.29
2019-04-12,34.96
2019-04-13,38.4
2019-04-14,37.68
2019-04-15,37.91
2019-04-16,52.47
2019-04-17,64.22
2019-04-18,76.6
2019-04-19,77.82
2019-04-20,55.14
2019-04-21,41.44
2019-04-22,47.76
2019-04-23,38.95
2019-04-24,36.62
2019-04-25,32.45
2019-04-26,40.39
2019-04-27,46.78
2019-04-28,37.93
2019-04-29,27.48
2019-04-30,24.32
2019-05-01,19.24
2019-05-02,17.81
2019-05-03,16.59
2019-05-04,22.34
2019-05-05,55.45
2019-05-06,55.4
2019-05-07,61.78
2019-05-08,67.4
2019-05-09,66.57
2019-05-10,65.47
2019-05-11,55.4
2019-05-12,53.61
2019-05-13,47.28
2019-05-14,37.4
2019-05-15,42.19
2019-05-16,44.95
2019-05-17,52.68
2019-05-18,50.03
2019-05-19,51.42
2019-05-20,43.74
2019-05-21,38.55
2019-05-22,40.31
2019-05-23,32.48
2019-05-24,33.18
2019-05-25,30.37
2019-05-26,36.76
2019-05-27,47.25
2019-05-28,43.54
2019-05-29,44.23
2019-05-30,37.55
2019-05-31,31.79
2019-06-01,36.25
2019-06-02,28.84
2019-06-03,31.32
2019-06-04,31.93
2019-06-05,27.66
2019-06-06,20.3
2019-06-07,19.04
2019-06-08,15.87
2019-06-09,31.08
2019-06-10,34.28
2019-06-11,31.04
2019-06-12,32.61
2019-06-13,43.52
2019-06-14,52.05
2019-06-15,37.14
2019-06-16,31.52
2019-06-17,50.58
2019-06-18,48.86
2019-06-19,50.99
2019-06-20,41.77
2019-06-21,19.24
2019-06-22,19.23
2019-06-23,17.54
2019-06-24,26.09
2019-06-25,21.93
2019-06-26,19.68
2019-06-27,22.86
2019-06-28,31.59
2019-06-29,44.03
2019-06-30,47.54
2019-07-01,23.16
2019-07-02,17.6
2019-07-03,20.48
2019-07-04,32.09
2019-07-05,27.6
2019-07-06,28.76
2019-07-07,19.65
2019-07-08,27.94
2019-07-09,26.94
2019-07-10,26.2
2019-07-11,28.7
2019-07-12,29.63
2019-07-13,35.3
2019-07-14,41.91
2019-07-15,45.48
2019-07-16,43.74
2019-07-17,57.6
2019-07-18,44.18
2019-07-19,15.02
2019-07-20,22.92
2019-07-21,25.98
2019-07-22,19.9
2019-07-23,16.06
2019-07-24,14.63
2019-07-25,36.9
2019-07-26,32.16
2019-07-27,25.09
2019-07-28,12.07
2019-07-29,10.12
2019-07-30,21.44
2019-07-31,23.4
2019-08-01,23.61
2019-08-02,17.93
2019-08-03,25.22
2019-08-04,39.37
2019-08-05,33.97
2019-08-06,25.88
2019-08-07,9.07
2019-08-08,11.36
2019-08-09,21.7
2019-08-10,32.78
2019-08-11,45.57
2019-08-12,29.86
2019-08-13,13.17
2019-08-14,29.6
2019-08-15,25.81
2019-08-16,27.99
2019-08-17,20.92
2019-08-18,18.3
2019-08-19,13.95
2019-08-20,27.41
2019-08-21,30.31
2019-08-22,31.91
2019-08-23,18.15
2019-08-24,18.41
2019-08-25,13.74
2019-08-26,12.82
2019-08-27,16.68
2019-08-28,24.71
2019-08-29,14.31
2019-08-30,18.83
2019-08-31,16.54
2019-09-01,26.16
2019-09-02,15.99
2019-09-03,10.64
2019-09-04,10.37
2019-09-05,10.02
2019-09-06,8.77
2019-09-07,11.06
2019-09-08,12.63
2019-09-09,18.89
2019-09-10,20.96
2019-09-11,15.06
2019-09-12,18.3
2019-09-13,13.73
2019-09-14,18.34
2019-09-15,22.12
2019-09-16,20.66
2019-09-17,19.19
2019-09-18,12.38
2019-09-19,9.88
2019-09-20,20.57
2019-09-21,26.92
2019-09-22,22.27
2019-09-23,13.46
2019-09-24,7.86
2019-09-25,11.71
2019-09-26,18.45
2019-09-27,19.27
2019-09-28,19.66
2019-09-29,14.96
2019-09-30,14.36
2019-10-01,32.51
2019-10-02,53.48
2019-10-03,38.11
2019-10-04,32.16
2019-10-05,36.38
2019-10-06,41.4
2019-10-07,33.22
2019-10-08,25.16
2019-10-09,11.61
2019-10-10,14.75
2019-10-11,37.23
2019-10-12,50.35
2019-10-13,69.61
2019-10-14,69.89
2019-10-15,64.09
2019-10-16,56.62
2019-10-17,50.03
2019-10-18,62.88
2019-10-19,61.12
2019-10-20,63.0
2019-10-21,87.18
2019-10-22,68.66
2019-10-23,83.63
2019-10-24,34.47
2019-10-25,17.39
2019-10-26,33.33
2019-10-27,97.83
2019-10-28,129.59
2019-10-29,120.12
2019-10-30,102.54
2019-10-31,106.31
2019-11-01,101.59
2019-11-02,75.18
2019-11-03,67.16
2019-11-04,71.91
2019-11-05,118.34
2019-11-06,141.21
2019-11-07,88.07
2019-11-08,50.55
2019-11-09,11.92
2019-11-10,19.4
2019-11-11,31.74
2019-11-12,83.3
2019-11-13,93.94
2019-11-14,78.47
2019-11-15,73.73
2019-11-16,86.92
2019-11-17,91.89
2019-11-18,106.34
2019-11-19,94.08
2019-11-20,93.97
2019-11-21,90.03
2019-11-22,89.43
2019-11-23,110.7
2019-11-24,132.43
2019-11-25,117.23
2019-11-26,117.32
2019-11-27,114.92
2019-11-28,74.28
2019-11-29,83.26
2019-11-30,107.68
2019-12-01,92.93
2019-12-02,82.72
2019-12-03,95.06
2019-12-04,101.36
2019-12-05,85.69
2019-12-06,71.72
2019-12-07,68.23
2019-12-08,76.4
2019-12-09,61.42
2019-12-10,57.4
2019-12-11,74.26
2019-12-12,67.18
2019-12-13,101.93
2019-12-14,121.48
2019-12-15,96.64
2019-12-16,60.88
2019-12-17,65.04
2019-12-18,69.51
2019-12-19,68.66
2019-12-20,83.06
2019-12-21,121.14
2019-12-22,109.38
2019-12-23,120.65
2019-12-24,123.92
2019-12-25,104.65
2019-12-26,107.72
2019-12-27,79.44
2019-12-28,118.6
2019-12-29,95.05
2019-12-30,114.01
2019-12-31,128.67
2020-01-01,128.62
2020-01-02,114.73
2020-01-03,54.29
2020-01-04,47.11
2020-01-05,91.78
2020-01-06,94.41
2020-01-07,101.15
2020-01-08,107.83
2020-01-09,84.88
2020-01-10,84.49
2020-01-11,78.54
2020-01-12,83.17
2020-01-13,89.03
2020-01-14,146.7
2020-01-15,176.49
2020-01-16,145.88
2020-01-17,111.02
2020-01-18,82.65
2020-01-19,83.41
2020-01-20,62.35
2020-01-21,75.02
2020-01-22,102.79
2020-01-23,118.1
2020-01-24,84.27
2020-01-25,62.5
2020-01-26,106.39
2020-01-27,107.8
2020-01-28,115.41
2020-01-29,51.86
2020-01-30,56.91
2020-01-31,73.09
2020-02-01,61.11
2020-02-02,67.01
2020-02-03,66.42
2020-02-04,79.24
2020-02-05,101.36
2020-02-06,78.36
2020-02-07,80.67
2020-02-08,110.11
2020-02-09,89.17
2020-02-10,80.91
2020-02-11,106.37
2020-02-12,101.11
2020-02-13,99.03
2020-02-14,106.87
2020-02-15,71.25
2020-02-16,100.15
2020-02-17,101.37
2020-02-18,92.52
2020-02-19,84.06
2020-02-20,58.63
2020-02-21,81.15
2020-02-22,107.24
2020-02-23,94.78
2020-02-24,106.36
2020-02-25,82.03
2020-02-26,40.94
2020-02-27,45.0
2020-02-28,73.23
2020-02-29,73.68
2020-03-01,92.08
2020-03-02,97.45
2020-03-03,82.48
2020-03-04,50.13
2020-03-05,34.26
2020-03-06,36.1
2020-03-07,32.81
2020-03-08,37.96
2020-03-09,57.01
2020-03-10,65.59
2020-03-11,56.77
2020-03-12,57.54
2020-03-13,57.2
2020-03-14,52.17
2020-03-15,23.34
2020-03-16,56.05
2020-03-17,61.94
2020-03-18,77.16
2020-03-19,86.38
2020-03-20,42.09
2020-03-21,47.22
2020-03-22,16.18
2020-03-23,29.31
2020-03-24,33.21
2020-03-25,53.01
2020-03-26,37.02
2020-03-27,48.1
2020-03-28,46.57
2020-03-29,40.85
2020-03-30,43.56
2020-03-31,44.67
2020-04-01,50.19
2020-04-02,42.51
2020-04-03,43.08
2020-04-04,60.85
2020-04-05,47.78
2020-04-06,38.78
2020-04-07,39.33
2020-04-08,23.45
2020-04-09,20.26
2020-04-10,19.11
2020-04-11,18.03
2020-04-12,23.56
2020-04-13,24.5
2020-04-14,26.65
2020-04-15,24.33
2020-04-16,30.15
2020-04-17,21.85
2020-04-18,18.37
2020-04-19,13.35
2020-04-20,14.57
2020-04-21,11.81
2020-04-22,16.18
2020-04-23,13.48
2020-04-24,10.49
2020-04-25,15.3
2020-04-26,15.74
2020-04-27,10.67
2020-04-28,7.71
2020-04-29,16.66
2020-04-30,13.88
2020-05-01,10.46
2020-05-02,16.81
2020-05-03,18.04
2020-05-04,22.15
2020-05-05,17.49
2020-05-06,12.66
2020-05-07,16.77
2020-05-08,16.16
2020-05-09,21.76
2020-05-10,19.3
2020-05-11,19.21
2020-05-12,29.09
2020-05-13,24.23
2020-05-14,16.61
2020-05-15,12.3
2020-05-16,11.23
2020-05-17,10.61
2020-05-18,12.93
2020-05-19,8.32
2020-05-20,10.3
2020-05-21,7.3
2020-05-22,17.4
2020-05-23,21.78
2020-05-24,18.89
2020-05-25,16.54
2020-05-26,15.14
2020-05-27,13.81
2020-05-28,15.07
2020-05-29,17.5
2020-05-30,15.02
2020-05-31,14.29
2020-06-01,12.65
2020-06-02,12.76
2020-06-03,14.58
2020-06-04,16.0
2020-06-05,11.25
2020-06-06,16.85
2020-06-07,24.22
2020-06-08,23.13
2020-06-09,19.63
2020-06-10,14.39
2020-06-11,6.99
2020-06-12,8.7
2020-06-13,8.96
2020-06-14,9.93
2020-06-15,11.99
2020-06-16,9.9
2020-06-17,14.57
2020-06-18,15.18
2020-06-19,18.5
2020-06-20,11.11
2020-06-21,9.3
2020-06-22,13.7
2020-06-23,15.9
2020-06-24,16.98
2020-06-25,15.53
2020-06-26,9.59
2020-06-27,7.89
2020-06-28,10.58
2020-06-29,14.53
2020-06-30,14.0
2020-07-01,10.53
2015-01-01,0.0
2015-01-02,0.0
2015-01-03,0.0
2015-01-04,0.0
2015-01-05,0.0
2015-01-06,0.0
2015-01-07,0.0
2015-01-08,0.0
2015-01-09,0.0
2015-01-10,0.0
2015-01-11,0.0
2015-01-12,0.0
2015-01-13,0.0
2015-01-14,0.0
2015-01-15,0.0
2015-01-16,0.0
2015-01-17,0.0
2015-01-18,0.0
2015-01-19,0.0
2015-01-20,0.0
2015-01-21,0.0
2015-01-22,0.0
2015-01-23,0.0
2015-01-24,0.0
2015-01-25,0.0
2015-01-26,0.0
2015-01-27,0.0
2015-01-28,0.0
2015-01-29,0.0
2015-01-30,0.0
2015-01-31,0.0
2015-02-01,0.0
2015-02-02,0.0
2015-02-03,0.0
2015-02-04,0.0
2015-02-05,0.0
2015-02-06,0.0
2015-02-07,0.0
2015-02-08,0.0
2015-02-09,0.0
2015-02-10,0.0
2015-02-11,0.0
2015-02-12,0.0
2015-02-13,0.0
2015-02-14,0.0
2015-02-15,0.0
2015-02-16,0.0
2015-02-17,0.0
2015-02-18,0.0
2015-02-19,0.0
2015-02-20,0.0
2015-02-21,0.0
2015-02-22,0.0
2015-02-23,0.0
2015-02-24,0.0
2015-02-25,0.0
2015-02-26,0.0
2015-02-27,0.0
2015-02-28,0.0
2015-03-01,0.0
2015-03-02,0.0
2015-03-03,0.0
2015-03-04,0.0
2015-03-05,0.0
2015-03-06,0.0
2015-03-07,0.0
2015-03-08,0.0
2015-03-09,0.0
2015-03-10,0.0
2015-03-11,0.0
2015-03-12,0.0
2015-03-13,0.0
2015-03-14,0.0
2015-03-15,0.0
2015-03-16,0.0
2015-03-17,0.0
2015-03-18,0.0
2015-03-19,0.0
2015-03-20,742.67
2015-03-21,518.1
2015-03-22,674.43
2015-03-23,41.71
2015-03-24,63.06
2015-03-25,50.6
2015-03-26,55.31
2015-03-27,60.99
2015-03-28,58.69
2015-03-29,56.07
2015-03-30,53.07
2015-03-31,40.51
2015-04-01,60.06
2015-04-02,59.78
2015-04-03,75.52
2015-04-04,41.71
2015-04-05,50.51
2015-04-06,37.74
2015-04-07,49.06
2015-04-08,36.35
2015-04-09,37.09
2015-04-10,48.37
2015-04-11,63.86
2015-04-12,54.17
2015-04-13,44.54
2015-04-14,45.94
2015-04-15,44.87
2015-04-16,47.12
2015-04-17,43.82
2015-04-18,44.13
2015-04-19,43.04
2015-04-20,36.72
2015-04-21,44.07
2015-04-22,32.86
2015-04-23,50.1
2015-04-24,44.39
2015-04-25,39.98
2015-04-26,44.83
2015-04-27,46.26
2015-04-28,42.06
2015-04-29,34.93
2015-04-30,46.02
2015-05-01,105.39
2015-05-02,49.21
2015-05-03,42.74
2015-05-04,44.41
2015-05-05,33.52
2015-05-06,29.95
2015-05-07,29.69
2015-05-08,28.56
2015-05-09,28.45
2015-05-10,32.08
2015-05-11,36.26
2015-05-12,29.07
2015-05-13,32.94
2015-05-14,33.4
2015-05-15,28.85
2015-05-16,36.88
2015-05-17,36.01
2015-05-18,34.55
2015-05-19,34.76
2015-05-20,32.51
2015-05-21,42.98
2015-05-22,34.6
2015-05-23,46.62
2015-05-24,39.74
2015-05-25,45.86
2015-05-26,39.79
2015-05-27,39.79
2015-05-28,40.78
2015-05-29,56.01
2015-05-30,41.14
2015-05-31,25.56
2015-06-01,23.1
2015-06-02,44.99
2015-06-03,71.26
2015-06-04,61.85
2015-06-05,77.49
2015-06-06,76.8
2015-06-07,70.64
2015-06-08,78.15
2015-06-09,53.52
2015-06-10,52.4
2015-06-11,53.19
2015-06-12,47.72
2015-06-13,52.73
2015-06-14,42.28
2015-06-15,97.19
2015-06-16,95.8
2015-06-17,32.33
2015-06-18,34.61
2015-06-19,37.29
2015-06-20,123.5
2015-06-21,38.13
2015-06-22,64.33
2015-06-23,71.33
2015-06-24,35.56
2015-06-25,37.82
2015-06-26,35.19
2015-06-27,19.15
2015-06-28,18.09
2015-06-29,17.86
2015-06-30,17.81
2015-07-01,19.69
2015-07-02,23.32
2015-07-03,18.64
2015-07-04,19.77
2015-07-05,21.85
2015-07-06,27.82
2015-07-07,18.85
2015-07-08,18.47
2015-07-09,20.98
2015-07-10,21.6
2015-07-11,29.6
2015-07-12,0.0
2015-07-13,35.26
2015-07-14,37.85
2015-07-15,34.86
2015-07-16,24.42
2015-07-17,23.99
2015-07-18,24.5
2015-07-19,25.45
2015-07-20,25.49
2015-07-21,24.02
2015-07-22,30.2
2015-07-23,62.19
2015-07-24,52.39
2015-07-25,49.34
2015-07-26,35.5
2015-07-27,44.01
2015-07-28,51.09
2015-07-29,43.47
2015-07-30,41.28
2015-07-31,48.46
2015-08-01,48.58
2015-08-02,49.0
2015-08-03,43.58
2015-08-04,51.67
2015-08-05,46.36
2015-08-06,55.45
2015-08-07,43.3
2015-08-08,44.99
2015-08-09,68.06
2015-08-10,63.08
2015-08-11,50.4
2015-08-12,34.61
2015-08-13,57.71
2015-08-14,30.81
2015-08-15,32.36
2015-08-16,32.23
2015-08-17,31.72
2015-08-18,31.98
2015-08-19,33.01
2015-08-20,34.33
2015-08-21,21.08
2015-08-22,40.93
2015-08-23,43.9
2015-08-24,56.57
2015-08-25,46.62
2015-08-26,45.44
2015-08-27,40.47
2015-08-28,44.58
2015-08-29,42.75
2015-08-30,46.2
2015-08-31,45.17
2015-09-01,46.76
2015-09-02,47.64
2015-09-03,52.43
2015-09-04,57.1
2015-09-05,51.36
2015-09-06,62.46
2015-09-07,57.19
2015-09-08,66.99
2015-09-09,66.88
2015-09-10,62.73
2015-09-11,65.64
2015-09-12,72.15
2015-09-13,68.23
2015-09-14,66.15
2015-09-15,71.73
2015-09-16,64.24
2015-09-17,66.17
2015-09-18,64.64
2015-09-19,70.56
2015-09-20,74.68
2015-09-21,28.82
2015-09-22,28.26
2015-09-23,39.66
2015-09-24,48.54
2015-09-25,49.65
2015-09-26,42.27
2015-09-27,49.92
2015-09-28,63.28
2015-09-29,51.42
2015-09-30,47.21
2015-10-01,47.78
2015-10-02,54.13
2015-10-03,60.88
2015-10-04,65.59
2015-10-05,59.33
2015-10-06,34.68
2015-10-07,53.63
2015-10-08,68.67
2015-10-09,57.76
2015-10-10,44.58
2015-10-11,28.45
2015-10-12,70.75
2015-10-13,72.43
2015-10-14,73.52
2015-10-15,82.39
2015-10-16,95.47
2015-10-17,112.56
2015-10-18,133.81
2015-10-19,133.94
2015-10-20,188.69
2015-10-21,185.78
2015-10-22,166.1
2015-10-23,120.87
2015-10-24,155.09
2015-10-25,162.6
2015-10-26,190.97
2015-10-27,192.37
2015-10-28,156.6
2015-10-29,123.29
2015-10-30,123.44
2015-10-31,140.75
2015-11-01,154.01
2015-11-02,162.51
2015-11-03,147.9
2015-11-04,205.62
2015-11-05,187.6
2015-11-06,127.49
2015-11-07,192.7
2015-11-08,186.9
2015-11-09,143.47
2015-11-10,247.11
2015-11-11,325.72
2015-11-12,344.93
2015-11-13,333.82
2015-11-14,384.4
2015-11-15,306.59
2015-11-16,258.7
2015-11-17,226.73
2015-11-18,217.75
2015-11-19,264.18
2015-11-20,305.64
2015-11-21,268.78
2015-11-22,302.85
2015-11-23,281.45
2015-11-24,287.55
2015-11-25,243.68
2015-11-26,234.54
2015-11-27,320.88
2015-11-28,327.45
2015-11-29,226.18
2015-11-30,246.37
2015-12-01,213.96
2015-12-02,60.54
2015-12-03,196.55
2015-12-04,245.14
2015-12-05,358.43
2015-12-06,371.89
2015-12-07,506.04
2015-12-08,467.37
2015-12-09,385.13
2015-12-10,384.13
2015-12-11,240.85
2015-12-12,343.82
2015-12-13,245.71
2015-12-14,269.97
2015-12-15,206.35
2015-12-16,207.43
2015-12-17,174.5
2015-12-18,171.81
2015-12-19,130.02
2015-12-20,216.6
2015-12-21,209.5
2015-12-22,263.23
2015-12-23,277.97
2015-12-24,176.88
2015-12-25,119.88
2015-12-26,143.01
2015-12-27,145.11
2015-12-28,157.54
2015-12-29,152.87
2015-12-30,162.39
2015-12-31,207.99
2016-01-01,203.43
2016-01-02,188.05
2016-01-03,135.82
2016-01-04,137.98
2016-01-05,137.01
2016-01-06,173.33
2016-01-07,149.68
2016-01-08,155.57
2016-01-09,119.03
2016-01-10,120.45
2016-01-11,192.61
2016-01-12,237.84
2016-01-13,250.73
2016-01-14,250.67
2016-01-15,169.86
2016-01-16,174.76
2016-01-17,168.21
2016-01-18,232.46
2016-01-19,273.85
2016-01-20,139.7
2016-01-21,166.38
2016-01-22,255.63
2016-01-23,253.71
2016-01-24,241.9
2016-01-25,238.8
2016-01-26,248.76
2016-01-27,212.94
2016-01-28,255.85
2016-01-29,259.11
2016-01-30,277.66
2016-01-31,210.94
2016-02-01,151.38
2016-02-02,153.42
2016-02-03,130.88
2016-02-04,115.55
2016-02-05,178.06
2016-02-06,253.19
2016-02-07,255.81
2016-02-08,290.47
2016-02-09,206.49
2016-02-10,206.95
2016-02-11,209.99
2016-02-12,168.23
2016-02-13,147.08
2016-02-14,162.7
2016-02-15,171.76
2016-02-16,186.0
2016-02-17,195.12
2016-02-18,112.33
2016-02-19,105.53
2016-02-20,109.4
2016-02-21,86.47
2016-02-22,72.62
2016-02-23,94.93
2016-02-24,147.59
2016-02-25,151.15
2016-02-26,161.14
2016-02-27,152.14
2016-02-28,155.6
2016-02-29,203.51
2016-03-01,132.24
2016-03-02,166.73
2016-03-03,180.27
2016-03-04,164.73
2016-03-05,182.82
2016-03-06,122.08
2016-03-07,141.32
2016-03-08,79.23
2016-03-09,106.54
2016-03-10,87.27
2016-03-11,110.24
2016-03-12,85.74
2016-03-13,59.85
2016-03-14,58.33
2016-03-15,79.82
2016-03-16,76.06
2016-03-17,67.43
2016-03-18,65.14
2016-03-19,89.05
2016-03-20,86.68
2016-03-21,91.67
2016-03-22,79.28
2016-03-23,84.62
2016-03-24,97.75
2016-03-25,73.09
2016-03-26,85.56
2016-03-27,64.82
2016-03-28,75.89
2016-03-29,67.0
2016-03-30,76.98
2016-03-31,72.23
2016-04-01,83.71
2016-04-02,79.49
2016-04-03,75.75
2016-04-04,99.67
2016-04-05,117.04
2016-04-06,99.19
2016-04-07,82.81
2016-04-08,101.32
2016-04-09,103.59
2016-04-10,111.2
2016-04-11,119.16
2016-04-12,112.53
2016-04-13,110.04
2016-04-14,119.51
2016-04-15,109.97
2016-04-16,139.58
2016-04-17,145.96
2016-04-18,138.17
2016-04-19,105.97
2016-04-20,90.36
2016-04-21,86.79
2016-04-22,98.82
2016-04-23,108.68
2016-04-24,73.52
2016-04-25,78.87
2016-04-26,99.92
2016-04-27,86.41
2016-04-28,98.31
2016-04-29,95.0
2016-04-30,126.96
2016-05-01,101.39
2016-05-02,99.74
2016-05-03,94.7
2016-05-04,86.62
2016-05-05,70.07
2016-05-06,77.91
2016-05-07,102.44
2016-05-08,81.73
2016-05-09,77.87
2016-05-10,0.0
2016-05-11,0.0
2016-05-12,26.7
2016-05-13,0.0
2016-05-14,0.0
2016-05-15,0.0
2016-05-16,0.0
2016-05-17,0.0
2016-05-18,0.0
2016-05-19,0.0
2016-05-20,0.0
2016-05-21,0.0
2016-05-22,0.0
2016-05-23,0.0
2016-05-24,0.0
2016-05-25,0.0
2016-05-26,64.1
2016-05-27,118.85
2016-05-28,163.59
2016-05-29,46.87
2016-05-30,55.2
2016-05-31,77.29
2016-06-01,138.37
2016-06-02,143.4
2016-06-03,42.82
2016-06-04,60.66
2016-06-05,45.28
2016-06-06,65.55
2016-06-07,45.09
2016-06-08,52.68
2016-06-09,62.91
2016-06-10,56.17
2016-06-11,70.14
2016-06-12,94.7
2016-06-13,64.0
2016-06-14,84.02
2016-06-15,64.23
2016-06-16,59.3
2016-06-17,63.49
2016-06-18,94.36
2016-06-19,246.56
2016-06-20,59.89
2016-06-21,151.3
2016-06-22,35.58
2016-06-23,33.78
2016-06-24,25.9
2016-06-25,0.0
2016-06-26,0.0
2016-06-27,95.89
2016-06-28,180.93
2016-06-29,45.45
2016-06-30,89.0
2016-07-01,53.51
2016-07-02,49.41
2016-07-03,69.19
2016-07-04,65.4
2016-07-05,48.63
2016-07-06,76.9
2016-07-07,61.42
2016-07-08,71.74
2016-07-09,54.5
2016-07-10,66.78
2016-07-11,71.22
2016-07-12,87.96
2016-07-13,76.73
2016-07-14,82.95
2016-07-15,67.3
2016-07-16,80.77
2016-07-17,53.21
2016-07-18,28.6
2016-07-19,31.64
2016-07-20,35.35
2016-07-21,27.85
2016-07-22,28.41
2016-07-23,21.57
2016-07-24,30.83
2016-07-25,37.68
2016-07-26,28.88
2016-07-27,31.22
2016-07-28,17.17
2016-07-29,41.88
2016-07-30,17.7
2016-07-31,41.89
2016-08-01,46.72
2016-08-02,99.97
2016-08-03,18.79
2016-08-04,23.47
2016-08-05,38.89
2016-08-06,31.9
2016-08-07,0.0
2016-08-08,0.0
2016-08-09,0.0
2016-08-10,0.0
2016-08-11,22.06
2016-08-12,42.06
2016-08-13,37.8
2016-08-14,44.97
2016-08-15,30.92
2016-08-16,119.04
2016-08-17,16.79
2016-08-18,16.3
2016-08-19,18.26
2016-08-20,21.68
2016-08-21,21.64
2016-08-22,22.27
2016-08-23,20.59
2016-08-24,29.38
2016-08-25,60.75
2016-08-26,43.91
2016-08-27,32.56
2016-08-28,40.9
2016-08-29,59.7
2016-08-30,46.78
2016-08-31,22.25
2016-09-01,30.06
2016-09-02,39.09
2016-09-03,52.59
2016-09-04,41.44
2016-09-05,35.94
2016-09-06,38.71
2016-09-07,45.48
2016-09-08,63.59
2016-09-09,67.75
2016-09-10,54.84
2016-09-11,50.96
2016-09-12,51.27
2016-09-13,28.89
2016-09-14,21.04
2016-09-15,25.22
2016-09-16,45.14
2016-09-17,23.79
2016-09-18,36.25
2016-09-19,55.18
2016-09-20,192.52
2016-09-21,36.62
2016-09-22,17.39
2016-09-23,28.4
2016-09-24,17.35
2016-09-25,11.39
2016-09-26,16.44
2016-09-27,29.35
2016-09-28,36.11
2016-09-29,26.86
2016-09-30,37.28
2016-10-01,60.08
2016-10-02,59.63
2016-10-03,55.53
2016-10-04,54.69
2016-10-05,63.44
2016-10-06,32.21
2016-10-07,60.85
2016-10-08,81.43
2016-10-09,47.15
2016-10-10,89.92
2016-10-11,111.37
2016-10-12,125.86
2016-10-13,108.06
2016-10-14,113.77
2016-10-15,141.57
2016-10-16,172.85
2016-10-17,175.18
2016-10-18,147.37
2016-10-19,134.61
2016-10-20,142.65
2016-10-21,126.14
2016-10-22,85.04
2016-10-23,123.78
2016-10-24,141.16
2016-10-25,130.7
2016-10-26,120.82
2016-10-27,139.8
2016-10-28,141.16
2016-10-29,189.77
2016-10-30,238.17
2016-10-31,431.69
2016-11-01,243.78
2016-11-02,153.13
2016-11-03,152.95
2016-11-04,139.46
2016-11-05,159.87
2016-11-06,411.23
2016-11-07,495.65
2016-11-08,499.06
2016-11-09,345.54
2016-11-10,290.26
2016-11-11,305.4
2016-11-12,214.41
2016-11-13,133.9
2016-11-14,116.66
2016-11-15,128.79
2016-11-16,149.73
2016-11-17,206.45
2016-11-18,251.32
2016-11-19,331.04
2016-11-20,314.46
2016-11-21,244.33
2016-11-22,179.82
2016-11-23,152.49
2016-11-24,193.96
2016-11-25,183.51
2016-11-26,188.38
2016-11-27,232.64
2016-11-28,181.25
2016-11-29,309.53
2016-11-30,221.57
2016-12-01,238.99
2016-12-02,213.29
2016-12-03,192.84
2016-12-04,171.01
2016-12-05,171.8
2016-12-06,231.07
2016-12-07,145.09
2016-12-08,147.56
2016-12-09,184.44
2016-12-10,345.98
2016-12-11,235.85
2016-12-12,236.24
2016-12-13,237.81
2016-12-14,271.83
2016-12-15,188.21
2016-12-16,256.7
2016-12-17,273.9
2016-12-18,274.78
2016-12-19,221.75
2016-12-20,212.41
2016-12-21,203.62
2016-12-22,373.48
2016-12-23,266.72
2016-12-24,276.9
2016-12-25,329.55
2016-12-26,294.09
2016-12-27,208.2
2016-12-28,292.53
2016-12-29,225.89
2016-12-30,184.15
2016-12-31,171.27
2017-01-01,166.35
2017-01-02,183.84
2017-01-03,159.29
2017-01-04,154.3
2017-01-05,197.95
2017-01-06,189.36
2017-01-07,181.88
2017-01-08,215.86
2017-01-09,171.95
2017-01-10,115.7
2017-01-11,109.72
2017-01-12,145.41
2017-01-13,222.28
2017-01-14,256.58
2017-01-15,272.01
2017-01-16,336.07
2017-01-17,240.42
2017-01-18,222.17
2017-01-19,245.59
2017-01-20,132.55
2017-01-21,143.2
2017-01-22,211.77
2017-01-23,153.33
2017-01-24,158.46
2017-01-25,222.64
2017-01-26,198.86
2017-01-27,70.65
2017-01-28,61.96
2017-01-29,81.64
2017-01-30,116.04
2017-01-31,179.6
2017-02-01,175.53
2017-02-02,207.97
2017-02-03,172.73
2017-02-04,161.52
2017-02-05,89.37
2017-02-06,108.07
2017-02-07,88.79
2017-02-08,95.98
2017-02-09,118.4
2017-02-10,112.25
2017-02-11,153.45
2017-02-12,202.86
2017-02-13,175.3
2017-02-14,145.02
2017-02-15,154.22
2017-02-16,197.39
2017-02-17,237.51
2017-02-18,226.67
2017-02-19,184.29
2017-02-20,115.03
2017-02-21,143.07
2017-02-22,102.52
2017-02-23,93.39
2017-02-24,81.25
2017-02-25,88.87
2017-02-26,94.81
2017-02-27,96.22
2017-02-28,116.96
2017-03-01,148.25
2017-03-02,147.23
2017-03-03,96.8
2017-03-04,89.16
2017-03-05,89.04
2017-03-06,84.15
2017-03-07,108.32
2017-03-08,163.19
2017-03-09,140.39
2017-03-10,51.28
2017-03-11,58.33
2017-03-12,48.32
2017-03-13,79.11
2017-03-14,75.43
2017-03-15,75.27
2017-03-16,92.96
2017-03-17,105.21
2017-03-18,79.46
2017-03-19,113.28
2017-03-20,106.88
2017-03-21,110.31
2017-03-22,142.68
2017-03-23,172.13
2017-03-24,187.46
2017-03-25,118.0
2017-03-26,96.39
2017-03-27,122.3
2017-03-28,168.85
2017-03-29,161.81
2017-03-30,120.82
2017-03-31,133.84
2017-04-01,128.32
2017-04-02,92.48
2017-04-03,88.72
2017-04-04,103.43
2017-04-05,81.51
2017-04-06,82.94
2017-04-07,107.18
2017-04-08,119.46
2017-04-09,102.6
2017-04-10,77.6
2017-04-11,70.96
2017-04-12,93.58
2017-04-13,123.91
2017-04-14,80.27
2017-04-15,72.42
2017-04-16,72.64
2017-04-17,87.25
2017-04-18,122.86
2017-04-19,151.83
2017-04-20,130.52
2017-04-21,79.89
2017-04-22,112.19
2017-04-23,122.7
2017-04-24,122.53
2017-04-25,143.97
2017-04-26,130.82
2017-04-27,119.93
2017-04-28,100.51
2017-04-29,124.07
2017-04-30,83.5
2017-05-01,95.31
2017-05-02,113.81
2017-05-03,138.46
2017-05-04,100.95
2017-05-05,140.85
2017-05-06,208.65
2017-05-07,301.46
2017-05-08,140.01
2017-05-09,71.84
2017-05-10,56.41
2017-05-11,71.62
2017-05-12,99.51
2017-05-13,98.49
2017-05-14,117.21
2017-05-15,137.79
2017-05-16,157.17
2017-05-17,79.81
2017-05-18,102.13
2017-05-19,143.66
2017-05-20,122.47
2017-05-21,139.19
2017-05-22,163.59
2017-05-23,125.66
2017-05-24,152.46
2017-05-25,151.47
2017-05-26,131.7
2017-05-27,65.4
2017-05-28,57.72
2017-05-29,60.92
2017-05-30,40.0
2017-05-31,39.74
2017-06-01,85.74
2017-06-02,77.99
2017-06-03,115.52
2017-06-04,150.57
2017-06-05,147.38
2017-06-06,54.14
2017-06-07,45.04
2017-06-08,74.54
2017-06-09,70.03
2017-06-10,99.83
2017-06-11,95.04
2017-06-12,111.82
2017-06-13,144.61
2017-06-14,0.0
2017-06-15,0.0
2017-06-16,212.17
2017-06-17,402.47
2017-06-18,54.0
2017-06-19,71.85
2017-06-20,55.41
2017-06-21,67.89
2017-06-22,51.28
2017-06-23,66.93
2017-06-24,72.07
2017-06-25,54.58
2017-06-26,39.02
2017-06-27,38.85
2017-06-28,44.5
2017-06-29,47.07
2017-06-30,39.21
2017-07-01,38.16
2017-07-02,34.75
2017-07-03,28.98
2017-07-04,28.2
2017-07-05,30.74
2017-07-06,24.48
2017-07-07,29.46
2017-07-08,25.21
2017-07-09,18.4
2017-07-10,30.2
2017-07-11,16.02
2017-07-12,21.53
2017-07-13,28.37
2017-07-14,55.44
2017-07-15,57.07
2017-07-16,47.24
2017-07-17,40.79
2017-07-18,46.12
2017-07-19,41.46
2017-07-20,41.48
2017-07-21,56.67
2017-07-22,47.17
2017-07-23,47.46
2017-07-24,45.11
2017-07-25,37.14
2017-07-26,46.49
2017-07-27,47.36
2017-07-28,49.58
2017-07-29,38.49
2017-07-30,40.43
2017-07-31,28.38
2017-08-01,32.39
2017-08-02,37.85
2017-08-03,42.88
2017-08-04,57.19
2017-08-05,66.28
2017-08-06,35.62
2017-08-07,46.27
2017-08-08,26.24
2017-08-09,42.18
2017-08-10,88.74
2017-08-11,39.71
2017-08-12,38.97
2017-08-13,46.39
2017-08-14,119.08
2017-08-15,50.79
2017-08-16,67.23
2017-08-17,76.76
2017-08-18,39.01
2017-08-19,44.23
2017-08-20,45.75
2017-08-21,47.44
2017-08-22,43.99
2017-08-23,43.33
2017-08-24,49.51
2017-08-25,34.82
2017-08-26,36.6
2017-08-27,21.59
2017-08-28,11.61
2017-08-29,22.21
2017-08-30,33.11
2017-08-31,31.44
2017-09-01,20.76
2017-09-02,21.69
2017-09-03,25.72
2017-09-04,32.27
2017-09-05,41.31
2017-09-06,47.98
2017-09-07,48.66
2017-09-08,57.46
2017-09-09,59.67
2017-09-10,72.6
2017-09-11,86.0
2017-09-12,74.71
2017-09-13,81.77
2017-09-14,76.58
2017-09-15,53.51
2017-09-16,43.46
2017-09-17,44.81
2017-09-18,40.76
2017-09-19,22.15
2017-09-20,41.19
2017-09-21,21.08
2017-09-22,23.0
2017-09-23,30.87
2017-09-24,40.25
2017-09-25,33.76
2017-09-26,68.45
2017-09-27,80.19
2017-09-28,75.01
2017-09-29,65.98
2017-09-30,77.33
2017-10-01,61.56
2017-10-02,68.78
2017-10-03,58.8
2017-10-04,42.05
2017-10-05,59.02
2017-10-06,60.54
2017-10-07,83.04
2017-10-08,82.36
2017-10-09,81.08
2017-10-10,100.7
2017-10-11,73.41
2017-10-12,95.02
2017-10-13,140.41
2017-10-14,138.31
2017-10-15,128.71
2017-10-16,169.38
2017-10-17,176.38
2017-10-18,194.31
2017-10-19,173.5
2017-10-20,172.87
2017-10-21,130.42
2017-10-22,229.03
2017-10-23,196.91
2017-10-24,199.31
2017-10-25,209.09
2017-10-26,204.12
2017-10-27,161.98
2017-10-28,171.39
2017-10-29,184.47
2017-10-30,155.1
2017-10-31,136.84
2017-11-01,151.16
2017-11-02,172.33
2017-11-03,195.75
2017-11-04,198.64
2017-11-05,195.99
2017-11-06,200.8
2017-11-07,230.94
2017-11-08,334.9
2017-11-09,387.84
2017-11-10,378.39
2017-11-11,258.15
2017-11-12,239.63
2017-11-13,446.68
2017-11-14,425.31
2017-11-15,237.11
2017-11-16,191.15
2017-11-17,181.72
2017-11-18,190.16
2017-11-19,192.63
2017-11-20,139.29
2017-11-21,171.74
2017-11-22,187.09
2017-11-23,167.77
2017-11-24,171.75
2017-11-25,194.67
2017-11-26,181.66
2017-11-27,230.28
2017-11-28,178.03
2017-11-29,236.79
2017-11-30,274.25
2017-12-01,286.15
2017-12-02,220.65
2017-12-03,226.91
2017-12-04,210.11
2017-12-05,194.41
2017-12-06,237.17
2017-12-07,119.24
2017-12-08,119.57
2017-12-09,178.06
2017-12-10,235.17
2017-12-11,164.75
2017-12-12,193.96
2017-12-13,173.02
2017-12-14,169.94
2017-12-15,155.69
2017-12-16,130.22
2017-12-17,150.31
2017-12-18,206.45
2017-12-19,347.73
2017-12-20,433.0
2017-12-21,288.47
2017-12-22,207.16
2017-12-23,158.89
2017-12-24,218.33
2017-12-25,233.41
2017-12-26,227.18
2017-12-27,290.8
2017-12-28,369.35
2017-12-29,243.94
2017-12-30,196.62
2017-12-31,235.15
2018-01-01,170.51
2018-01-02,199.89
2018-01-03,239.01
2018-01-04,250.36
2018-01-05,241.25
2018-01-06,192.99
2018-01-07,252.98
2018-01-08,300.46
2018-01-09,245.76
2018-01-10,235.73
2018-01-11,260.93
2018-01-12,301.74
2018-01-13,284.77
2018-01-14,231.89
2018-01-15,238.68
2018-01-16,198.9
2018-01-17,211.58
2018-01-18,210.07
2018-01-19,290.41
2018-01-20,183.73
2018-01-21,197.86
2018-01-22,242.99
2018-01-23,275.53
2018-01-24,162.78
2018-01-25,157.0
2018-01-26,178.63
2018-01-27,179.67
2018-01-28,202.52
2018-01-29,201.04
2018-01-30,155.06
2018-01-31,151.75
2018-02-01,162.83
2018-02-02,164.95
2018-02-03,235.22
2018-02-04,163.84
2018-02-05,158.45
2018-02-06,161.37
2018-02-07,125.72
2018-02-08,169.06
2018-02-09,137.16
2018-02-10,123.17
2018-02-11,125.92
2018-02-12,124.69
2018-02-13,115.87
2018-02-14,120.76
2018-02-15,148.44
2018-02-16,225.93
2018-02-17,226.87
2018-02-18,194.03
2018-02-19,199.58
2018-02-20,143.78
2018-02-21,228.66
2018-02-22,233.24
2018-02-23,228.21
2018-02-24,198.75
2018-02-25,183.9
2018-02-26,101.97
2018-02-27,76.71
2018-02-28,107.99
2018-03-01,114.94
2018-03-02,111.57
2018-03-03,94.86
2018-03-04,96.12
2018-03-05,91.04
2018-03-06,141.46
2018-03-07,133.8
2018-03-08,170.76
2018-03-09,140.81
2018-03-10,118.16
2018-03-11,133.03
2018-03-12,133.07
2018-03-13,102.13
2018-03-14,166.43
2018-03-15,137.04
2018-03-16,115.27
2018-03-17,84.82
2018-03-18,77.35
2018-03-19,97.05
2018-03-20,96.72
2018-03-21,115.04
2018-03-22,112.45
2018-03-23,101.79
2018-03-24,88.04
2018-03-25,93.26
2018-03-26,72.45
2018-03-27,75.58
2018-03-28,106.91
2018-03-29,130.56
2018-03-30,143.54
2018-03-31,54.5
2018-04-01,70.5
2018-04-02,100.47
2018-04-03,158.72
2018-04-04,163.42
2018-04-05,83.45
2018-04-06,74.21
2018-04-07,61.52
2018-04-08,58.97
2018-04-09,80.37
2018-04-10,60.77
2018-04-11,66.26
2018-04-12,36.82
2018-04-13,54.59
2018-04-14,58.68
2018-04-15,67.08
2018-04-16,85.99
2018-04-17,120.71
2018-04-18,87.72
2018-04-19,75.31
2018-04-20,116.85
2018-04-21,76.52
2018-04-22,91.21
2018-04-23,64.98
2018-04-24,82.47
2018-04-25,127.39
2018-04-26,135.49
2018-04-27,90.87
2018-04-28,79.19
2018-04-29,92.34
2018-04-30,64.04
2018-05-01,46.01
2018-05-02,74.0
2018-05-03,55.94
2018-05-04,45.38
2018-05-05,82.48
2018-05-06,93.08
2018-05-07,111.99
2018-05-08,215.09
2018-05-09,139.75
2018-05-10,106.67
2018-05-11,171.75
2018-05-12,123.16
2018-05-13,191.59
2018-05-14,268.33
2018-05-15,73.23
2018-05-16,121.81
2018-05-17,152.65
2018-05-18,112.66
2018-05-19,133.45
2018-05-20,157.41
2018-05-21,298.35
2018-05-22,151.54
2018-05-23,107.17
2018-05-24,225.11
2018-05-25,102.37
2018-05-26,125.89
2018-05-27,125.34
2018-05-28,104.31
2018-05-29,92.65
2018-05-30,84.9
2018-05-31,81.53
2018-06-01,72.29
2018-06-02,77.82
2018-06-03,94.26
2018-06-04,117.76
2018-06-05,96.54
2018-06-06,59.98
2018-06-07,85.89
2018-06-08,62.91
2018-06-09,62.85
2018-06-10,54.84
2018-06-11,57.9
2018-06-12,71.02
2018-06-13,80.85
2018-06-14,100.83
2018-06-15,124.13
2018-06-16,126.34
2018-06-17,155.05
2018-06-18,127.74
2018-06-19,70.44
2018-06-20,90.31
2018-06-21,107.2
2018-06-22,86.56
2018-06-23,140.01
2018-06-24,63.36
2018-06-25,71.89
2018-06-26,83.15
2018-06-27,47.6
2018-06-28,50.14
2018-06-29,40.13
2018-06-30,39.75
2018-07-01,38.35
2018-07-02,56.83
2018-07-03,43.54
2018-07-04,29.95
2018-07-05,35.47
2018-07-06,69.98
2018-07-07,96.52
2018-07-08,67.77
2018-07-09,48.77
2018-07-10,33.11
2018-07-11,32.77
2018-07-12,26.27
2018-07-13,27.48
2018-07-14,32.23
2018-07-15,35.31
2018-07-16,29.57
2018-07-17,33.6
2018-07-18,40.93
2018-07-19,58.27
2018-07-20,32.85
2018-07-21,24.25
2018-07-22,23.63
2018-07-23,22.34
2018-07-24,37.91
2018-07-25,28.26
2018-07-26,18.08
2018-07-27,46.07
2018-07-28,43.02
2018-07-29,40.79
2018-07-30,22.68
2018-07-31,18.21
2018-08-01,15.6
2018-08-02,31.51
2018-08-03,42.01
2018-08-04,72.38
2018-08-05,133.47
2018-08-06,92.95
2018-08-07,62.39
2018-08-08,32.23
2018-08-09,48.4
2018-08-10,49.25
2018-08-11,44.96
2018-08-12,33.21
2018-08-13,29.48
2018-08-14,52.39
2018-08-15,53.24
2018-08-16,18.45
2018-08-17,42.07
2018-08-18,57.75
2018-08-19,44.44
2018-08-20,31.45
2018-08-21,31.04
2018-08-22,42.25
2018-08-23,35.86
2018-08-24,31.25
2018-08-25,29.39
2018-08-26,159.64
2018-08-27,73.24
2018-08-28,33.84
2018-08-29,32.44
2018-08-30,33.21
2018-08-31,22.04
2018-09-01,24.62
2018-09-02,16.66
2018-09-03,30.93
2018-09-04,41.71
2018-09-05,27.31
2018-09-06,46.25
2018-09-07,31.52
2018-09-08,36.95
2018-09-09,26.64
2018-09-10,39.0
2018-09-11,38.68
2018-09-12,38.51
2018-09-13,39.92
2018-09-14,46.81
2018-09-15,55.15
2018-09-16,57.48
2018-09-17,68.6
2018-09-18,73.05
2018-09-19,77.9
2018-09-20,87.71
2018-09-21,24.6
2018-09-22,29.47
2018-09-23,55.13
2018-09-24,57.32
2018-09-25,39.53
2018-09-26,41.87
2018-09-27,59.19
2018-09-28,76.75
2018-09-29,106.14
2018-09-30,81.75
2018-10-01,88.36
2018-10-02,95.24
2018-10-03,104.4
2018-10-04,116.81
2018-10-05,97.28
2018-10-06,123.5
2018-10-07,133.77
2018-10-08,106.14
2018-10-09,89.92
2018-10-10,124.48
2018-10-11,114.24
2018-10-12,75.05
2018-10-13,65.19
2018-10-14,87.21
2018-10-15,105.49
2018-10-16,121.24
2018-10-17,128.3
2018-10-18,125.01
2018-10-19,123.98
2018-10-20,112.69
2018-10-21,116.62
2018-10-22,123.77
2018-10-23,129.95
2018-10-24,166.67
2018-10-25,189.48
2018-10-26,168.41
2018-10-27,174.27
2018-10-28,163.73
2018-10-29,165.78
2018-10-30,147.83
2018-10-31,138.52
2018-11-01,146.28
2018-11-02,186.57
2018-11-03,165.8
2018-11-04,139.28
2018-11-05,113.48
2018-11-06,185.64
2018-11-07,218.8
2018-11-08,400.97
2018-11-09,254.56
2018-11-10,242.63
2018-11-11,198.19
2018-11-12,214.85
2018-11-13,233.96
2018-11-14,185.54
2018-11-15,159.24
2018-11-16,110.37
2018-11-17,155.14
2018-11-18,212.78
2018-11-19,203.65
2018-11-20,242.99
2018-11-21,218.3
2018-11-22,162.5
2018-11-23,142.38
2018-11-24,135.5
2018-11-25,153.5
2018-11-26,229.22
2018-11-27,255.17
2018-11-28,194.98
2018-11-29,165.85
2018-11-30,199.95
2018-12-01,181.48
2018-12-02,188.15
2018-12-03,163.02
2018-12-04,224.13
2018-12-05,215.02
2018-12-06,217.33
2018-12-07,190.39
2018-12-08,187.66
2018-12-09,191.1
2018-12-10,269.3
2018-12-11,194.03
2018-12-12,191.15
2018-12-13,147.38
2018-12-14,104.92
2018-12-15,103.65
2018-12-16,127.74
2018-12-17,157.84
2018-12-18,145.81
2018-12-19,157.54
2018-12-20,185.2
2018-12-21,180.46
2018-12-22,236.91
2018-12-23,232.81
2018-12-24,166.0
2018-12-25,165.37
2018-12-26,178.64
2018-12-27,159.21
2018-12-28,153.63
2018-12-29,200.84
2018-12-30,258.08
2018-12-31,248.51
2019-01-01,272.75
2019-01-02,342.7
2019-01-03,218.08
2019-01-04,205.72
2019-01-05,256.56
2019-01-06,185.35
2019-01-07,91.92
2019-01-08,100.13
2019-01-09,113.44
2019-01-10,123.15
2019-01-11,189.97
2019-01-12,196.35
2019-01-13,247.31
2019-01-14,123.74
2019-01-15,93.46
2019-01-16,201.61
2019-01-17,266.0
2019-01-18,166.95
2019-01-19,146.52
2019-01-20,200.11
2019-01-21,221.07
2019-01-22,199.91
2019-01-23,107.47
2019-01-24,117.88
2019-01-25,176.21
2019-01-26,58.65
2019-01-27,74.33
2019-01-28,98.43
2019-01-29,103.41
2019-01-30,130.59
2019-01-31,173.26
2019-02-01,170.24
2019-02-02,165.91
2019-02-03,181.48
2019-02-04,133.58
2019-02-05,173.33
2019-02-06,204.17
2019-02-07,70.36
2019-02-08,87.57
2019-02-09,81.51
2019-02-10,70.83
2019-02-11,101.7
2019-02-12,129.67
2019-02-13,171.14
2019-02-14,206.21
2019-02-15,111.88
2019-02-16,66.67
2019-02-17,85.17
2019-02-18,82.72
2019-02-19,119.84
2019-02-20,168.15
2019-02-21,102.76
2019-02-22,135.37
2019-02-23,71.89
2019-02-24,71.83
2019-02-25,103.62
2019-02-26,105.19
2019-02-27,56.13
2019-02-28,41.13
2019-03-01,80.97
2019-03-02,150.97
2019-03-03,142.49
2019-03-04,95.72
2019-03-05,94.8
2019-03-06,85.41
2019-03-07,107.74
2019-03-08,134.05
2019-03-09,95.73
2019-03-10,87.66
2019-03-11,114.03
2019-03-12,119.49
2019-03-13,95.71
2019-03-14,111.27
2019-03-15,77.39
2019-03-16,61.98
2019-03-17,83.08
2019-03-18,107.51
2019-03-19,99.81
2019-03-20,110.71
2019-03-21,114.58
2019-03-22,59.16
2019-03-23,58.24
2019-03-24,66.42
2019-03-25,97.85
2019-03-26,77.36
2019-03-27,84.31
2019-03-28,109.08
2019-03-29,159.65
2019-03-30,142.6
2019-03-31,86.06
2019-04-01,62.23
2019-04-02,107.33
2019-04-03,136.13
2019-04-04,175.0
2019-04-05,132.84
2019-04-06,109.96
2019-04-07,72.32
2019-04-08,62.99
2019-04-09,75.07
2019-04-10,84.56
2019-04-11,99.92
2019-04-12,129.92
2019-04-13,96.67
2019-04-14,74.99
2019-04-15,70.01
2019-04-16,82.71
2019-04-17,46.96
2019-04-18,54.78
2019-04-19,48.72
2019-04-20,79.74
2019-04-21,107.92
2019-04-22,140.88
2019-04-23,123.56
2019-04-24,86.39
2019-04-25,121.98
2019-04-26,126.11
2019-04-27,148.62
2019-04-28,145.0
2019-04-29,138.55
2019-04-30,151.26
2019-05-01,167.31
2019-05-02,93.19
2019-05-03,64.16
2019-05-04,61.07
2019-05-05,57.79
2019-05-06,49.24
2019-05-07,67.74
2019-05-08,85.04
2019-05-09,97.59
2019-05-10,91.98
2019-05-11,82.16
2019-05-12,78.3
2019-05-13,72.91
2019-05-14,71.58
2019-05-15,85.72
2019-05-16,86.79
2019-05-17,84.52
2019-05-18,63.96
2019-05-19,82.43
2019-05-20,86.76
2019-05-21,84.27
2019-05-22,90.35
2019-05-23,73.06
2019-05-24,70.32
2019-05-25,63.6
2019-05-26,63.22
2019-05-27,83.69
2019-05-28,86.09
2019-05-29,86.52
2019-05-30,111.94
2019-05-31,92.22
2019-06-01,68.09
2019-06-02,96.37
2019-06-03,76.36
2019-06-04,95.09
2019-06-05,84.49
2019-06-06,102.45
2019-06-07,47.49
2019-06-08,61.01
2019-06-09,82.55
2019-06-10,84.51
2019-06-11,72.91
2019-06-12,59.04
2019-06-13,94.34
2019-06-14,75.84
2019-06-15,115.06
2019-06-16,66.13
2019-06-17,58.23
2019-06-18,66.8
2019-06-19,78.08
2019-06-20,60.93
2019-06-21,81.44
2019-06-22,82.08
2019-06-23,41.2
2019-06-24,71.26
2019-06-25,63.03
2019-06-26,73.65
2019-06-27,79.54
2019-06-28,91.73
2019-06-29,108.96
2019-06-30,87.76
2019-07-01,67.45
2019-07-02,75.85
2019-07-03,32.12
2019-07-04,42.34
2019-07-05,50.97
2019-07-06,31.56
2019-07-07,20.26
2019-07-08,27.27
2019-07-09,23.2
2019-07-10,35.86
2019-07-11,41.57
2019-07-12,47.8
2019-07-13,51.37
2019-07-14,54.98
2019-07-15,55.45
2019-07-16,37.99
2019-07-17,46.6
2019-07-18,45.67
2019-07-19,60.65
2019-07-20,52.96
2019-07-21,39.05
2019-07-22,40.14
2019-07-23,44.28
2019-07-24,23.53
2019-07-25,19.09
2019-07-26,22.01
2019-07-27,25.45
2019-07-28,36.63
2019-07-29,20.89
2019-07-30,24.05
2019-07-31,30.74
2019-08-01,46.89
2019-08-02,75.32
2019-08-03,41.9
2019-08-04,36.86
2019-08-05,38.05
2019-08-06,25.74
2019-08-07,26.5
2019-08-08,27.16
2019-08-09,26.69
2019-08-10,33.83
2019-08-11,36.43
2019-08-12,27.48
2019-08-13,26.94
2019-08-14,27.9
2019-08-15,27.22
2019-08-16,17.57
2019-08-17,21.25
2019-08-18,23.98
2019-08-19,34.31
2019-08-20,33.56
2019-08-21,32.74
2019-08-22,28.99
2019-08-23,32.59
2019-08-24,28.96
2019-08-25,24.95
2019-08-26,29.82
2019-08-27,36.52
2019-08-28,34.82
2019-08-29,34.99
2019-08-30,38.3
2019-08-31,44.99
2019-09-01,46.37
2019-09-02,36.07
2019-09-03,40.88
2019-09-04,33.81
2019-09-05,36.0
2019-09-06,41.64
2019-09-07,28.29
2019-09-08,22.19
2019-09-09,26.93
2019-09-10,35.24
2019-09-11,45.2
2019-09-12,50.13
2019-09-13,26.46
2019-09-14,30.97
2019-09-15,34.33
2019-09-16,28.45
2019-09-17,32.1
2019-09-18,25.43
2019-09-19,28.32
2019-09-20,33.75
2019-09-21,37.33
2019-09-22,28.43
2019-09-23,33.05
2019-09-24,34.53
2019-09-25,33.36
2019-09-26,21.75
2019-09-27,12.76
2019-09-28,16.17
2019-09-29,16.06
2019-09-30,17.44
2019-10-01,30.24
2019-10-02,29.31
2019-10-03,36.25
2019-10-04,40.55
2019-10-05,63.48
2019-10-06,64.84
2019-10-07,80.3
2019-10-08,84.3
2019-10-09,89.18
2019-10-10,63.28
2019-10-11,84.96
2019-10-12,70.45
2019-10-13,85.66
2019-10-14,92.1
2019-10-15,84.95
2019-10-16,88.51
2019-10-17,100.53
2019-10-18,97.48
2019-10-19,100.9
2019-10-20,132.03
2019-10-21,130.14
2019-10-22,132.12
2019-10-23,136.04
2019-10-24,119.54
2019-10-25,92.62
2019-10-26,74.94
2019-10-27,115.56
2019-10-28,212.66
2019-10-29,172.24
2019-10-30,180.88
2019-10-31,226.63
2019-11-01,239.79
2019-11-02,296.73
2019-11-03,262.62
2019-11-04,382.96
2019-11-05,230.03
2019-11-06,184.59
2019-11-07,221.38
2019-11-08,188.06
2019-11-09,161.6
2019-11-10,105.68
2019-11-11,137.17
2019-11-12,180.1
2019-11-13,205.01
2019-11-14,178.75
2019-11-15,160.59
2019-11-16,150.74
2019-11-17,104.57
2019-11-18,90.98
2019-11-19,110.45
2019-11-20,160.93
2019-11-21,159.64
2019-11-22,152.58
2019-11-23,149.87
2019-11-24,118.61
2019-11-25,157.04
2019-11-26,230.11
2019-11-27,207.97
2019-11-28,212.9
2019-11-29,73.1
2019-11-30,83.77
2019-12-01,97.5
2019-12-02,107.21
2019-12-03,134.98
2019-12-04,153.91
2019-12-05,186.49
2019-12-06,198.7
2019-12-07,161.68
2019-12-08,184.31
2019-12-09,148.87
2019-12-10,162.21
2019-12-11,207.35
2019-12-12,159.23
2019-12-13,107.6
2019-12-14,58.15
2019-12-15,66.88
2019-12-16,76.28
2019-12-17,82.48
2019-12-18,92.47
2019-12-19,139.59
2019-12-20,185.45
2019-12-21,215.0
2019-12-22,177.24
2019-12-23,140.5
2019-12-24,158.8
2019-12-25,186.34
2019-12-26,162.49
2019-12-27,180.21
2019-12-28,184.93
2019-12-29,148.01
2019-12-30,157.85
2019-12-31,244.22
2020-01-01,286.23
2020-01-02,182.39
2020-01-03,123.99
2020-01-04,109.44
2020-01-05,99.13
2020-01-06,135.19
2020-01-07,156.42
2020-01-08,190.4
2020-01-09,100.5
2020-01-10,107.48
2020-01-11,179.95
2020-01-12,227.28
2020-01-13,210.89
2020-01-14,165.2
2020-01-15,179.18
2020-01-16,103.3
2020-01-17,54.54
2020-01-18,79.13
2020-01-19,68.76
2020-01-20,110.74
2020-01-21,139.53
2020-01-22,166.91
2020-01-23,91.35
2020-01-24,90.23
2020-01-25,132.72
2020-01-26,153.83
2020-01-27,150.69
2020-01-28,168.34
2020-01-29,137.5
2020-01-30,52.72
2020-01-31,70.64
2020-02-01,111.69
2020-02-02,102.35
2020-02-03,126.7
2020-02-04,151.07
2020-02-05,126.3
2020-02-06,117.93
2020-02-07,144.71
2020-02-08,127.6
2020-02-09,135.9
2020-02-10,128.8
2020-02-11,125.22
2020-02-12,117.26
2020-02-13,105.78
2020-02-14,102.62
2020-02-15,78.38
2020-02-16,118.46
2020-02-17,131.9
2020-02-18,94.18
2020-02-19,109.26
2020-02-20,110.53
2020-02-21,76.06
2020-02-22,43.32
2020-02-23,112.99
2020-02-24,100.96
2020-02-25,50.83
2020-02-26,43.62
2020-02-27,50.0
2020-02-28,63.36
2020-02-29,76.54
2020-03-01,66.13
2020-03-02,65.34
2020-03-03,77.06
2020-03-04,89.44
2020-03-05,83.4
2020-03-06,46.58
2020-03-07,33.25
2020-03-08,61.96
2020-03-09,45.29
2020-03-10,95.33
2020-03-11,65.48
2020-03-12,62.4
2020-03-13,44.03
2020-03-14,40.6
2020-03-15,44.07
2020-03-16,51.06
2020-03-17,75.48
2020-03-18,74.41
2020-03-19,108.53
2020-03-20,115.54
2020-03-21,80.01
2020-03-22,60.47
2020-03-23,72.86
2020-03-24,100.15
2020-03-25,88.32
2020-03-26,45.41
2020-03-27,45.85
2020-03-28,35.31
2020-03-29,33.5
2020-03-30,39.91
2020-03-31,46.17
2020-04-01,66.67
2020-04-02,49.02
2020-04-03,36.76
2020-04-04,37.82
2020-04-05,54.39
2020-04-06,46.26
2020-04-07,41.85
2020-04-08,46.3
2020-04-09,43.45
2020-04-10,53.91
2020-04-11,65.52
2020-04-12,62.39
2020-04-13,55.36
2020-04-14,80.7
2020-04-15,65.8
2020-04-16,84.4
2020-04-17,79.72
2020-04-18,64.07
2020-04-19,59.38
2020-04-20,49.13
2020-04-21,43.27
2020-04-22,52.6
2020-04-23,68.37
2020-04-24,64.63
2020-04-25,62.85
2020-04-26,45.35
2020-04-27,29.19
2020-04-28,41.72
2020-04-29,44.77
2020-04-30,49.27
2020-05-01,45.79
2020-05-02,37.81
2020-05-03,39.83
2020-05-04,42.14
2020-05-05,35.49
2020-05-06,32.63
2020-05-07,39.25
2020-05-08,50.91
2020-05-09,56.14
2020-05-10,63.31
2020-05-11,59.8
2020-05-12,58.92
2020-05-13,59.92
2020-05-14,55.4
2020-05-15,77.19
2020-05-16,52.42
2020-05-17,64.24
2020-05-18,68.13
2020-05-19,59.78
2020-05-20,101.41
2020-05-21,60.52
2020-05-22,81.15
2020-05-23,57.56
2020-05-24,71.25
2020-05-25,67.24
2020-05-26,71.23
2020-05-27,107.05
2020-05-28,38.92
2020-05-29,46.61
2020-05-30,46.72
2020-05-31,37.56
2020-06-01,47.72
2020-06-02,48.38
2020-06-03,65.45
2020-06-04,61.74
2020-06-05,51.38
2020-06-06,31.01
2020-06-07,29.99
2020-06-08,53.23
2020-06-09,79.9
2020-06-10,91.02
2020-06-11,79.09
2020-06-12,71.59
2020-06-13,51.8
2020-06-14,41.87
2020-06-15,46.39
2020-06-16,31.6
2020-06-17,39.69
2020-06-18,35.98
2020-06-19,35.25
2020-06-20,36.49
2020-06-21,29.43
2020-06-22,29.44
2020-06-23,34.52
2020-06-24,45.74
2020-06-25,54.97
2020-06-26,38.9
2020-06-27,32.23
2020-06-28,34.58
2020-06-29,30.19
2020-06-30,38.27
2020-07-01,34.97
2015-01-01,0.0
2015-01-02,0.0
2015-01-03,0.0
2015-01-04,0.0
2015-01-05,0.0
2015-01-06,0.0
2015-01-07,0.0
2015-01-08,0.0
2015-01-09,0.0
2015-01-10,0.0
2015-01-11,0.0
2015-01-12,0.0
2015-01-13,0.0
2015-01-14,0.0
2015-01-15,0.0
2015-01-16,0.0
2015-01-17,0.0
2015-01-18,0.0
2015-01-19,0.0
2015-01-20,0.0
2015-01-21,0.0
2015-01-22,0.0
2015-01-23,0.0
2015-01-24,0.0
2015-01-25,0.0
2015-01-26,0.0
2015-01-27,0.0
2015-01-28,0.0
2015-01-29,0.0
2015-01-30,0.0
2015-01-31,0.0
2015-02-01,0.0
2015-02-02,0.0
2015-02-03,0.0
2015-02-04,0.0
2015-02-05,0.0
2015-02-06,0.0
2015-02-07,0.0
2015-02-08,0.0
2015-02-09,0.0
2015-02-10,0.0
2015-02-11,0.0
2015-02-12,0.0
2015-02-13,0.0
2015-02-14,0.0
2015-02-15,0.0
2015-02-16,0.0
2015-02-17,0.0
2015-02-18,0.0
2015-02-19,0.0
2015-02-20,0.0
2015-02-21,0.0
2015-02-22,0.0
2015-02-23,0.0
2015-02-24,0.0
2015-02-25,0.0
2015-02-26,0.0
2015-02-27,0.0
2015-02-28,0.0
2015-03-01,0.0
2015-03-02,0.0
2015-03-03,0.0
2015-03-04,0.0
2015-03-05,0.0
2015-03-06,0.0
2015-03-07,0.0
2015-03-08,0.0
2015-03-09,0.0
2015-03-10,0.0
2015-03-11,0.0
2015-03-12,0.0
2015-03-13,0.0
2015-03-14,0.0
2015-03-15,0.0
2015-03-16,0.0
2015-03-17,0.0
2015-03-18,0.0
2015-03-19,0.0
2015-03-20,0.0
2015-03-21,0.0
2015-03-22,0.0
2015-03-23,0.0
2015-03-24,0.0
2015-03-25,0.0
2015-03-26,0.0
2015-03-27,0.0
2015-03-28,0.0
2015-03-29,0.0
2015-03-30,0.0
2015-03-31,0.0
2015-04-01,0.0
2015-04-02,0.0
2015-04-03,0.0
2015-04-04,0.0
2015-04-05,0.0
2015-04-06,0.0
2015-04-07,0.0
2015-04-08,0.0
2015-04-09,0.0
2015-04-10,0.0
2015-04-11,0.0
2015-04-12,0.0
2015-04-13,0.0
2015-04-14,0.0
2015-04-15,0.0
2015-04-16,0.0
2015-04-17,0.0
2015-04-18,0.0
2015-04-19,0.0
2015-04-20,0.0
2015-04-21,0.0
2015-04-22,0.0
2015-04-23,0.0
2015-04-24,0.0
2015-04-25,0.0
2015-04-26,0.0
2015-04-27,0.0
2015-04-28,0.0
2015-04-29,0.0
2015-04-30,0.0
2015-05-01,0.0
2015-05-02,0.0
2015-05-03,0.0
2015-05-04,0.0
2015-05-05,0.0
2015-05-06,0.0
2015-05-07,0.0
2015-05-08,0.0
2015-05-09,0.0
2015-05-10,0.0
2015-05-11,0.0
2015-05-12,0.0
2015-05-13,0.0
2015-05-14,0.0
2015-05-15,0.0
2015-05-16,0.0
2015-05-17,0.0
2015-05-18,0.0
2015-05-19,0.0
2015-05-20,0.0
2015-05-21,0.0
2015-05-22,0.0
2015-05-23,0.0
2015-05-24,0.0
2015-05-25,0.0
2015-05-26,0.0
2015-05-27,0.0
2015-05-28,0.0
2015-05-29,0.0
2015-05-30,0.0
2015-05-31,0.0
2015-06-01,0.0
2015-06-02,0.0
2015-06-03,0.0
2015-06-04,0.0
2015-06-05,0.0
2015-06-06,0.0
2015-06-07,0.0
2015-06-08,0.0
2015-06-09,0.0
2015-06-10,0.0
2015-06-11,0.0
2015-06-12,0.0
2015-06-13,0.0
2015-06-14,0.0
2015-06-15,0.0
2015-06-16,0.0
2015-06-17,0.0
2015-06-18,0.0
2015-06-19,0.0
2015-06-20,0.0
2015-06-21,0.0
2015-06-22,0.0
2015-06-23,0.0
2015-06-24,0.0
2015-06-25,0.0
2015-06-26,0.0
2015-06-27,0.0
2015-06-28,0.0
2015-06-29,0.0
2015-06-30,0.0
2015-07-01,0.0
2015-07-02,0.0
2015-07-03,0.0
2015-07-04,0.0
2015-07-05,0.0
2015-07-06,0.0
2015-07-07,0.0
2015-07-08,0.0
2015-07-09,0.0
2015-07-10,0.0
2015-07-11,0.0
2015-07-12,0.0
2015-07-13,0.0
2015-07-14,0.0
2015-07-15,0.0
2015-07-16,0.0
2015-07-17,0.0
2015-07-18,0.0
2015-07-19,0.0
2015-07-20,0.0
2015-07-21,0.0
2015-07-22,0.0
2015-07-23,0.0
2015-07-24,0.0
2015-07-25,0.0
2015-07-26,0.0
2015-07-27,0.0
2015-07-28,0.0
2015-07-29,0.0
2015-07-30,0.0
2015-07-31,0.0
2015-08-01,0.0
2015-08-02,0.0
2015-08-03,0.0
2015-08-04,0.0
2015-08-05,0.0
2015-08-06,0.0
2015-08-07,0.0
2015-08-08,0.0
2015-08-09,0.0
2015-08-10,0.0
2015-08-11,0.0
2015-08-12,0.0
2015-08-13,0.0
2015-08-14,0.0
2015-08-15,0.0
2015-08-16,0.0
2015-08-17,0.0
2015-08-18,0.0
2015-08-19,0.0
2015-08-20,0.0
2015-08-21,0.0
2015-08-22,0.0
2015-08-23,0.0
2015-08-24,0.0
2015-08-25,0.0
2015-08-26,0.0
2015-08-27,0.0
2015-08-28,0.0
2015-08-29,0.0
2015-08-30,0.0
2015-08-31,0.0
2015-09-01,0.0
2015-09-02,0.0
2015-09-03,0.0
2015-09-04,0.0
2015-09-05,0.0
2015-09-06,0.0
2015-09-07,0.0
2015-09-08,0.0
2015-09-09,0.0
2015-09-10,0.0
2015-09-11,0.0
2015-09-12,0.0
2015-09-13,0.0
2015-09-14,0.0
2015-09-15,0.0
2015-09-16,0.0
2015-09-17,0.0
2015-09-18,0.0
2015-09-19,0.0
2015-09-20,0.0
2015-09-21,0.0
2015-09-22,0.0
2015-09-23,0.0
2015-09-24,0.0
2015-09-25,0.0
2015-09-26,0.0
2015-09-27,0.0
2015-09-28,0.0
2015-09-29,0.0
2015-09-30,0.0
2015-10-01,0.0
2015-10-02,0.0
2015-10-03,0.0
2015-10-04,0.0
2015-10-05,0.0
2015-10-06,0.0
2015-10-07,0.0
2015-10-08,0.0
2015-10-09,0.0
2015-10-10,0.0
2015-10-11,0.0
2015-10-12,0.0
2015-10-13,0.0
2015-10-14,0.0
2015-10-15,0.0
2015-10-16,0.0
2015-10-17,0.0
2015-10-18,0.0
2015-10-19,0.0
2015-10-20,0.0
2015-10-21,0.0
2015-10-22,0.0
2015-10-23,0.0
2015-10-24,0.0
2015-10-25,0.0
2015-10-26,0.0
2015-10-27,0.0
2015-10-28,0.0
2015-10-29,0.0
2015-10-30,0.0
2015-10-31,0.0
2015-11-01,0.0
2015-11-02,0.0
2015-11-03,0.0
2015-11-04,0.0
2015-11-05,0.0
2015-11-06,0.0
2015-11-07,0.0
2015-11-08,0.0
2015-11-09,0.0
2015-11-10,0.0
2015-11-11,0.0
2015-11-12,0.0
2015-11-13,0.0
2015-11-14,0.0
2015-11-15,0.0
2015-11-16,0.0
2015-11-17,0.0
2015-11-18,0.0
2015-11-19,0.0
2015-11-20,0.0
2015-11-21,0.0
2015-11-22,0.0
2015-11-23,0.0
2015-11-24,0.0
2015-11-25,0.0
2015-11-26,0.0
2015-11-27,0.0
2015-11-28,0.0
2015-11-29,0.0
2015-11-30,0.0
2015-12-01,0.0
2015-12-02,0.0
2015-12-03,0.0
2015-12-04,0.0
2015-12-05,0.0
2015-12-06,0.0
2015-12-07,0.0
2015-12-08,0.0
2015-12-09,0.0
2015-12-10,0.0
2015-12-11,0.0
2015-12-12,0.0
2015-12-13,0.0
2015-12-14,0.0
2015-12-15,0.0
2015-12-16,0.0
2015-12-17,0.0
2015-12-18,0.0
2015-12-19,0.0
2015-12-20,0.0
2015-12-21,0.0
2015-12-22,0.0
2015-12-23,0.0
2015-12-24,0.0
2015-12-25,0.0
2015-12-26,0.0
2015-12-27,0.0
2015-12-28,0.0
2015-12-29,0.0
2015-12-30,0.0
2015-12-31,0.0
2016-01-01,0.0
2016-01-02,0.0
2016-01-03,0.0
2016-01-04,0.0
2016-01-05,0.0
2016-01-06,0.0
2016-01-07,0.0
2016-01-08,0.0
2016-01-09,0.0
2016-01-10,0.0
2016-01-11,0.0
2016-01-12,0.0
2016-01-13,0.0
2016-01-14,0.0
2016-01-15,0.0
2016-01-16,0.0
2016-01-17,0.0
2016-01-18,0.0
2016-01-19,0.0
2016-01-20,0.0
2016-01-21,0.0
2016-01-22,0.0
2016-01-23,0.0
2016-01-24,0.0
2016-01-25,0.0
2016-01-26,0.0
2016-01-27,0.0
2016-01-28,0.0
2016-01-29,0.0
2016-01-30,0.0
2016-01-31,0.0
2016-02-01,0.0
2016-02-02,0.0
2016-02-03,0.0
2016-02-04,0.0
2016-02-05,0.0
2016-02-06,0.0
2016-02-07,0.0
2016-02-08,0.0
2016-02-09,0.0
2016-02-10,0.0
2016-02-11,0.0
2016-02-12,0.0
2016-02-13,0.0
2016-02-14,0.0
2016-02-15,0.0
2016-02-16,0.0
2016-02-17,0.0
2016-02-18,0.0
2016-02-19,0.0
2016-02-20,0.0
2016-02-21,0.0
2016-02-22,0.0
2016-02-23,0.0
2016-02-24,0.0
2016-02-25,0.0
2016-02-26,0.0
2016-02-27,0.0
2016-02-28,0.0
2016-02-29,0.0
2016-03-01,0.0
2016-03-02,0.0
2016-03-03,0.0
2016-03-04,0.0
2016-03-05,0.0
2016-03-06,0.0
2016-03-07,0.0
2016-03-08,0.0
2016-03-09,0.0
2016-03-10,0.0
2016-03-11,0.0
2016-03-12,0.0
2016-03-13,0.0
2016-03-14,0.0
2016-03-15,0.0
2016-03-16,0.0
2016-03-17,0.0
2016-03-18,0.0
2016-03-19,0.0
2016-03-20,0.0
2016-03-21,0.0
2016-03-22,0.0
2016-03-23,0.0
2016-03-24,0.0
2016-03-25,0.0
2016-03-26,0.0
2016-03-27,0.0
2016-03-28,0.0
2016-03-29,0.0
2016-03-30,0.0
2016-03-31,0.0
2016-04-01,0.0
2016-04-02,0.0
2016-04-03,0.0
2016-04-04,0.0
2016-04-05,0.0
2016-04-06,0.0
2016-04-07,0.0
2016-04-08,0.0
2016-04-09,0.0
2016-04-10,0.0
2016-04-11,0.0
2016-04-12,0.0
2016-04-13,0.0
2016-04-14,0.0
2016-04-15,0.0
2016-04-16,0.0
2016-04-17,0.0
2016-04-18,0.0
2016-04-19,0.0
2016-04-20,0.0
2016-04-21,0.0
2016-04-22,0.0
2016-04-23,0.0
2016-04-24,0.0
2016-04-25,0.0
2016-04-26,0.0
2016-04-27,0.0
2016-04-28,0.0
2016-04-29,0.0
2016-04-30,0.0
2016-05-01,0.0
2016-05-02,0.0
2016-05-03,0.0
2016-05-04,0.0
2016-05-05,0.0
2016-05-06,0.0
2016-05-07,0.0
2016-05-08,0.0
2016-05-09,0.0
2016-05-10,0.0
2016-05-11,0.0
2016-05-12,0.0
2016-05-13,0.0
2016-05-14,0.0
2016-05-15,0.0
2016-05-16,0.0
2016-05-17,0.0
2016-05-18,0.0
2016-05-19,0.0
2016-05-20,0.0
2016-05-21,0.0
2016-05-22,0.0
2016-05-23,0.0
2016-05-24,0.0
2016-05-25,0.0
2016-05-26,0.0
2016-05-27,0.0
2016-05-28,0.0
2016-05-29,0.0
2016-05-30,0.0
2016-05-31,0.0
2016-06-01,0.0
2016-06-02,0.0
2016-06-03,0.0
2016-06-04,0.0
2016-06-05,0.0
2016-06-06,0.0
2016-06-07,0.0
2016-06-08,0.0
2016-06-09,0.0
2016-06-10,0.0
2016-06-11,0.0
2016-06-12,0.0
2016-06-13,0.0
2016-06-14,0.0
2016-06-15,0.0
2016-06-16,0.0
2016-06-17,0.0
2016-06-18,0.0
2016-06-19,0.0
2016-06-20,0.0
2016-06-21,0.0
2016-06-22,0.0
2016-06-23,0.0
2016-06-24,0.0
2016-06-25,0.0
2016-06-26,0.0
2016-06-27,0.0
2016-06-28,0.0
2016-06-29,0.0
2016-06-30,0.0
2016-07-01,0.0
2016-07-02,0.0
2016-07-03,0.0
2016-07-04,0.0
2016-07-05,0.0
2016-07-06,0.0
2016-07-07,0.0
2016-07-08,0.0
2016-07-09,0.0
2016-07-10,0.0
2016-07-11,0.0
2016-07-12,0.0
2016-07-13,0.0
2016-07-14,0.0
2016-07-15,0.0
2016-07-16,0.0
2016-07-17,0.0
2016-07-18,0.0
2016-07-19,0.0
2016-07-20,0.0
2016-07-21,0.0
2016-07-22,0.0
2016-07-23,0.0
2016-07-24,0.0
2016-07-25,0.0
2016-07-26,0.0
2016-07-27,0.0
2016-07-28,0.0
2016-07-29,0.0
2016-07-30,0.0
2016-07-31,0.0
2016-08-01,0.0
2016-08-02,0.0
2016-08-03,0.0
2016-08-04,0.0
2016-08-05,0.0
2016-08-06,0.0
2016-08-07,0.0
2016-08-08,0.0
2016-08-09,0.0
2016-08-10,0.0
2016-08-11,0.0
2016-08-12,0.0
2016-08-13,0.0
2016-08-14,0.0
2016-08-15,0.0
2016-08-16,0.0
2016-08-17,0.0
2016-08-18,0.0
2016-08-19,0.0
2016-08-20,0.0
2016-08-21,0.0
2016-08-22,0.0
2016-08-23,0.0
2016-08-24,0.0
2016-08-25,0.0
2016-08-26,0.0
2016-08-27,0.0
2016-08-28,0.0
2016-08-29,0.0
2016-08-30,0.0
2016-08-31,0.0
2016-09-01,0.0
2016-09-02,0.0
2016-09-03,0.0
2016-09-04,0.0
2016-09-05,0.0
2016-09-06,0.0
2016-09-07,0.0
2016-09-08,0.0
2016-09-09,0.0
2016-09-10,0.0
2016-09-11,0.0
2016-09-12,0.0
2016-09-13,0.0
2016-09-14,0.0
2016-09-15,0.0
2016-09-16,0.0
2016-09-17,0.0
2016-09-18,0.0
2016-09-19,0.0
2016-09-20,0.0
2016-09-21,0.0
2016-09-22,0.0
2016-09-23,0.0
2016-09-24,0.0
2016-09-25,0.0
2016-09-26,0.0
2016-09-27,0.0
2016-09-28,0.0
2016-09-29,0.0
2016-09-30,0.0
2016-10-01,0.0
2016-10-02,0.0
2016-10-03,0.0
2016-10-04,0.0
2016-10-05,0.0
2016-10-06,0.0
2016-10-07,0.0
2016-10-08,0.0
2016-10-09,0.0
2016-10-10,0.0
2016-10-11,0.0
2016-10-12,0.0
2016-10-13,0.0
2016-10-14,0.0
2016-10-15,0.0
2016-10-16,0.0
2016-10-17,0.0
2016-10-18,0.0
2016-10-19,0.0
2016-10-20,0.0
2016-10-21,0.0
2016-10-22,0.0
2016-10-23,0.0
2016-10-24,0.0
2016-10-25,0.0
2016-10-26,0.0
2016-10-27,0.0
2016-10-28,0.0
2016-10-29,0.0
2016-10-30,0.0
2016-10-31,0.0
2016-11-01,0.0
2016-11-02,0.0
2016-11-03,0.0
2016-11-04,0.0
2016-11-05,0.0
2016-11-06,0.0
2016-11-07,0.0
2016-11-08,0.0
2016-11-09,0.0
2016-11-10,0.0
2016-11-11,0.0
2016-11-12,0.0
2016-11-13,0.0
2016-11-14,0.0
2016-11-15,0.0
2016-11-16,0.0
2016-11-17,0.0
2016-11-18,0.0
2016-11-19,0.0
2016-11-20,0.0
2016-11-21,0.0
2016-11-22,0.0
2016-11-23,0.0
2016-11-24,0.0
2016-11-25,0.0
2016-11-26,0.0
2016-11-27,0.0
2016-11-28,0.0
2016-11-29,0.0
2016-11-30,0.0
2016-12-01,0.0
2016-12-02,0.0
2016-12-03,0.0
2016-12-04,0.0
2016-12-05,0.0
2016-12-06,0.0
2016-12-07,0.0
2016-12-08,0.0
2016-12-09,0.0
2016-12-10,0.0
2016-12-11,0.0
2016-12-12,0.0
2016-12-13,0.0
2016-12-14,0.0
2016-12-15,0.0
2016-12-16,0.0
2016-12-17,0.0
2016-12-18,0.0
2016-12-19,0.0
2016-12-20,0.0
2016-12-21,0.0
2016-12-22,0.0
2016-12-23,0.0
2016-12-24,0.0
2016-12-25,0.0
2016-12-26,0.0
2016-12-27,0.0
2016-12-28,0.0
2016-12-29,0.0
2016-12-30,0.0
2016-12-31,0.0
2017-01-01,0.0
2017-01-02,0.0
2017-01-03,0.0
2017-01-04,0.0
2017-01-05,0.0
2017-01-06,0.0
2017-01-07,0.0
2017-01-08,0.0
2017-01-09,0.0
2017-01-10,0.0
2017-01-11,0.0
2017-01-12,0.0
2017-01-13,0.0
2017-01-14,0.0
2017-01-15,0.0
2017-01-16,0.0
2017-01-17,0.0
2017-01-18,0.0
2017-01-19,0.0
2017-01-20,0.0
2017-01-21,0.0
2017-01-22,0.0
2017-01-23,0.0
2017-01-24,0.0
2017-01-25,0.0
2017-01-26,0.0
2017-01-27,0.0
2017-01-28,0.0
2017-01-29,0.0
2017-01-30,0.0
2017-01-31,0.0
2017-02-01,0.0
2017-02-02,0.0
2017-02-03,0.0
2017-02-04,0.0
2017-02-05,0.0
2017-02-06,0.0
2017-02-07,0.0
2017-02-08,0.0
2017-02-09,0.0
2017-02-10,0.0
2017-02-11,0.0
2017-02-12,0.0
2017-02-13,0.0
2017-02-14,0.0
2017-02-15,0.0
2017-02-16,0.0
2017-02-17,0.0
2017-02-18,0.0
2017-02-19,0.0
2017-02-20,0.0
2017-02-21,0.0
2017-02-22,0.0
2017-02-23,0.0
2017-02-24,0.0
2017-02-25,0.0
2017-02-26,0.0
2017-02-27,0.0
2017-02-28,0.0
2017-03-01,0.0
2017-03-02,0.0
2017-03-03,0.0
2017-03-04,0.0
2017-03-05,0.0
2017-03-06,0.0
2017-03-07,0.0
2017-03-08,0.0
2017-03-09,0.0
2017-03-10,0.0
2017-03-11,0.0
2017-03-12,0.0
2017-03-13,0.0
2017-03-14,0.0
2017-03-15,0.0
2017-03-16,0.0
2017-03-17,0.0
2017-03-18,0.0
2017-03-19,0.0
2017-03-20,0.0
2017-03-21,0.0
2017-03-22,0.0
2017-03-23,0.0
2017-03-24,0.0
2017-03-25,0.0
2017-03-26,0.0
2017-03-27,0.0
2017-03-28,0.0
2017-03-29,0.0
2017-03-30,0.0
2017-03-31,0.0
2017-04-01,0.0
2017-04-02,0.0
2017-04-03,0.0
2017-04-04,0.0
2017-04-05,0.0
2017-04-06,0.0
2017-04-07,0.0
2017-04-08,0.0
2017-04-09,0.0
2017-04-10,0.0
2017-04-11,0.0
2017-04-12,0.0
2017-04-13,0.0
2017-04-14,0.0
2017-04-15,0.0
2017-04-16,0.0
2017-04-17,0.0
2017-04-18,0.0
2017-04-19,0.0
2017-04-20,0.0
2017-04-21,0.0
2017-04-22,0.0
2017-04-23,0.0
2017-04-24,0.0
2017-04-25,0.0
2017-04-26,0.0
2017-04-27,0.0
2017-04-28,0.0
2017-04-29,0.0
2017-04-30,0.0
2017-05-01,0.0
2017-05-02,0.0
2017-05-03,0.0
2017-05-04,0.0
2017-05-05,0.0
2017-05-06,0.0
2017-05-07,0.0
2017-05-08,0.0
2017-05-09,0.0
2017-05-10,0.0
2017-05-11,0.0
2017-05-12,0.0
2017-05-13,0.0
2017-05-14,0.0
2017-05-15,0.0
2017-05-16,0.0
2017-05-17,0.0
2017-05-18,0.0
2017-05-19,0.0
2017-05-20,0.0
2017-05-21,0.0
2017-05-22,0.0
2017-05-23,0.0
2017-05-24,0.0
2017-05-25,0.0
2017-05-26,0.0
2017-05-27,0.0
2017-05-28,0.0
2017-05-29,0.0
2017-05-30,0.0
2017-05-31,0.0
2017-06-01,0.0
2017-06-02,0.0
2017-06-03,0.0
2017-06-04,0.0
2017-06-05,0.0
2017-06-06,0.0
2017-06-07,0.0
2017-06-08,0.0
2017-06-09,0.0
2017-06-10,0.0
2017-06-11,0.0
2017-06-12,0.0
2017-06-13,0.0
2017-06-14,0.0
2017-06-15,0.0
2017-06-16,0.0
2017-06-17,0.0
2017-06-18,0.0
2017-06-19,0.0
2017-06-20,0.0
2017-06-21,0.0
2017-06-22,0.0
2017-06-23,0.0
2017-06-24,0.0
2017-06-25,0.0
2017-06-26,0.0
2017-06-27,0.0
2017-06-28,0.0
2017-06-29,0.0
2017-06-30,0.0
2017-07-01,0.0
2017-07-02,0.0
2017-07-03,0.0
2017-07-04,0.0
2017-07-05,0.0
2017-07-06,0.0
2017-07-07,0.0
2017-07-08,0.0
2017-07-09,0.0
2017-07-10,0.0
2017-07-11,0.0
2017-07-12,0.0
2017-07-13,0.0
2017-07-14,0.0
2017-07-15,0.0
2017-07-16,0.0
2017-07-17,0.0
2017-07-18,0.0
2017-07-19,0.0
2017-07-20,0.0
2017-07-21,0.0
2017-07-22,0.0
2017-07-23,0.0
2017-07-24,0.0
2017-07-25,0.0
2017-07-26,0.0
2017-07-27,0.0
2017-07-28,0.0
2017-07-29,0.0
2017-07-30,0.0
2017-07-31,0.0
2017-08-01,0.0
2017-08-02,0.0
2017-08-03,0.0
2017-08-04,0.0
2017-08-05,0.0
2017-08-06,0.0
2017-08-07,0.0
2017-08-08,0.0
2017-08-09,0.0
2017-08-10,0.0
2017-08-11,0.0
2017-08-12,0.0
2017-08-13,0.0
2017-08-14,0.0
2017-08-15,0.0
2017-08-16,0.0
2017-08-17,0.0
2017-08-18,0.0
2017-08-19,0.0
2017-08-20,0.0
2017-08-21,0.0
2017-08-22,0.0
2017-08-23,0.0
2017-08-24,0.0
2017-08-25,0.0
2017-08-26,0.0
2017-08-27,0.0
2017-08-28,0.0
2017-08-29,0.0
2017-08-30,0.0
2017-08-31,0.0
2017-09-01,0.0
2017-09-02,0.0
2017-09-03,0.0
2017-09-04,0.0
2017-09-05,0.0
2017-09-06,0.0
2017-09-07,0.0
2017-09-08,0.0
2017-09-09,0.0
2017-09-10,0.0
2017-09-11,0.0
2017-09-12,0.0
2017-09-13,0.0
2017-09-14,0.0
2017-09-15,0.0
2017-09-16,0.0
2017-09-17,0.0
2017-09-18,0.0
2017-09-19,0.0
2017-09-20,0.0
2017-09-21,0.0
2017-09-22,0.0
2017-09-23,0.0
2017-09-24,0.0
2017-09-25,0.0
2017-09-26,0.0
2017-09-27,0.0
2017-09-28,0.0
2017-09-29,0.0
2017-09-30,0.0
2017-10-01,0.0
2017-10-02,0.0
2017-10-03,0.0
2017-10-04,0.0
2017-10-05,0.0
2017-10-06,0.0
2017-10-07,0.0
2017-10-08,0.0
2017-10-09,0.0
2017-10-10,0.0
2017-10-11,0.0
2017-10-12,0.0
2017-10-13,0.0
2017-10-14,0.0
2017-10-15,0.0
2017-10-16,0.0
2017-10-17,0.0
2017-10-18,0.0
2017-10-19,0.0
2017-10-20,0.0
2017-10-21,0.0
2017-10-22,0.0
2017-10-23,0.0
2017-10-24,0.0
2017-10-25,0.0
2017-10-26,0.0
2017-10-27,0.0
2017-10-28,0.0
2017-10-29,0.0
2017-10-30,0.0
2017-10-31,0.0
2017-11-01,0.0
2017-11-02,0.0
2017-11-03,0.0
2017-11-04,0.0
2017-11-05,0.0
2017-11-06,0.0
2017-11-07,0.0
2017-11-08,0.0
2017-11-09,0.0
2017-11-10,0.0
2017-11-11,0.0
2017-11-12,0.0
2017-11-13,0.0
2017-11-14,0.0
2017-11-15,0.0
2017-11-16,0.0
2017-11-17,0.0
2017-11-18,0.0
2017-11-19,0.0
2017-11-20,0.0
2017-11-21,0.0
2017-11-22,0.0
2017-11-23,0.0
2017-11-24,0.0
2017-11-25,0.0
2017-11-26,0.0
2017-11-27,0.0
2017-11-28,0.0
2017-11-29,0.0
2017-11-30,0.0
2017-12-01,0.0
2017-12-02,0.0
2017-12-03,0.0
2017-12-04,0.0
2017-12-05,0.0
2017-12-06,0.0
2017-12-07,0.0
2017-12-08,0.0
2017-12-09,0.0
2017-12-10,0.0
2017-12-11,0.0
2017-12-12,0.0
2017-12-13,0.0
2017-12-14,0.0
2017-12-15,0.0
2017-12-16,0.0
2017-12-17,0.0
2017-12-18,0.0
2017-12-19,0.0
2017-12-20,0.0
2017-12-21,0.0
2017-12-22,0.0
2017-12-23,0.0
2017-12-24,0.0
2017-12-25,0.0
2017-12-26,0.0
2017-12-27,0.0
2017-12-28,0.0
2017-12-29,0.0
2017-12-30,0.0
2017-12-31,0.0
2018-01-01,0.0
2018-01-02,0.0
2018-01-03,0.0
2018-01-04,0.0
2018-01-05,0.0
2018-01-06,0.0
2018-01-07,0.0
2018-01-08,0.0
2018-01-09,0.0
2018-01-10,0.0
2018-01-11,0.0
2018-01-12,0.0
2018-01-13,0.0
2018-01-14,0.0
2018-01-15,0.0
2018-01-16,0.0
2018-01-17,0.0
2018-01-18,0.0
2018-01-19,0.0
2018-01-20,0.0
2018-01-21,0.0
2018-01-22,0.0
2018-01-23,0.0
2018-01-24,0.0
2018-01-25,0.0
2018-01-26,0.0
2018-01-27,0.0
2018-01-28,0.0
2018-01-29,0.0
2018-01-30,0.0
2018-01-31,0.0
2018-02-01,0.0
2018-02-02,0.0
2018-02-03,0.0
2018-02-04,0.0
2018-02-05,0.0
2018-02-06,0.0
2018-02-07,0.0
2018-02-08,0.0
2018-02-09,0.0
2018-02-10,0.0
2018-02-11,0.0
2018-02-12,0.0
2018-02-13,0.0
2018-02-14,0.0
2018-02-15,0.0
2018-02-16,0.0
2018-02-17,0.0
2018-02-18,0.0
2018-02-19,0.0
2018-02-20,0.0
2018-02-21,0.0
2018-02-22,0.0
2018-02-23,0.0
2018-02-24,0.0
2018-02-25,0.0
2018-02-26,0.0
2018-02-27,0.0
2018-02-28,0.0
2018-03-01,0.0
2018-03-02,0.0
2018-03-03,0.0
2018-03-04,0.0
2018-03-05,0.0
2018-03-06,0.0
2018-03-07,0.0
2018-03-08,0.0
2018-03-09,0.0
2018-03-10,0.0
2018-03-11,0.0
2018-03-12,0.0
2018-03-13,0.0
2018-03-14,0.0
2018-03-15,0.0
2018-03-16,0.0
2018-03-17,0.0
2018-03-18,0.0
2018-03-19,0.0
2018-03-20,0.0
2018-03-21,0.0
2018-03-22,0.0
2018-03-23,0.0
2018-03-24,0.0
2018-03-25,0.0
2018-03-26,0.0
2018-03-27,0.0
2018-03-28,0.0
2018-03-29,0.0
2018-03-30,0.0
2018-03-31,0.0
2018-04-01,0.0
2018-04-02,0.0
2018-04-03,0.0
2018-04-04,0.0
2018-04-05,0.0
2018-04-06,0.0
2018-04-07,0.0
2018-04-08,0.0
2018-04-09,0.0
2018-04-10,0.0
2018-04-11,0.0
2018-04-12,0.0
2018-04-13,0.0
2018-04-14,0.0
2018-04-15,0.0
2018-04-16,0.0
2018-04-17,0.0
2018-04-18,0.0
2018-04-19,0.0
2018-04-20,0.0
2018-04-21,0.0
2018-04-22,0.0
2018-04-23,0.0
2018-04-24,0.0
2018-04-25,0.0
2018-04-26,25.5
2018-04-27,0.0
2018-04-28,0.0
2018-04-29,0.0
2018-04-30,0.0
2018-05-01,0.0
2018-05-02,0.0
2018-05-03,0.0
2018-05-04,0.0
2018-05-05,0.0
2018-05-06,16.74
2018-05-07,18.44
2018-05-08,18.07
2018-05-09,18.55
2018-05-10,22.57
2018-05-11,23.57
2018-05-12,31.18
2018-05-13,24.22
2018-05-14,21.81
2018-05-15,14.93
2018-05-16,17.86
2018-05-17,24.73
2018-05-18,24.09
2018-05-19,23.97
2018-05-20,20.7
2018-05-21,19.01
2018-05-22,21.85
2018-05-23,24.32
2018-05-24,22.76
2018-05-25,15.38
2018-05-26,18.58
2018-05-27,15.53
2018-05-28,17.17
2018-05-29,22.54
2018-05-30,18.79
2018-05-31,20.14
2018-06-01,24.8
2018-06-02,19.38
2018-06-03,18.68
2018-06-04,19.98
2018-06-05,26.85
2018-06-06,17.66
2018-06-07,45.54
2018-06-08,17.79
2018-06-09,19.26
2018-06-10,6.2
2018-06-11,12.89
2018-06-12,18.02
2018-06-13,16.97
2018-06-14,19.16
2018-06-15,19.64
2018-06-16,17.02
2018-06-17,16.94
2018-06-18,10.87
2018-06-19,15.87
2018-06-20,25.71
2018-06-21,22.86
2018-06-22,18.09
2018-06-23,17.52
2018-06-24,10.53
2018-06-25,13.38
2018-06-26,22.06
2018-06-27,18.54
2018-06-28,19.38
2018-06-29,18.39
2018-06-30,16.59
2018-07-01,13.0
2018-07-02,13.78
2018-07-03,18.5
2018-07-04,14.71
2018-07-05,14.11
2018-07-06,14.53
2018-07-07,12.84
2018-07-08,0.0
2018-07-09,12.96
2018-07-10,12.8
2018-07-11,18.15
2018-07-12,15.31
2018-07-13,14.72
2018-07-14,19.26
2018-07-15,13.43
2018-07-16,15.67
2018-07-17,16.43
2018-07-18,23.32
2018-07-19,46.76
2018-07-20,16.52
2018-07-21,15.0
2018-07-22,15.37
2018-07-23,14.24
2018-07-24,15.24
2018-07-25,16.28
2018-07-26,15.88
2018-07-27,13.23
2018-07-28,14.11
2018-07-29,13.39
2018-07-30,15.45
2018-07-31,16.22
2018-08-01,14.71
2018-08-02,14.87
2018-08-03,17.72
2018-08-04,10.36
2018-08-05,9.21
2018-08-06,11.21
2018-08-07,12.65
2018-08-08,13.33
2018-08-09,11.61
2018-08-10,12.59
2018-08-11,11.7
2018-08-12,9.7
2018-08-13,12.94
2018-08-14,80.13
2018-08-15,26.83
2018-08-16,26.49
2018-08-17,23.72
2018-08-18,24.15
2018-08-19,22.94
2018-08-20,26.68
2018-08-21,30.76
2018-08-22,25.47
2018-08-23,23.11
2018-08-24,18.94
2018-08-25,25.28
2018-08-26,23.62
2018-08-27,26.46
2018-08-28,30.97
2018-08-29,28.58
2018-08-30,26.49
2018-08-31,25.69
2018-09-01,28.24
2018-09-02,24.03
2018-09-03,26.35
2018-09-04,23.49
2018-09-05,22.67
2018-09-06,25.5
2018-09-07,27.31
2018-09-08,26.77
2018-09-09,24.28
2018-09-10,21.84
2018-09-11,26.76
2018-09-12,21.64
2018-09-13,19.28
2018-09-14,23.52
2018-09-15,22.09
2018-09-16,25.6
2018-09-17,20.37
2018-09-18,25.51
2018-09-19,17.68
2018-09-20,25.44
2018-09-21,42.73
2018-09-22,31.22
2018-09-23,35.95
2018-09-24,33.06
2018-09-25,33.86
2018-09-26,32.52
2018-09-27,37.21
2018-09-28,44.86
2018-09-29,44.05
2018-09-30,54.77
2018-10-01,49.35
2018-10-02,49.52
2018-10-03,50.87
2018-10-04,43.4
2018-10-05,42.12
2018-10-06,48.16
2018-10-07,54.76
2018-10-08,48.6
2018-10-09,45.06
2018-10-10,42.82
2018-10-11,34.35
2018-10-12,44.57
2018-10-13,54.92
2018-10-14,48.18
2018-10-15,49.42
2018-10-16,54.25
2018-10-17,46.14
2018-10-18,26.07
2018-10-19,49.65
2018-10-20,48.89
2018-10-21,0.0
2018-10-22,65.55
2018-10-23,30.7
2018-10-24,45.04
2018-10-25,52.53
2018-10-26,39.38
2018-10-27,54.0
2018-10-28,0.0
2018-10-29,34.62
2018-10-30,36.32
2018-10-31,41.76
2018-11-01,49.85
2018-11-02,41.8
2018-11-03,40.22
2018-11-04,37.39
2018-11-05,34.93
2018-11-06,65.23
2018-11-07,67.63
2018-11-08,130.47
2018-11-09,93.59
2018-11-10,122.18
2018-11-11,63.69
2018-11-12,56.06
2018-11-13,51.04
2018-11-14,48.02
2018-11-15,49.79
2018-11-16,51.3
2018-11-17,56.72
2018-11-18,65.09
2018-11-19,0.0
2018-11-20,73.29
2018-11-21,0.0
2018-11-22,64.04
2018-11-23,48.49
2018-11-24,48.76
2018-11-25,51.75
2018-11-26,63.19
2018-11-27,57.74
2018-11-28,55.7
2018-11-29,53.71
2018-11-30,56.87
2018-12-01,62.05
2018-12-02,62.82
2018-12-03,76.86
2018-12-04,65.54
2018-12-05,72.91
2018-12-06,70.04
2018-12-07,54.61
2018-12-08,63.47
2018-12-09,56.9
2018-12-10,51.82
2018-12-11,49.73
2018-12-12,38.67
2018-12-13,50.03
2018-12-14,61.98
2018-12-15,57.49
2018-12-16,56.54
2018-12-17,50.82
2018-12-18,63.59
2018-12-19,66.38
2018-12-20,50.75
2018-12-21,52.93
2018-12-22,74.39
2018-12-23,92.96
2018-12-24,96.74
2018-12-25,88.48
2018-12-26,68.03
2018-12-27,67.26
2018-12-28,69.88
2018-12-29,65.85
2018-12-30,81.14
2018-12-31,81.34
2019-01-01,79.78
2019-01-02,80.41
2019-01-03,103.76
2019-01-04,84.61
2019-01-05,75.92
2019-01-06,81.14
2019-01-07,52.78
2019-01-08,57.44
2019-01-09,71.68
2019-01-10,84.32
2019-01-11,85.51
2019-01-12,76.86
2019-01-13,75.79
2019-01-14,66.32
2019-01-15,68.1
2019-01-16,69.37
2019-01-17,83.31
2019-01-18,84.99
2019-01-19,82.07
2019-01-20,93.45
2019-01-21,51.0
2019-01-22,34.26
2019-01-23,26.04
2019-01-24,53.38
2019-01-25,47.4
2019-01-26,38.28
2019-01-27,36.88
2019-01-28,46.01
2019-01-29,47.42
2019-01-30,51.55
2019-01-31,51.24
2019-02-01,48.04
2019-02-02,50.63
2019-02-03,73.37
2019-02-04,66.26
2019-02-05,65.62
2019-02-06,43.34
2019-02-07,18.67
2019-02-08,52.26
2019-02-09,72.35
2019-02-10,86.52
2019-02-11,101.67
2019-02-12,94.74
2019-02-13,78.47
2019-02-14,49.64
2019-02-15,47.74
2019-02-16,52.57
2019-02-17,59.84
2019-02-18,54.99
2019-02-19,49.87
2019-02-20,64.73
2019-02-21,35.61
2019-02-22,38.3
2019-02-23,58.39
2019-02-24,31.67
2019-02-25,35.64
2019-02-26,27.8
2019-02-27,22.69
2019-02-28,49.14
2019-03-01,41.12
2019-03-02,49.77
2019-03-03,15.85
2019-03-04,16.82
2019-03-05,22.15
2019-03-06,23.44
2019-03-07,25.23
2019-03-08,29.13
2019-03-09,36.24
2019-03-10,30.19
2019-03-11,23.72
2019-03-12,21.02
2019-03-13,23.36
2019-03-14,21.54
2019-03-15,28.02
2019-03-16,39.49
2019-03-17,37.52
2019-03-18,40.68
2019-03-19,35.58
2019-03-20,27.08
2019-03-21,19.81
2019-03-22,18.03
2019-03-23,31.96
2019-03-24,49.58
2019-03-25,55.04
2019-03-26,40.69
2019-03-27,34.51
2019-03-28,32.94
2019-03-29,29.55
2019-03-30,24.24
2019-03-31,18.43
2019-04-01,19.8
2019-04-02,22.9
2019-04-03,27.35
2019-04-04,16.91
2019-04-05,19.09
2019-04-06,17.84
2019-04-07,18.74
2019-04-08,16.1
2019-04-09,16.87
2019-04-10,14.22
2019-04-11,17.17
2019-04-12,22.32
2019-04-13,33.1
2019-04-14,22.7
2019-04-15,20.7
2019-04-16,27.28
2019-04-17,13.15
2019-04-18,21.44
2019-04-19,21.5
2019-04-20,22.27
2019-04-21,21.17
2019-04-22,20.98
2019-04-23,18.09
2019-04-24,16.24
2019-04-25,17.48
2019-04-26,17.19
2019-04-27,26.23
2019-04-28,23.77
2019-04-29,22.63
2019-04-30,21.86
2019-05-01,19.09
2019-05-02,21.65
2019-05-03,17.93
2019-05-04,16.54
2019-05-05,14.8
2019-05-06,15.73
2019-05-07,13.48
2019-05-08,12.89
2019-05-09,10.95
2019-05-10,12.8
2019-05-11,12.96
2019-05-12,14.62
2019-05-13,18.73
2019-05-14,15.43
2019-05-15,15.19
2019-05-16,16.01
2019-05-17,15.25
2019-05-18,16.14
2019-05-19,12.37
2019-05-20,12.04
2019-05-21,14.62
2019-05-22,11.08
2019-05-23,25.61
2019-05-24,16.84
2019-05-25,14.03
2019-05-26,17.07
2019-05-27,18.11
2019-05-28,16.57
2019-05-29,14.93
2019-05-30,12.88
2019-05-31,13.92
2019-06-01,12.38
2019-06-02,12.49
2019-06-03,16.91
2019-06-04,14.51
2019-06-05,16.41
2019-06-06,12.41
2019-06-07,12.86
2019-06-08,14.42
2019-06-09,16.3
2019-06-10,18.41
2019-06-11,18.13
2019-06-12,15.48
2019-06-13,13.64
2019-06-14,15.87
2019-06-15,13.97
2019-06-16,11.64
2019-06-17,12.33
2019-06-18,14.3
2019-06-19,14.45
2019-06-20,15.98
2019-06-21,16.49
2019-06-22,19.33
2019-06-23,18.81
2019-06-24,20.36
2019-06-25,17.72
2019-06-26,15.04
2019-06-27,10.52
2019-06-28,7.2
2019-06-29,10.31
2019-06-30,11.91
2019-07-01,8.73
2019-07-02,9.86
2019-07-03,13.44
2019-07-04,16.28
2019-07-05,13.97
2019-07-06,10.48
2019-07-07,17.65
2019-07-08,9.78
2019-07-09,10.49
2019-07-10,8.69
2019-07-11,11.0
2019-07-12,11.6
2019-07-13,11.06
2019-07-14,9.18
2019-07-15,10.76
2019-07-16,11.46
2019-07-17,14.55
2019-07-18,14.07
2019-07-19,18.79
2019-07-20,18.67
2019-07-21,22.6
2019-07-22,11.58
2019-07-23,7.33
2019-07-24,7.93
2019-07-25,14.23
2019-07-26,11.83
2019-07-27,11.84
2019-07-28,14.16
2019-07-29,12.93
2019-07-30,10.37
2019-07-31,9.25
2019-08-01,9.44
2019-08-02,7.97
2019-08-03,8.06
2019-08-04,10.3
2019-08-05,11.9
2019-08-06,10.6
2019-08-07,12.73
2019-08-08,18.67
2019-08-09,18.48
2019-08-10,18.71
2019-08-11,15.56
2019-08-12,12.73
2019-08-13,13.07
2019-08-14,15.06
2019-08-15,11.75
2019-08-16,11.89
2019-08-17,13.3
2019-08-18,11.37
2019-08-19,11.44
2019-08-20,13.78
2019-08-21,15.77
2019-08-22,12.96
2019-08-23,16.01
2019-08-24,18.56
2019-08-25,12.37
2019-08-26,14.76
2019-08-27,13.53
2019-08-28,12.75
2019-08-29,13.24
2019-08-30,11.17
2019-08-31,11.53
2019-09-01,9.75
2019-09-02,12.12
2019-09-03,6.72
2019-09-04,7.68
2019-09-05,5.68
2019-09-06,7.6
2019-09-07,10.71
2019-09-08,8.69
2019-09-09,12.07
2019-09-10,13.89
2019-09-11,14.62
2019-09-12,10.93
2019-09-13,12.93
2019-09-14,13.24
2019-09-15,10.85
2019-09-16,11.95
2019-09-17,16.24
2019-09-18,17.95
2019-09-19,21.73
2019-09-20,14.94
2019-09-21,12.09
2019-09-22,15.09
2019-09-23,18.6
2019-09-24,15.04
2019-09-25,16.9
2019-09-26,17.28
2019-09-27,8.39
2019-09-28,8.32
2019-09-29,9.62
2019-09-30,8.33
2019-10-01,10.46
2019-10-02,16.15
2019-10-03,17.62
2019-10-04,24.77
2019-10-05,32.11
2019-10-06,35.13
2019-10-07,45.48
2019-10-08,54.08
2019-10-09,21.6
2019-10-10,39.03
2019-10-11,39.11
2019-10-12,49.37
2019-10-13,42.92
2019-10-14,55.33
2019-10-15,50.61
2019-10-16,49.19
2019-10-17,56.89
2019-10-18,62.55
2019-10-19,28.56
2019-10-20,15.09
2019-10-21,17.75
2019-10-22,17.92
2019-10-23,17.85
2019-10-24,30.71
2019-10-25,20.04
2019-10-26,25.58
2019-10-27,39.09
2019-10-28,53.5
2019-10-29,56.28
2019-10-30,40.81
2019-10-31,25.37
2019-11-01,16.55
2019-11-02,11.99
2019-11-03,20.09
2019-11-04,28.41
2019-11-05,36.96
2019-11-06,52.87
2019-11-07,19.26
2019-11-08,12.19
2019-11-09,27.12
2019-11-10,49.51
2019-11-11,57.72
2019-11-12,69.7
2019-11-13,64.9
2019-11-14,62.54
2019-11-15,69.75
2019-11-16,77.05
2019-11-17,70.89
2019-11-18,72.13
2019-11-19,90.92
2019-11-20,91.86
2019-11-21,92.37
2019-11-22,87.03
2019-11-23,82.21
2019-11-24,82.78
2019-11-25,89.06
2019-11-26,83.45
2019-11-27,73.81
2019-11-28,71.95
2019-11-29,81.38
2019-11-30,87.36
2019-12-01,94.89
2019-12-02,64.67
2019-12-03,39.87
2019-12-04,49.87
2019-12-05,65.29
2019-12-06,83.28
2019-12-07,70.54
2019-12-08,88.13
2019-12-09,82.73
2019-12-10,82.73
2019-12-11,95.77
2019-12-12,95.21
2019-12-13,72.43
2019-12-14,50.06
2019-12-15,69.63
2019-12-16,89.46
2019-12-17,80.42
2019-12-18,73.92
2019-12-19,75.17
2019-12-20,94.27
2019-12-21,94.04
2019-12-22,94.72
2019-12-23,94.33
2019-12-24,122.89
2019-12-25,134.32
2019-12-26,87.5
2019-12-27,88.03
2019-12-28,75.77
2019-12-29,75.81
2019-12-30,86.42
2019-12-31,65.76
2020-01-01,104.06
2020-01-02,107.87
2020-01-03,93.64
2020-01-04,94.05
2020-01-05,91.04
2020-01-06,70.2
2020-01-07,87.2
2020-01-08,64.97
2020-01-09,59.98
2020-01-10,65.06
2020-01-11,76.71
2020-01-12,98.12
2020-01-13,68.39
2020-01-14,36.33
2020-01-15,30.53
2020-01-16,34.16
2020-01-17,51.0
2020-01-18,87.28
2020-01-19,96.1
2020-01-20,89.26
2020-01-21,96.99
2020-01-22,78.69
2020-01-23,87.78
2020-01-24,73.57
2020-01-25,91.57
2020-01-26,103.35
2020-01-27,57.22
2020-01-28,25.47
2020-01-29,19.77
2020-01-30,52.66
2020-01-31,65.97
2020-02-01,72.14
2020-02-02,80.79
2020-02-03,83.47
2020-02-04,77.73
2020-02-05,60.91
2020-02-06,47.67
2020-02-07,49.35
2020-02-08,68.47
2020-02-09,68.29
2020-02-10,56.58
2020-02-11,60.95
2020-02-12,60.53
2020-02-13,67.91
2020-02-14,58.14
2020-02-15,53.27
2020-02-16,68.93
2020-02-17,102.48
2020-02-18,88.15
2020-02-19,92.5
2020-02-20,62.8
2020-02-21,39.37
2020-02-22,65.93
2020-02-23,77.63
2020-02-24,84.7
2020-02-25,48.01
2020-02-26,41.03
2020-02-27,51.74
2020-02-28,77.61
2020-02-29,74.98
2020-03-01,43.39
2020-03-02,52.18
2020-03-03,43.68
2020-03-04,36.73
2020-03-05,32.59
2020-03-06,20.15
2020-03-07,24.45
2020-03-08,27.0
2020-03-09,35.03
2020-03-10,40.47
2020-03-11,16.04
2020-03-12,18.59
2020-03-13,23.81
2020-03-14,30.33
2020-03-15,49.84
2020-03-16,57.99
2020-03-17,78.54
2020-03-18,52.03
2020-03-19,30.33
2020-03-20,21.08
2020-03-21,20.14
2020-03-22,16.75
2020-03-23,23.48
2020-03-24,35.58
2020-03-25,30.86
2020-03-26,27.82
2020-03-27,24.81
2020-03-28,28.14
2020-03-29,23.43
2020-03-30,23.57
2020-03-31,25.36
2020-04-01,20.08
2020-04-02,26.27
2020-04-03,24.33
2020-04-04,24.7
2020-04-05,27.36
2020-04-06,20.82
2020-04-07,24.1
2020-04-08,29.52
2020-04-09,28.3
2020-04-10,25.89
2020-04-11,29.54
2020-04-12,28.26
2020-04-13,25.58
2020-04-14,26.89
2020-04-15,26.61
2020-04-16,20.55
2020-04-17,20.54
2020-04-18,18.48
2020-04-19,19.99
2020-04-20,25.7
2020-04-21,18.64
2020-04-22,18.03
2020-04-23,19.8
2020-04-24,20.82
2020-04-25,16.78
2020-04-26,19.05
2020-04-27,17.23
2020-04-28,19.82
2020-04-29,21.01
2020-04-30,20.8
2020-05-01,15.53
2020-05-02,13.15
2020-05-03,12.02
2020-05-04,11.51
2020-05-05,11.2
2020-05-06,12.09
2020-05-07,14.3
2020-05-08,15.26
2020-05-09,14.21
2020-05-10,13.08
2020-05-11,16.85
2020-05-12,13.72
2020-05-13,14.67
2020-05-14,15.23
2020-05-15,17.67
2020-05-16,30.44
2020-05-17,29.74
2020-05-18,21.3
2020-05-19,15.36
2020-05-20,14.14
2020-05-21,16.44
2020-05-22,14.78
2020-05-23,15.18
2020-05-24,12.33
2020-05-25,11.81
2020-05-26,12.64
2020-05-27,11.7
2020-05-28,12.21
2020-05-29,7.33
2020-05-30,10.08
2020-05-31,8.99
2020-06-01,17.27
2020-06-02,21.94
2020-06-03,8.38
2020-06-04,20.53
2020-06-05,11.26
2020-06-06,9.38
2020-06-07,10.85
2020-06-08,8.92
2020-06-09,8.93
2020-06-10,10.43
2020-06-11,9.0
2020-06-12,10.46
2020-06-13,10.36
2020-06-14,9.87
2020-06-15,10.58
2020-06-16,9.59
2020-06-17,6.62
2020-06-18,7.46
2020-06-19,14.69
2020-06-20,11.97
2020-06-21,9.27
2020-06-22,12.61
2020-06-23,9.56
2020-06-24,8.73
2020-06-25,11.84
2020-06-26,13.82
2020-06-27,18.04
2020-06-28,12.33
2020-06-29,7.88
2020-06-30,4.66
2020-07-01,3.84
2015-06-01,0.0
2015-06-02,0.0
2015-06-03,0.0
2015-06-04,0.0
2015-06-05,0.0
2015-06-06,0.0
2015-06-07,0.0
2015-06-08,0.0
2015-06-09,0.0
2015-06-10,0.0
2015-06-11,0.0
2015-06-12,0.0
2015-06-13,0.0
2015-06-14,0.0
2015-06-15,0.0
2015-06-16,0.0
2015-06-17,0.0
2015-06-18,0.0
2015-06-19,0.0
2015-06-20,0.0
2015-06-21,0.0
2015-06-22,0.0
2015-06-23,0.0
2015-06-24,0.0
2015-06-25,0.0
2015-06-26,0.0
2015-06-27,0.0
2015-06-28,0.0
2015-06-29,0.0
2015-06-30,0.0
2015-07-01,0.0
2015-07-02,0.0
2015-07-03,0.0
2015-07-04,0.0
2015-07-05,0.0
2015-07-06,0.0
2015-07-07,0.0
2015-07-08,0.0
2015-07-09,0.0
2015-07-10,0.0
2015-07-11,0.0
2015-07-12,0.0
2015-07-13,0.0
2015-07-14,0.0
2015-07-15,0.0
2015-07-16,0.0
2015-07-17,0.0
2015-07-18,0.0
2015-07-19,0.0
2015-07-20,0.0
2015-07-21,0.0
2015-07-22,0.0
2015-07-23,0.0
2015-07-24,0.0
2015-07-25,0.0
2015-07-26,0.0
2015-07-27,0.0
2015-07-28,0.0
2015-07-29,0.0
2015-07-30,0.0
2015-07-31,0.0
2015-08-01,0.0
2015-08-02,0.0
2015-08-03,0.0
2015-08-04,0.0
2015-08-05,0.0
2015-08-06,0.0
2015-08-07,0.0
2015-08-08,0.0
2015-08-09,0.0
2015-08-10,0.0
2015-08-11,0.0
2015-08-12,0.0
2015-08-13,0.0
2015-08-14,0.0
2015-08-15,0.0
2015-08-16,0.0
2015-08-17,0.0
2015-08-18,0.0
2015-08-19,0.0
2015-08-20,0.0
2015-08-21,0.0
2015-08-22,0.0
2015-08-23,0.0
2015-08-24,0.0
2015-08-25,0.0
2015-08-26,0.0
2015-08-27,0.0
2015-08-28,0.0
2015-08-29,0.0
2015-08-30,0.0
2015-08-31,0.0
2015-09-01,0.0
2015-09-02,0.0
2015-09-03,0.0
2015-09-04,0.0
2015-09-05,0.0
2015-09-06,0.0
2015-09-07,0.0
2015-09-08,0.0
2015-09-09,0.0
2015-09-10,0.0
2015-09-11,0.0
2015-09-12,0.0
2015-09-13,0.0
2015-09-14,0.0
2015-09-15,0.0
2015-09-16,0.0
2015-09-17,0.0
2015-09-18,0.0
2015-09-19,0.0
2015-09-20,0.0
2015-09-21,0.0
2015-09-22,0.0
2015-09-23,0.0
2015-09-24,0.0
2015-09-25,0.0
2015-09-26,0.0
2015-09-27,0.0
2015-09-28,0.0
2015-09-29,0.0
2015-09-30,0.0
2015-10-01,100.96
2015-10-02,71.2
2015-10-03,74.28
2015-10-04,118.5
2015-10-05,99.12
2015-10-06,107.03
2015-10-07,111.0
2015-10-08,107.48
2015-10-09,121.5
2015-10-10,0.0
2015-10-11,0.0
2015-10-12,0.0
2015-10-13,0.0
2015-10-14,0.0
2015-10-15,68.34
2015-10-16,87.82
2015-10-17,95.74
2015-10-18,170.0
2015-10-19,116.35
2015-10-20,83.8
2015-10-21,98.72
2015-10-22,128.72
2015-10-23,120.64
2015-10-24,119.64
2015-10-25,197.17
2015-10-26,125.35
2015-10-27,136.26
2015-10-28,201.0
2015-10-29,66.43
2015-10-30,66.17
2015-10-31,116.88
2015-11-01,192.0
2015-11-02,114.42
2015-11-03,132.89
2015-11-04,124.45
2015-11-05,128.25
2015-11-06,170.54
2015-11-07,217.82
2015-11-08,211.84
2015-11-09,183.37
2015-11-10,217.98
2015-11-11,225.05
2015-11-12,214.09
2015-11-13,200.98
2015-11-14,240.12
2015-11-15,249.21
2015-11-16,279.32
2015-11-17,222.41
2015-11-18,238.43
2015-11-19,195.85
2015-11-20,275.71
2015-11-21,315.16
2015-11-22,422.92
2015-11-23,273.82
2015-11-24,305.56
2015-11-25,281.76
2015-11-26,253.51
2015-11-27,240.39
2015-11-28,199.25
2015-11-29,119.5
2015-11-30,221.33
2015-12-01,247.61
2015-12-02,189.19
2015-12-03,160.84
2015-12-04,230.61
2015-12-05,242.71
2015-12-06,174.18
2015-12-07,186.38
2015-12-08,198.38
2015-12-09,169.68
2015-12-10,150.2
2015-12-11,194.92
2015-12-12,276.74
2015-12-13,250.54
2015-12-14,207.56
2015-12-15,208.42
2015-12-16,272.46
2015-12-17,321.28
2015-12-18,283.03
2015-12-19,322.19
2015-12-20,645.5
2015-12-21,299.25
2015-12-22,296.46
2015-12-23,281.18
2015-12-24,284.03
2015-12-25,255.32
2015-12-26,218.97
2015-12-27,324.5
2015-12-28,364.83
2015-12-29,391.47
2015-12-30,498.75
2015-12-31,498.02
2016-01-01,553.63
2016-01-02,454.15
2016-01-03,406.49
2016-01-04,361.88
2016-01-05,373.44
2016-01-06,451.4
2016-01-07,290.05
2016-01-08,260.51
2016-01-09,196.61
2016-01-10,156.03
2016-01-11,234.13
2016-01-12,301.41
2016-01-13,355.4
2016-01-14,412.87
2016-01-15,312.14
2016-01-16,195.43
2016-01-17,190.89
2016-01-18,194.96
2016-01-19,211.12
2016-01-20,184.21
2016-01-21,167.6
2016-01-22,159.71
2016-01-23,269.74
2016-01-24,302.58
2016-01-25,335.55
2016-01-26,298.3
2016-01-27,248.62
2016-01-28,272.65
2016-01-29,309.87
2016-01-30,337.37
2016-01-31,345.73
2016-02-01,239.65
2016-02-02,212.25
2016-02-03,102.21
2016-02-04,148.58
2016-02-05,365.0
2016-02-06,0.0
2016-02-07,0.0
2016-02-08,0.0
2016-02-09,193.44
2016-02-10,194.24
2016-02-11,248.22
2016-02-12,181.54
2016-02-13,223.92
2016-02-14,189.19
2016-02-15,196.19
2016-02-16,198.92
2016-02-17,115.71
2016-02-18,116.36
2016-02-19,94.58
2016-02-20,122.07
2016-02-21,130.5
2016-02-22,63.6
2016-02-23,96.72
2016-02-24,131.62
2016-02-25,161.57
2016-02-26,112.65
2016-02-27,113.99
2016-02-28,127.13
2016-02-29,146.86
2016-03-01,91.83
2016-03-02,144.07
2016-03-03,180.16
2016-03-04,175.65
2016-03-05,247.52
2016-03-06,205.0
2016-03-07,94.47
2016-03-08,51.77
2016-03-09,82.68
2016-03-10,79.5
2016-03-11,66.46
2016-03-12,73.38
2016-03-13,32.0
2016-03-14,61.64
2016-03-15,102.93
2016-03-16,104.17
2016-03-17,80.08
2016-03-18,155.15
2016-03-19,66.5
2016-03-20,0.0
2016-03-21,84.45
2016-03-22,41.42
2016-03-23,142.92
2016-03-24,165.42
2016-03-25,122.33
2016-03-26,142.83
2016-03-27,151.61
2016-03-28,72.89
2016-03-29,81.45
2016-03-30,147.27
2016-03-31,135.87
2016-04-01,52.08
2016-04-02,68.82
2016-04-03,116.43
2016-04-04,91.12
2016-04-05,95.61
2016-04-06,56.0
2016-04-07,64.36
2016-04-08,59.97
2016-04-09,63.68
2016-04-10,67.83
2016-04-11,68.21
2016-04-12,55.92
2016-04-13,50.42
2016-04-14,79.44
2016-04-15,70.25
2016-04-16,119.91
2016-04-17,66.73
2016-04-18,66.36
2016-04-19,64.81
2016-04-20,89.45
2016-04-21,60.25
2016-04-22,66.23
2016-04-23,112.04
2016-04-24,64.0
2016-04-25,62.5
2016-04-26,65.06
2016-04-27,139.0
2016-04-28,103.2
2016-04-29,112.71
2016-04-30,107.22
2016-05-01,94.3
2016-05-02,113.64
2016-05-03,105.17
2016-05-04,69.21
2016-05-05,77.02
2016-05-06,118.74
2016-05-07,74.61
2016-05-08,98.17
2016-05-09,76.96
2016-05-10,115.88
2016-05-11,62.22
2016-05-12,65.42
2016-05-13,59.59
2016-05-14,63.54
2016-05-15,58.5
2016-05-16,64.47
2016-05-17,70.67
2016-05-18,49.74
2016-05-19,41.25
2016-05-20,39.84
2016-05-21,44.05
2016-05-22,91.96
2016-05-23,61.75
2016-05-24,59.26
2016-05-25,64.21
2016-05-26,110.88
2016-05-27,150.08
2016-05-28,415.43
2016-05-29,66.17
2016-05-30,86.67
2016-05-31,81.11
2016-06-01,68.89
2016-06-02,73.5
2016-06-03,169.52
2016-06-04,66.58
2016-06-05,56.37
2016-06-06,56.57
2016-06-07,37.5
2016-06-08,95.61
2016-06-09,77.65
2016-06-10,50.0
2016-06-11,84.0
2016-06-12,0.0
2016-06-13,53.5
2016-06-14,60.29
2016-06-15,74.71
2016-06-16,43.67
2016-06-17,48.0
2016-06-18,43.61
2016-06-19,45.75
2016-06-20,47.5
2016-06-21,46.67
2016-06-22,39.48
2016-06-23,67.86
2016-06-24,48.93
2016-06-25,57.6
2016-06-26,96.77
2016-06-27,68.22
2016-06-28,83.29
2016-06-29,43.12
2016-06-30,45.54
2016-07-01,40.3
2016-07-02,36.96
2016-07-03,32.14
2016-07-04,36.0
2016-07-05,37.95
2016-07-06,44.45
2016-07-07,43.0
2016-07-08,49.11
2016-07-09,34.4
2016-07-10,39.08
2016-07-11,35.0
2016-07-12,32.0
2016-07-13,47.58
2016-07-14,59.33
2016-07-15,40.91
2016-07-16,38.0
2016-07-17,36.25
2016-07-18,37.83
2016-07-19,42.11
2016-07-20,49.88
2016-07-21,58.33
2016-07-22,56.72
2016-07-23,43.43
2016-07-24,43.1
2016-07-25,46.0
2016-07-26,42.62
2016-07-27,40.43
2016-07-28,64.13
2016-07-29,44.97
2016-07-30,54.18
2016-07-31,53.0
2016-08-01,41.62
2016-08-02,191.41
2016-08-03,30.09
2016-08-04,26.99
2016-08-05,68.36
2016-08-06,78.82
2016-08-07,26.13
2016-08-08,33.32
2016-08-09,46.89
2016-08-10,80.32
2016-08-11,24.8
2016-08-12,35.8
2016-08-13,36.83
2016-08-14,92.47
2016-08-15,53.8
2016-08-16,29.83
2016-08-17,31.27
2016-08-18,26.0
2016-08-19,39.17
2016-08-20,55.21
2016-08-21,41.88
2016-08-22,25.35
2016-08-23,45.04
2016-08-24,65.56
2016-08-25,83.62
2016-08-26,47.9
2016-08-27,38.57
2016-08-28,36.43
2016-08-29,54.38
2016-08-30,42.94
2016-08-31,51.75
2016-09-01,35.06
2016-09-02,38.8
2016-09-03,26.06
2016-09-04,45.36
2016-09-05,76.12
2016-09-06,43.17
2016-09-07,81.48
2016-09-08,99.07
2016-09-09,48.54
2016-09-10,97.21
2016-09-11,91.08
2016-09-12,31.62
2016-09-13,40.96
2016-09-14,40.93
2016-09-15,87.32
2016-09-16,97.75
2016-09-17,35.55
2016-09-18,89.06
2016-09-19,61.78
2016-09-20,51.0
2016-09-21,71.62
2016-09-22,38.36
2016-09-23,47.46
2016-09-24,36.96
2016-09-25,120.7
2016-09-26,39.0
2016-09-27,51.86
2016-09-28,79.44
2016-09-29,35.66
2016-09-30,105.85
2016-10-01,52.04
2016-10-02,296.42
2016-10-03,121.02
2016-10-04,91.71
2016-10-05,115.54
2016-10-06,69.0
2016-10-07,65.46
2016-10-08,48.71
2016-10-09,0.0
2016-10-10,70.85
2016-10-11,60.92
2016-10-12,103.94
2016-10-13,114.1
2016-10-14,133.66
2016-10-15,133.25
2016-10-16,0.0
2016-10-17,91.42
2016-10-18,161.25
2016-10-19,122.43
2016-10-20,112.42
2016-10-21,112.0
2016-10-22,116.23
2016-10-23,149.04
2016-10-24,131.05
2016-10-25,163.83
2016-10-26,195.54
2016-10-27,160.62
2016-10-28,144.73
2016-10-29,191.33
2016-10-30,372.28
2016-10-31,415.99
2016-11-01,173.54
2016-11-02,156.08
2016-11-03,136.93
2016-11-04,221.38
2016-11-05,555.33
2016-11-06,129.5
2016-11-07,177.99
2016-11-08,262.44
2016-11-09,335.78
2016-11-10,211.3
2016-11-11,176.06
2016-11-12,211.58
2016-11-13,179.71
2016-11-14,150.36
2016-11-15,144.75
2016-11-16,154.15
2016-11-17,256.14
2016-11-18,244.5
2016-11-19,204.53
2016-11-20,292.92
2016-11-21,293.74
2016-11-22,265.52
2016-11-23,199.17
2016-11-24,254.83
2016-11-25,282.43
2016-11-26,279.68
2016-11-27,404.21
2016-11-28,376.52
2016-11-29,461.53
2016-11-30,322.79
2016-12-01,213.92
2016-12-02,192.35
2016-12-03,251.92
2016-12-04,188.04
2016-12-05,278.25
2016-12-06,238.16
2016-12-07,196.16
2016-12-08,175.96
2016-12-09,207.79
2016-12-10,201.17
2016-12-11,152.52
2016-12-12,207.5
2016-12-13,188.93
2016-12-14,276.92
2016-12-15,246.42
2016-12-16,238.56
2016-12-17,284.71
2016-12-18,392.31
2016-12-19,197.94
2016-12-20,296.0
2016-12-21,420.88
2016-12-22,466.48
2016-12-23,357.91
2016-12-24,392.75
2016-12-25,427.46
2016-12-26,274.23
2016-12-27,179.13
2016-12-28,170.28
2016-12-29,269.91
2016-12-30,242.58
2016-12-31,158.75
2017-01-01,199.0
2017-01-02,307.27
2017-01-03,229.8
2017-01-04,180.95
2017-01-05,205.62
2017-01-06,238.36
2017-01-07,195.2
2017-01-08,223.67
2017-01-09,268.38
2017-01-10,174.41
2017-01-11,136.67
2017-01-12,138.12
2017-01-13,181.93
2017-01-14,220.1
2017-01-15,250.54
2017-01-16,243.71
2017-01-17,260.54
2017-01-18,422.59
2017-01-19,256.46
2017-01-20,136.57
2017-01-21,140.83
2017-01-22,201.33
2017-01-23,151.79
2017-01-24,218.21
2017-01-25,282.41
2017-01-26,273.71
2017-01-27,179.29
2017-01-28,61.92
2017-01-29,88.58
2017-01-30,174.62
2017-01-31,135.36
2017-02-01,155.23
2017-02-02,172.17
2017-02-03,348.58
2017-02-04,263.04
2017-02-05,277.0
2017-02-06,290.88
2017-02-07,110.38
2017-02-08,146.47
2017-02-09,145.0
2017-02-10,0.0
2017-02-11,0.0
2017-02-12,0.0
2017-02-13,0.0
2017-02-14,0.0
2017-02-15,0.0
2017-02-16,0.0
2017-02-17,0.0
2017-02-18,0.0
2017-02-19,0.0
2017-02-20,0.0
2017-02-21,0.0
2017-02-22,0.0
2017-02-23,70.52
2017-02-24,65.5
2017-02-25,0.0
2017-02-26,0.0
2017-02-27,0.0
2017-02-28,61.0
2017-03-01,108.2
2017-03-02,120.12
2017-03-03,89.54
2017-03-04,161.0
2017-03-05,99.37
2017-03-06,80.47
2017-03-07,98.35
2017-03-08,152.52
2017-03-09,185.6
2017-03-10,169.79
2017-03-11,71.61
2017-03-12,97.92
2017-03-13,0.0
2017-03-14,70.14
2017-03-15,115.38
2017-03-16,86.64
2017-03-17,125.96
2017-03-18,145.47
2017-03-19,127.63
2017-03-20,76.75
2017-03-21,98.03
2017-03-22,113.14
2017-03-23,116.57
2017-03-24,253.65
2017-03-25,0.0
2017-03-26,133.93
2017-03-27,106.58
2017-03-28,157.29
2017-03-29,90.88
2017-03-30,91.26
2017-03-31,106.36
2017-04-01,105.55
2017-04-02,98.16
2017-04-03,114.5
2017-04-04,84.86
2017-04-05,58.75
2017-04-06,83.0
2017-04-07,96.7
2017-04-08,93.16
2017-04-09,105.5
2017-04-10,230.97
2017-04-11,342.0
2017-04-12,146.17
2017-04-13,106.25
2017-04-14,0.0
2017-04-15,0.0
2017-04-16,0.0
2017-04-17,0.0
2017-04-18,0.0
2017-04-19,0.0
2017-04-20,0.0
2017-04-21,0.0
2017-04-22,0.0
2017-04-23,0.0
2017-04-24,0.0
2017-04-25,0.0
2017-04-26,0.0
2017-04-27,0.0
2017-04-28,0.0
2017-04-29,0.0
2017-04-30,0.0
2017-05-01,0.0
2017-05-02,0.0
2017-05-03,0.0
2017-05-04,0.0
2017-05-05,0.0
2017-05-06,0.0
2017-05-07,0.0
2017-05-08,0.0
2017-05-09,0.0
2017-05-10,0.0
2017-05-11,0.0
2017-05-12,0.0
2017-05-13,0.0
2017-05-14,0.0
2017-05-15,0.0
2017-05-16,0.0
2017-05-17,0.0
2017-05-18,0.0
2017-05-19,0.0
2017-05-20,0.0
2017-05-21,0.0
2017-05-22,0.0
2017-05-23,0.0
2017-05-24,0.0
2017-05-25,0.0
2017-05-26,0.0
2017-05-27,0.0
2017-05-28,0.0
2017-05-29,0.0
2017-05-30,0.0
2017-05-31,0.0
2017-06-01,0.0
2017-06-02,0.0
2017-06-03,0.0
2017-06-04,0.0
2017-06-05,0.0
2017-06-06,0.0
2017-06-07,0.0
2017-06-08,0.0
2017-06-09,0.0
2017-06-10,0.0
2017-06-11,0.0
2017-06-12,0.0
2017-06-13,0.0
2017-06-14,0.0
2017-06-15,0.0
2017-06-16,0.0
2017-06-17,0.0
2017-06-18,0.0
2017-06-19,0.0
2017-06-20,0.0
2017-06-21,0.0
2017-06-22,0.0
2017-06-23,0.0
2017-06-24,0.0
2017-06-25,0.0
2017-06-26,0.0
2017-06-27,0.0
2017-06-28,0.0
2017-06-29,0.0
2017-06-30,0.0
2017-07-01,0.0
2017-07-02,0.0
2017-07-03,0.0
2017-07-04,0.0
2017-07-05,0.0
2017-07-06,0.0
2017-07-07,0.0
2017-07-08,0.0
2017-07-09,0.0
2017-07-10,0.0
2017-07-11,0.0
2017-07-12,0.0
2017-07-13,0.0
2017-07-14,0.0
2017-07-15,0.0
2017-07-16,0.0
2017-07-17,0.0
2017-07-18,0.0
2017-07-19,0.0
2017-07-20,0.0
2017-07-21,0.0
2017-07-22,0.0
2017-07-23,0.0
2017-07-24,0.0
2017-07-25,0.0
2017-07-26,0.0
2017-07-27,0.0
2017-07-28,0.0
2017-07-29,0.0
2017-07-30,0.0
2017-07-31,0.0
2017-08-01,0.0
2017-08-02,0.0
2017-08-03,0.0
2017-08-04,0.0
2017-08-05,0.0
2017-08-06,0.0
2017-08-07,0.0
2017-08-08,0.0
2017-08-09,0.0
2017-08-10,0.0
2017-08-11,0.0
2017-08-12,0.0
2017-08-13,0.0
2017-08-14,0.0
2017-08-15,0.0
2017-08-16,0.0
2017-08-17,0.0
2017-08-18,0.0
2017-08-19,0.0
2017-08-20,0.0
2017-08-21,0.0
2017-08-22,0.0
2017-08-23,0.0
2017-08-24,0.0
2017-08-25,0.0
2017-08-26,0.0
2017-08-27,0.0
2017-08-28,0.0
2017-08-29,0.0
2017-08-30,0.0
2017-08-31,0.0
2017-09-01,0.0
2017-09-02,0.0
2017-09-03,0.0
2017-09-04,0.0
2017-09-05,0.0
2017-09-06,0.0
2017-09-07,0.0
2017-09-08,0.0
2017-09-09,0.0
2017-09-10,0.0
2017-09-11,0.0
2017-09-12,0.0
2017-09-13,0.0
2017-09-14,0.0
2017-09-15,0.0
2017-09-16,0.0
2017-09-17,0.0
2017-09-18,0.0
2017-09-19,0.0
2017-09-20,0.0
2017-09-21,0.0
2017-09-22,0.0
2017-09-23,0.0
2017-09-24,0.0
2017-09-25,0.0
2017-09-26,67.0
2017-09-27,81.75
2017-09-28,84.56
2017-09-29,37.5
2017-09-30,46.12
2017-10-01,56.35
2017-10-02,45.22
2017-10-03,24.27
2017-10-04,48.47
2017-10-05,46.4
2017-10-06,49.56
2017-10-07,37.23
2017-10-08,71.67
2017-10-09,53.04
2017-10-10,42.42
2017-10-11,42.0
2017-10-12,59.5
2017-10-13,71.12
2017-10-14,94.8
2017-10-15,128.78
2017-10-16,124.34
2017-10-17,114.65
2017-10-18,88.38
2017-10-19,84.43
2017-10-20,0.0
2017-10-21,44.5
2017-10-22,0.0
2017-10-23,106.42
2017-10-24,148.2
2017-10-25,185.62
2017-10-26,158.58
2017-10-27,165.01
2017-10-28,146.45
2017-10-29,113.67
2017-10-30,138.54
2017-10-31,43.54
2017-11-01,0.0
2017-11-02,117.86
2017-11-03,114.19
2017-11-04,111.81
2017-11-05,115.11
2017-11-06,112.84
2017-11-07,147.55
2017-11-08,246.45
2017-11-09,296.86
2017-11-10,318.54
2017-11-11,263.01
2017-11-12,192.85
2017-11-13,173.11
2017-11-14,166.83
2017-11-15,106.35
2017-11-16,109.71
2017-11-17,110.19
2017-11-18,136.59
2017-11-19,165.27
2017-11-20,181.46
2017-11-21,136.75
2017-11-22,210.4
2017-11-23,262.21
2017-11-24,203.29
2017-11-25,305.93
2017-11-26,348.67
2017-11-27,284.45
2017-11-28,237.81
2017-11-29,300.46
2017-11-30,339.2
2017-12-01,401.35
2017-12-02,414.58
2017-12-03,279.39
2017-12-04,296.04
2017-12-05,335.71
2017-12-06,363.93
2017-12-07,275.48
2017-12-08,226.61
2017-12-09,270.39
2017-12-10,195.21
2017-12-11,215.61
2017-12-12,244.8
2017-12-13,182.27
2017-12-14,127.78
2017-12-15,140.22
2017-12-16,179.33
2017-12-17,244.25
2017-12-18,279.72
2017-12-19,302.05
2017-12-20,242.16
2017-12-21,205.39
2017-12-22,179.74
2017-12-23,235.52
2017-12-24,260.0
2017-12-25,182.57
2017-12-26,217.84
2017-12-27,310.21
2017-12-28,391.54
2017-12-29,265.55
2017-12-30,269.49
2017-12-31,198.35
2018-01-01,282.47
2018-01-02,227.69
2018-01-03,242.62
2018-01-04,277.9
2018-01-05,257.28
2018-01-06,235.51
2018-01-07,249.54
2018-01-08,322.31
2018-01-09,247.38
2018-01-10,207.29
2018-01-11,216.37
2018-01-12,249.93
2018-01-13,260.02
2018-01-14,191.93
2018-01-15,210.23
2018-01-16,191.17
2018-01-17,201.14
2018-01-18,181.73
2018-01-19,163.57
2018-01-20,114.39
2018-01-21,168.88
2018-01-22,202.77
2018-01-23,197.48
2018-01-24,172.43
2018-01-25,114.95
2018-01-26,110.07
2018-01-27,141.28
2018-01-28,250.32
2018-01-29,201.07
2018-01-30,264.93
2018-01-31,272.9
2018-02-01,214.56
2018-02-02,197.7
2018-02-03,153.21
2018-02-04,106.65
2018-02-05,80.12
2018-02-06,99.27
2018-02-07,128.95
2018-02-08,110.05
2018-02-09,100.56
2018-02-10,118.69
2018-02-11,159.2
2018-02-12,182.73
2018-02-13,151.62
2018-02-14,107.21
2018-02-15,94.82
2018-02-16,137.62
2018-02-17,153.9
2018-02-18,165.68
2018-02-19,156.35
2018-02-20,162.34
2018-02-21,184.38
2018-02-22,214.8
2018-02-23,159.75
2018-02-24,228.6
2018-02-25,164.77
2018-02-26,173.39
2018-02-27,117.12
2018-02-28,147.49
2018-03-01,132.89
2018-03-02,175.83
2018-03-03,81.29
2018-03-04,90.11
2018-03-05,106.56
2018-03-06,76.62
2018-03-07,86.95
2018-03-08,118.69
2018-03-09,113.77
2018-03-10,114.23
2018-03-11,94.19
2018-03-12,137.74
2018-03-13,129.08
2018-03-14,164.86
2018-03-15,176.83
2018-03-16,154.58
2018-03-17,87.24
2018-03-18,94.42
2018-03-19,106.67
2018-03-20,124.32
2018-03-21,139.8
2018-03-22,172.53
2018-03-23,128.19
2018-03-24,95.73
2018-03-25,106.14
2018-03-26,108.97
2018-03-27,135.34
2018-03-28,142.11
2018-03-29,139.06
2018-03-30,111.45
2018-03-31,59.97
2018-04-01,73.88
2018-04-02,63.73
2018-04-03,96.56
2018-04-04,85.81
2018-04-05,66.34
2018-04-06,75.17
2018-04-07,98.48
2018-04-08,88.22
2018-04-09,88.76
2018-04-10,90.41
2018-04-11,84.9
2018-04-12,93.84
2018-04-13,82.39
2018-04-14,99.89
2018-04-15,117.04
2018-04-16,97.65
2018-04-17,94.45
2018-04-18,97.51
2018-04-19,93.83
2018-04-20,146.99
2018-04-21,103.02
2018-04-22,91.41
2018-04-23,79.63
2018-04-24,151.86
2018-04-25,127.1
2018-04-26,68.43
2018-04-27,61.0
2018-04-28,66.22
2018-04-29,63.41
2018-04-30,44.45
2018-05-01,48.01
2018-05-02,55.72
2018-05-03,51.1
2018-05-04,57.69
2018-05-05,64.19
2018-05-06,100.12
2018-05-07,98.02
2018-05-08,98.15
2018-05-09,82.42
2018-05-10,91.04
2018-05-11,78.06
2018-05-12,59.92
2018-05-13,61.47
2018-05-14,41.9
2018-05-15,62.45
2018-05-16,62.33
2018-05-17,65.64
2018-05-18,79.59
2018-05-19,73.88
2018-05-20,66.97
2018-05-21,104.97
2018-05-22,86.62
2018-05-23,73.09
2018-05-24,76.36
2018-05-25,77.49
2018-05-26,72.7
2018-05-27,78.1
2018-05-28,67.49
2018-05-29,49.24
2018-05-30,54.17
2018-05-31,57.24
2018-06-01,45.31
2018-06-02,54.38
2018-06-03,75.71
2018-06-04,83.58
2018-06-05,73.28
2018-06-06,78.8
2018-06-07,71.43
2018-06-08,44.22
2018-06-09,52.5
2018-06-10,52.52
2018-06-11,65.12
2018-06-12,70.93
2018-06-13,80.99
2018-06-14,77.59
2018-06-15,98.06
2018-06-16,82.94
2018-06-17,82.36
2018-06-18,75.28
2018-06-19,71.61
2018-06-20,67.46
2018-06-21,72.52
2018-06-22,79.93
2018-06-23,64.14
2018-06-24,66.35
2018-06-25,68.24
2018-06-26,43.46
2018-06-27,52.86
2018-06-28,34.85
2018-06-29,48.51
2018-06-30,65.58
2018-07-01,60.82
2018-07-02,55.72
2018-07-03,57.51
2018-07-04,44.58
2018-07-05,40.99
2018-07-06,52.55
2018-07-07,69.84
2018-07-08,58.43
2018-07-09,33.32
2018-07-10,41.66
2018-07-11,49.47
2018-07-12,44.65
2018-07-13,44.33
2018-07-14,42.91
2018-07-15,42.47
2018-07-16,35.55
2018-07-17,32.38
2018-07-18,38.21
2018-07-19,47.9
2018-07-20,58.49
2018-07-21,36.05
2018-07-22,27.92
2018-07-23,34.29
2018-07-24,46.88
2018-07-25,32.39
2018-07-26,41.54
2018-07-27,42.89
2018-07-28,44.28
2018-07-29,31.96
2018-07-30,36.94
2018-07-31,47.02
2018-08-01,39.54
2018-08-02,51.7
2018-08-03,49.62
2018-08-04,54.43
2018-08-05,64.42
2018-08-06,61.9
2018-08-07,47.6
2018-08-08,44.42
2018-08-09,45.02
2018-08-10,60.95
2018-08-11,80.39
2018-08-12,66.95
2018-08-13,59.48
2018-08-14,61.14
2018-08-15,44.0
2018-08-16,37.12
2018-08-17,41.99
2018-08-18,65.93
2018-08-19,53.67
2018-08-20,40.25
2018-08-21,34.96
2018-08-22,60.08
2018-08-23,56.54
2018-08-24,67.18
2018-08-25,54.79
2018-08-26,55.12
2018-08-27,48.25
2018-08-28,39.88
2018-08-29,45.77
2018-08-30,70.69
2018-08-31,52.89
2018-09-01,51.74
2018-09-02,44.76
2018-09-03,41.48
2018-09-04,46.91
2018-09-05,53.07
2018-09-06,57.02
2018-09-07,38.81
2018-09-08,62.79
2018-09-09,75.02
2018-09-10,52.35
2018-09-11,57.38
2018-09-12,50.11
2018-09-13,56.67
2018-09-14,58.11
2018-09-15,63.78
2018-09-16,67.67
2018-09-17,88.56
2018-09-18,78.46
2018-09-19,96.29
2018-09-20,80.58
2018-09-21,32.7
2018-09-22,49.15
2018-09-23,63.65
2018-09-24,77.5
2018-09-25,73.45
2018-09-26,71.6
2018-09-27,63.83
2018-09-28,81.55
2018-09-29,86.98
2018-09-30,75.9
2018-10-01,71.81
2018-10-02,85.22
2018-10-03,103.11
2018-10-04,96.92
2018-10-05,85.68
2018-10-06,90.95
2018-10-07,88.59
2018-10-08,107.44
2018-10-09,124.3
2018-10-10,97.3
2018-10-11,67.14
2018-10-12,40.05
2018-10-13,60.88
2018-10-14,78.93
2018-10-15,104.86
2018-10-16,110.89
2018-10-17,112.96
2018-10-18,125.18
2018-10-19,107.26
2018-10-20,120.85
2018-10-21,125.04
2018-10-22,141.92
2018-10-23,122.46
2018-10-24,140.29
2018-10-25,147.16
2018-10-26,171.12
2018-10-27,136.71
2018-10-28,132.09
2018-10-29,112.07
2018-10-30,137.34
2018-10-31,103.19
2018-11-01,155.93
2018-11-02,158.76
2018-11-03,148.34
2018-11-04,170.84
2018-11-05,180.68
2018-11-06,180.15
2018-11-07,258.99
2018-11-08,295.52
2018-11-09,186.59
2018-11-10,185.14
2018-11-11,228.08
2018-11-12,235.81
2018-11-13,229.06
2018-11-14,261.24
2018-11-15,172.82
2018-11-16,149.27
2018-11-17,135.62
2018-11-18,185.02
2018-11-19,259.86
2018-11-20,275.6
2018-11-21,276.11
2018-11-22,237.86
2018-11-23,214.56
2018-11-24,210.55
2018-11-25,253.65
2018-11-26,260.83
2018-11-27,204.45
2018-11-28,161.01
2018-11-29,195.57
2018-11-30,195.42
2018-12-01,251.78
2018-12-02,251.83
2018-12-03,260.82
2018-12-04,290.17
2018-12-05,289.43
2018-12-06,262.16
2018-12-07,246.52
2018-12-08,282.8
2018-12-09,258.02
2018-12-10,303.44
2018-12-11,253.4
2018-12-12,207.54
2018-12-13,234.72
2018-12-14,253.49
2018-12-15,159.5
2018-12-16,160.16
2018-12-17,278.9
2018-12-18,205.41
2018-12-19,120.06
2018-12-20,343.85
2018-12-21,353.24
2018-12-22,426.71
2018-12-23,283.17
2018-12-24,253.38
2018-12-25,240.54
2018-12-26,263.32
2018-12-27,244.4
2018-12-28,203.88
2018-12-29,249.73
2018-12-30,337.17
2018-12-31,359.32
2019-01-01,436.55
2019-01-02,463.51
2019-01-03,398.93
2019-01-04,376.2
2019-01-05,423.94
2019-01-06,230.07
2019-01-07,214.9
2019-01-08,131.75
2019-01-09,162.64
2019-01-10,241.28
2019-01-11,312.38
2019-01-12,300.4
2019-01-13,295.69
2019-01-14,250.19
2019-01-15,122.77
2019-01-16,234.01
2019-01-17,359.72
2019-01-18,337.78
2019-01-19,277.86
2019-01-20,363.78
2019-01-21,478.16
2019-01-22,313.62
2019-01-23,176.15
2019-01-24,133.04
2019-01-25,191.67
2019-01-26,177.96
2019-01-27,100.17
2019-01-28,98.08
2019-01-29,103.89
2019-01-30,135.71
2019-01-31,262.54
2019-02-01,293.0
2019-02-02,237.45
2019-02-03,202.97
2019-02-04,138.09
2019-02-05,151.31
2019-02-06,189.49
2019-02-07,234.28
2019-02-08,119.02
2019-02-09,94.6
2019-02-10,101.83
2019-02-11,121.26
2019-02-12,134.59
2019-02-13,164.09
2019-02-14,173.68
2019-02-15,161.38
2019-02-16,83.53
2019-02-17,93.25
2019-02-18,106.34
2019-02-19,154.22
2019-02-20,150.62
2019-02-21,144.92
2019-02-22,160.57
2019-02-23,84.65
2019-02-24,64.36
2019-02-25,104.8
2019-02-26,170.92
2019-02-27,81.31
2019-02-28,46.41
2019-03-01,70.32
2019-03-02,127.84
2019-03-03,129.83
2019-03-04,98.66
2019-03-05,99.65
2019-03-06,74.15
2019-03-07,72.62
2019-03-08,88.98
2019-03-09,108.14
2019-03-10,140.06
2019-03-11,96.84
2019-03-12,105.04
2019-03-13,86.69
2019-03-14,79.54
2019-03-15,72.44
2019-03-16,84.57
2019-03-17,70.48
2019-03-18,78.3
2019-03-19,86.48
2019-03-20,87.83
2019-03-21,176.31
2019-03-22,58.35
2019-03-23,39.08
2019-03-24,46.72
2019-03-25,56.72
2019-03-26,59.91
2019-03-27,61.55
2019-03-28,82.12
2019-03-29,81.53
2019-03-30,91.88
2019-03-31,78.88
2019-04-01,46.83
2019-04-02,61.04
2019-04-03,85.51
2019-04-04,52.49
2019-04-05,51.62
2019-04-06,49.34
2019-04-07,33.27
2019-04-08,46.79
2019-04-09,53.38
2019-04-10,32.98
2019-04-11,59.64
2019-04-12,63.03
2019-04-13,66.67
2019-04-14,45.75
2019-04-15,53.35
2019-04-16,55.69
2019-04-17,36.33
2019-04-18,39.54
2019-04-19,43.79
2019-04-20,46.48
2019-04-21,73.24
2019-04-22,52.32
2019-04-23,47.92
2019-04-24,54.04
2019-04-25,62.99
2019-04-26,54.04
2019-04-27,63.02
2019-04-28,73.54
2019-04-29,59.06
2019-04-30,62.46
2019-05-01,52.69
2019-05-02,49.57
2019-05-03,36.0
2019-05-04,29.39
2019-05-05,43.15
2019-05-06,72.28
2019-05-07,79.01
2019-05-08,78.57
2019-05-09,75.52
2019-05-10,81.05
2019-05-11,73.39
2019-05-12,70.44
2019-05-13,65.06
2019-05-14,61.86
2019-05-15,53.43
2019-05-16,51.32
2019-05-17,54.79
2019-05-18,47.77
2019-05-19,34.67
2019-05-20,57.49
2019-05-21,66.9
2019-05-22,63.96
2019-05-23,44.89
2019-05-24,47.48
2019-05-25,46.78
2019-05-26,48.28
2019-05-27,77.49
2019-05-28,56.77
2019-05-29,49.83
2019-05-30,48.41
2019-05-31,31.34
2019-06-01,42.86
2019-06-02,34.21
2019-06-03,35.77
2019-06-04,36.8
2019-06-05,46.92
2019-06-06,43.46
2019-06-07,43.25
2019-06-08,40.57
2019-06-09,40.92
2019-06-10,57.1
2019-06-11,40.7
2019-06-12,41.25
2019-06-13,46.4
2019-06-14,59.45
2019-06-15,69.96
2019-06-16,57.0
2019-06-17,51.48
2019-06-18,35.68
2019-06-19,48.61
2019-06-20,51.91
2019-06-21,43.05
2019-06-22,33.43
2019-06-23,34.24
2019-06-24,35.11
2019-06-25,58.89
2019-06-26,51.05
2019-06-27,38.19
2019-06-28,48.72
2019-06-29,47.26
2019-06-30,46.94
2019-07-01,52.42
2019-07-02,26.54
2019-07-03,28.36
2019-07-04,30.29
2019-07-05,38.58
2019-07-06,28.35
2019-07-07,21.55
2019-07-08,31.08
2019-07-09,25.31
2019-07-10,22.25
2019-07-11,22.96
2019-07-12,34.54
2019-07-13,27.84
2019-07-14,27.66
2019-07-15,37.65
2019-07-16,39.99
2019-07-17,39.48
2019-07-18,45.33
2019-07-19,45.33
2019-07-20,38.89
2019-07-21,35.29
2019-07-22,40.72
2019-07-23,41.09
2019-07-24,32.74
2019-07-25,28.02
2019-07-26,37.96
2019-07-27,24.6
2019-07-28,19.6
2019-07-29,21.78
2019-07-30,24.54
2019-07-31,27.05
2019-08-01,35.84
2019-08-02,37.57
2019-08-03,31.88
2019-08-04,31.26
2019-08-05,38.7
2019-08-06,35.82
2019-08-07,21.87
2019-08-08,14.27
2019-08-09,23.56
2019-08-10,31.5
2019-08-11,36.64
2019-08-12,29.67
2019-08-13,18.34
2019-08-14,21.73
2019-08-15,29.84
2019-08-16,28.04
2019-08-17,39.24
2019-08-18,42.17
2019-08-19,28.88
2019-08-20,43.26
2019-08-21,41.19
2019-08-22,46.77
2019-08-23,34.23
2019-08-24,24.31
2019-08-25,25.84
2019-08-26,42.28
2019-08-27,34.9
2019-08-28,47.01
2019-08-29,47.0
2019-08-30,49.88
2019-08-31,52.66
2019-09-01,53.19
2019-09-02,46.19
2019-09-03,41.09
2019-09-04,36.88
2019-09-05,36.84
2019-09-06,37.17
2019-09-07,36.3
2019-09-08,33.21
2019-09-09,50.64
2019-09-10,50.89
2019-09-11,53.94
2019-09-12,31.61
2019-09-13,35.74
2019-09-14,42.49
2019-09-15,52.05
2019-09-16,52.86
2019-09-17,43.77
2019-09-18,28.09
2019-09-19,40.15
2019-09-20,46.77
2019-09-21,47.3
2019-09-22,36.47
2019-09-23,50.3
2019-09-24,47.28
2019-09-25,27.46
2019-09-26,29.0
2019-09-27,28.33
2019-09-28,20.58
2019-09-29,20.74
2019-09-30,27.64
2019-10-01,31.0
2019-10-02,45.73
2019-10-03,50.6
2019-10-04,47.01
2019-10-05,65.32
2019-10-06,66.62
2019-10-07,49.6
2019-10-08,0.0
2019-10-09,43.82
2019-10-10,52.77
2019-10-11,59.78
2019-10-12,63.01
2019-10-13,75.29
2019-10-14,86.29
2019-10-15,89.38
2019-10-16,107.92
2019-10-17,130.74
2019-10-18,145.0
2019-10-19,126.19
2019-10-20,75.27
2019-10-21,144.86
2019-10-22,138.71
2019-10-23,144.21
2019-10-24,134.29
2019-10-25,56.25
2019-10-26,53.88
2019-10-27,136.29
2019-10-28,268.5
2019-10-29,202.96
2019-10-30,191.01
2019-10-31,175.6
2019-11-01,241.85
2019-11-02,277.48
2019-11-03,271.56
2019-11-04,232.45
2019-11-05,248.06
2019-11-06,181.24
2019-11-07,181.71
2019-11-08,202.0
2019-11-09,126.4
2019-11-10,101.6
2019-11-11,129.03
2019-11-12,158.7
2019-11-13,233.2
2019-11-14,218.57
2019-11-15,157.47
2019-11-16,135.94
2019-11-17,153.46
2019-11-18,143.66
2019-11-19,140.54
2019-11-20,164.05
2019-11-21,179.12
2019-11-22,235.96
2019-11-23,257.38
2019-11-24,232.59
2019-11-25,264.9
2019-11-26,301.39
2019-11-27,287.55
2019-11-28,209.27
2019-11-29,241.26
2019-11-30,145.94
2019-12-01,140.88
2019-12-02,208.02
2019-12-03,216.25
2019-12-04,234.11
2019-12-05,271.84
2019-12-06,241.46
2019-12-07,153.67
2019-12-08,150.79
2019-12-09,211.92
2019-12-10,222.8
2019-12-11,262.2
2019-12-12,243.08
2019-12-13,153.66
2019-12-14,115.75
2019-12-15,172.06
2019-12-16,165.12
2019-12-17,147.88
2019-12-18,123.38
2019-12-19,196.64
2019-12-20,229.94
2019-12-21,273.62
2019-12-22,354.05
2019-12-23,290.28
2019-12-24,242.58
2019-12-25,151.31
2019-12-26,123.41
2019-12-27,124.26
2019-12-28,164.46
2019-12-29,161.92
2019-12-30,188.15
2019-12-31,195.81
2020-01-01,214.23
2020-01-02,207.2
2020-01-03,150.5
2020-01-04,79.29
2020-01-05,76.02
2020-01-06,116.68
2020-01-07,169.64
2020-01-08,172.07
2020-01-09,106.68
2020-01-10,85.02
2020-01-11,86.04
2020-01-12,107.55
2020-01-13,149.01
2020-01-14,154.59
2020-01-15,177.59
2020-01-16,140.36
2020-01-17,135.89
2020-01-18,86.75
2020-01-19,85.47
2020-01-20,77.24
2020-01-21,123.6
2020-01-22,124.14
2020-01-23,108.88
2020-01-24,66.21
2020-01-25,112.8
2020-01-26,140.13
2020-01-27,149.59
2020-01-28,152.45
2020-01-29,132.55
2020-01-30,152.02
2020-01-31,62.05
2020-02-01,84.7
2020-02-02,67.25
2020-02-03,81.92
2020-02-04,121.49
2020-02-05,104.57
2020-02-06,90.22
2020-02-07,94.78
2020-02-08,94.66
2020-02-09,97.57
2020-02-10,97.02
2020-02-11,124.61
2020-02-12,90.54
2020-02-13,102.24
2020-02-14,101.55
2020-02-15,65.2
2020-02-16,71.86
2020-02-17,83.35
2020-02-18,78.63
2020-02-19,88.14
2020-02-20,112.06
2020-02-21,118.06
2020-02-22,64.65
2020-02-23,75.3
2020-02-24,49.01
2020-02-25,42.9
2020-02-26,41.28
2020-02-27,56.63
2020-02-28,78.95
2020-02-29,81.48
2020-03-01,74.69
2020-03-02,69.37
2020-03-03,76.22
2020-03-04,95.29
2020-03-05,98.86
2020-03-06,52.48
2020-03-07,46.69
2020-03-08,59.79
2020-03-09,58.48
2020-03-10,124.48
2020-03-11,75.99
2020-03-12,70.53
2020-03-13,67.26
2020-03-14,36.68
2020-03-15,39.7
2020-03-16,55.2
2020-03-17,62.94
2020-03-18,66.68
2020-03-19,68.82
2020-03-20,53.45
2020-03-21,107.69
2020-03-22,79.23
2020-03-23,49.97
2020-03-24,65.94
2020-03-25,73.42
2020-03-26,58.01
2020-03-27,58.25
2020-03-28,31.87
2020-03-29,29.1
2020-03-30,35.36
2020-03-31,51.5
2020-04-01,67.83
2020-04-02,55.83
2020-04-03,43.86
2020-04-04,54.28
2020-04-05,55.12
2020-04-06,51.74
2020-04-07,44.93
2020-04-08,53.11
2020-04-09,52.64
2020-04-10,52.72
2020-04-11,62.28
2020-04-12,59.87
2020-04-13,45.0
2020-04-14,51.39
2020-04-15,29.74
2020-04-16,31.17
2020-04-17,38.82
2020-04-18,40.92
2020-04-19,47.95
2020-04-20,26.65
2020-04-21,19.17
2020-04-22,17.63
2020-04-23,35.07
2020-04-24,23.5
2020-04-25,27.09
2020-04-26,13.85
2020-04-27,19.03
2020-04-28,12.37
2020-04-29,15.21
2020-04-30,30.93
2020-05-01,22.83
2020-05-02,15.93
2020-05-03,26.6
2020-05-04,27.38
2020-05-05,19.04
2020-05-06,17.95
2020-05-07,24.24
2020-05-08,22.42
2020-05-09,35.51
2020-05-10,38.4
2020-05-11,22.51
2020-05-12,36.48
2020-05-13,42.52
2020-05-14,53.82
2020-05-15,32.79
2020-05-16,50.36
2020-05-17,52.11
2020-05-18,47.43
2020-05-19,43.06
2020-05-20,32.71
2020-05-21,19.31
2020-05-22,14.58
2020-05-23,25.92
2020-05-24,44.72
2020-05-25,49.58
2020-05-26,41.66
2020-05-27,33.42
2020-05-28,20.98
2020-05-29,27.04
2020-05-30,27.46
2020-05-31,12.95
2020-06-01,17.45
2020-06-02,28.54
2020-06-03,42.54
2020-06-04,30.76
2020-06-05,20.15
2020-06-06,10.78
2020-06-07,19.81
2020-06-08,18.17
2020-06-09,38.48
2020-06-10,37.57
2020-06-11,32.56
2020-06-12,19.01
2020-06-13,15.19
2020-06-14,14.44
2020-06-15,16.17
2020-06-16,17.75
2020-06-17,19.12
2020-06-18,24.18
2020-06-19,16.14
2020-06-20,20.07
2020-06-21,12.76
2020-06-22,15.42
2020-06-23,20.71
2020-06-24,25.62
2020-06-25,27.71
2020-06-26,23.16
2020-06-27,17.71
2020-06-28,19.27
2020-06-29,17.24
2020-06-30,29.76
2020-07-01,35.42
2019-08-27,28.43
2019-08-28,18.42
2019-08-29,18.36
2019-08-30,17.45
2019-08-31,16.96
2019-09-01,8.89
2019-09-02,914.64
2019-09-03,917.77
2019-09-04,274.92
2019-09-05,8.35
2019-09-06,8.32
2019-09-07,4.2
2019-09-08,4.34
2019-09-09,4.94
2019-09-10,9.82
2019-09-11,11.37
2019-09-12,5.79
2019-09-13,7.94
2019-09-14,5.9
2019-09-15,8.57
2019-09-16,9.93
2019-09-17,11.9
2019-09-18,13.02
2019-09-19,13.23
2019-09-20,17.9
2019-09-21,18.81
2019-09-22,14.72
2019-09-23,10.24
2019-09-24,13.24
2019-09-25,8.71
2019-09-26,6.63
2019-09-27,13.14
2019-09-28,8.52
2019-09-29,8.08
2019-09-30,11.79
2019-10-01,5.11
2019-10-02,15.38
2019-10-03,16.97
2019-10-04,17.43
2019-10-05,19.67
2019-10-06,0.0
2019-10-07,0.0
2019-10-08,0.0
2019-10-09,0.0
2019-10-10,0.0
2019-10-11,17.72
2019-10-12,21.02
2019-10-13,17.32
2019-10-14,17.79
2019-10-15,15.29
2019-10-16,16.72
2019-10-17,20.46
2019-10-18,23.3
2019-10-19,26.66
2019-10-20,33.46
2019-10-21,23.1
2019-10-22,25.22
2019-10-23,32.95
2019-10-24,18.23
2019-10-25,9.46
2019-10-26,0.0
2019-10-27,0.0
2019-10-28,0.0
2019-10-29,0.0
2019-10-30,0.0
2019-10-31,0.0
2019-11-01,0.0
2019-11-02,0.0
2019-11-03,0.0
2019-11-04,0.0
2019-11-05,0.0
2019-11-06,0.0
2019-11-07,0.0
2019-11-08,0.0
2019-11-09,0.0
2019-11-10,0.0
2019-11-11,0.0
2019-11-12,0.0
2019-11-13,0.0
2019-11-14,0.0
2019-11-15,0.0
2019-11-16,0.0
2019-11-17,0.0
2019-11-18,0.0
2019-11-19,0.0
2019-11-20,0.0
2019-11-21,0.0
2019-11-22,13.06
2019-11-23,6.56
2019-11-24,13.61
2019-11-25,10.31
2019-11-26,16.74
2019-11-27,12.69
2019-11-28,12.47
2019-11-29,10.44
2019-11-30,6.88
2019-12-01,0.0
2019-12-02,0.0
2019-12-03,5.92
2019-12-04,4.46
2019-12-05,2.67
2019-12-06,3.71
2019-12-07,2.69
2019-12-08,13.22
2019-12-09,7.06
2019-12-10,12.52
2019-12-11,21.1
2019-12-12,13.29
2019-12-13,5.61
2019-12-14,6.6
2019-12-15,16.81
2019-12-16,7.87
2019-12-17,12.77
2019-12-18,13.79
2019-12-19,5.13
2019-12-20,4.97
2019-12-21,2.03
2019-12-22,4.09
2019-12-23,8.53
2019-12-24,20.9
2019-12-25,24.42
2019-12-26,12.52
2019-12-27,9.52
2019-12-28,12.2
2019-12-29,8.77
2019-12-30,2.06
2019-12-31,6.7
2020-01-01,0.0
2020-01-02,16.94
2020-01-03,6.09
2020-01-04,0.0
2020-01-05,13.57
2020-01-06,12.55
2020-01-07,13.5
2020-01-08,11.0
2020-01-09,56.28
2020-01-10,35.29
2020-01-11,22.59
2020-01-12,17.46
2020-01-13,57.08
2020-01-14,35.92
2020-01-15,38.86
2020-01-16,22.65
2020-01-17,34.74
2020-01-18,33.34
2020-01-19,21.45
2020-01-20,29.71
2020-01-21,21.25
2020-01-22,20.72
2020-01-23,15.63
2020-01-24,35.99
2020-01-25,43.41
2020-01-26,44.81
2020-01-27,46.64
2020-01-28,64.17
2020-01-29,62.33
2020-01-30,42.77
2020-01-31,40.96
2020-02-01,47.55
2020-02-02,48.24
2020-02-03,60.08
2020-02-04,49.49
2020-02-05,54.66
2020-02-06,40.34
2020-02-07,58.11
2020-02-08,48.94
2020-02-09,25.93
2020-02-10,47.14
2020-02-11,42.01
2020-02-12,40.08
2020-02-13,49.07
2020-02-14,54.68
2020-02-15,81.36
2020-02-16,63.48
2020-02-17,77.93
2020-02-18,75.12
2020-02-19,92.18
2020-02-20,67.59
2020-02-21,58.97
2020-02-22,0.0
2020-02-23,0.0
2020-02-24,31.07
2020-02-25,25.11
2020-02-26,21.18
2020-02-27,17.87
2020-02-28,17.24
2020-02-29,18.63
2020-03-01,27.68
2020-03-02,35.37
2020-03-03,26.75
2020-03-04,32.17
2020-03-05,26.31
2020-03-06,27.32
2020-03-07,26.77
2020-03-08,20.66
2020-03-09,28.03
2020-03-10,39.77
2020-03-11,23.77
2020-03-12,29.84
2020-03-13,38.98
2020-03-14,53.61
2020-03-15,27.04
2020-03-16,23.18
2020-03-17,37.88
2020-03-18,44.98
2020-03-19,52.21
2020-03-20,50.46
2020-03-21,58.49
2020-03-22,21.25
2020-03-23,21.58
2020-03-24,30.19
2020-03-25,50.05
2020-03-26,44.29
2020-03-27,42.54
2020-03-28,33.4
2020-03-29,30.23
2020-03-30,53.16
2020-03-31,58.0
2020-04-01,46.79
2020-04-02,34.47
2020-04-03,34.03
2020-04-04,25.6
2020-04-05,0.0
2020-04-06,0.0
2020-04-07,0.0
2020-04-08,0.0
2020-04-09,0.0
2020-04-10,0.0
2020-04-11,0.0
2020-04-12,0.0
2020-04-13,0.0
2020-04-14,0.0
2020-04-15,0.0
2020-04-16,0.0
2020-04-17,0.0
2020-04-18,0.0
2020-04-19,0.0
2020-04-20,0.0
2020-04-21,0.0
2020-04-22,0.0
2020-04-23,0.0
2020-04-24,0.0
2020-04-25,0.0
2020-04-26,0.0
2020-04-27,0.0
2020-04-28,0.0
2020-04-29,0.0
2020-04-30,9.92
2020-05-01,12.54
2020-05-02,13.9
2020-05-03,10.46
2020-05-04,13.97
2020-05-05,16.18
2020-05-06,12.39
2020-05-07,11.76
2020-05-08,15.92
2020-05-09,21.41
2020-05-10,23.75
2020-05-11,22.77
2020-05-12,21.75
2020-05-13,30.47
2020-05-14,21.18
2020-05-15,17.18
2020-05-16,14.34
2020-05-17,16.06
2020-05-18,24.24
2020-05-19,26.59
2020-05-20,17.42
2020-05-21,3.45
2020-05-22,8.58
2020-05-23,24.57
2020-05-24,16.11
2020-05-25,11.5
2020-05-26,7.42
2020-05-27,8.61
2020-05-28,12.87
2020-05-29,11.74
2020-05-30,12.82
2020-05-31,12.93
2020-06-01,16.52
2020-06-02,19.38
2020-06-03,19.65
2020-06-04,20.5
2020-06-05,12.72
2020-06-06,13.5
2020-06-07,17.94
2020-06-08,23.76
2020-06-09,24.94
2020-06-10,9.99
2020-06-11,5.28
2020-06-12,3.44
2020-06-13,3.9
2020-06-14,0.0
2020-06-15,3.11
2020-06-16,4.38
2020-06-17,3.87
2020-06-18,4.56
2020-06-19,10.64
2020-06-20,14.8
2020-06-21,5.35
2020-06-22,8.14
2020-06-23,9.65
2020-06-24,10.21
2020-06-25,9.62
2020-06-26,6.33
2020-06-27,9.41
2020-06-28,13.55
2020-06-29,9.53
2020-06-30,14.74
2020-07-01,16.7
2017-12-20,0.0
2017-12-21,0.0
2017-12-22,0.0
2017-12-23,0.0
2017-12-24,0.0
2017-12-25,0.0
2017-12-26,0.0
2017-12-27,0.0
2017-12-28,0.0
2017-12-29,0.0
2017-12-30,0.0
2017-12-31,0.0
2018-01-01,0.0
2018-01-02,0.0
2018-01-03,0.0
2018-01-04,0.0
2018-01-05,0.0
2018-01-06,0.0
2018-01-07,0.0
2018-01-08,0.0
2018-01-09,0.0
2018-01-10,0.0
2018-01-11,0.0
2018-01-12,0.0
2018-01-13,0.0
2018-01-14,0.0
2018-01-15,0.0
2018-01-16,0.0
2018-01-17,0.0
2018-01-18,0.0
2018-01-19,0.0
2018-01-20,0.0
2018-01-21,0.0
2018-01-22,0.0
2018-01-23,0.0
2018-01-24,0.0
2018-01-25,0.0
2018-01-26,0.0
2018-01-27,0.0
2018-01-28,0.0
2018-01-29,0.0
2018-01-30,0.0
2018-01-31,0.0
2018-02-01,0.0
2018-02-02,0.0
2018-02-03,0.0
2018-02-04,0.0
2018-02-05,0.0
2018-02-06,0.0
2018-02-07,123.61
2018-02-08,135.85
2018-02-09,172.05
2018-02-10,143.05
2018-02-11,0.0
2018-02-12,117.74
2018-02-13,173.67
2018-02-14,73.52
2018-02-15,145.63
2018-02-16,193.1
2018-02-17,174.89
2018-02-18,209.23
2018-02-19,138.1
2018-02-20,135.54
2018-02-21,183.64
2018-02-22,238.35
2018-02-23,223.24
2018-02-24,172.69
2018-02-25,174.97
2018-02-26,207.2
2018-02-27,159.51
2018-02-28,202.82
2018-03-01,186.41
2018-03-02,198.3
2018-03-03,166.3
2018-03-04,283.31
2018-03-05,173.38
2018-03-06,145.3
2018-03-07,147.24
2018-03-08,111.63
2018-03-09,179.03
2018-03-10,144.24
2018-03-11,82.18
2018-03-12,169.33
2018-03-13,0.0
2018-03-14,0.0
2018-03-15,0.0
2018-03-16,0.0
2018-03-17,0.0
2018-03-18,0.0
2018-03-19,0.0
2018-03-20,331.81
2018-03-21,217.86
2018-03-22,100.51
2018-03-23,108.45
2018-03-24,90.03
2018-03-25,64.52
2018-03-26,93.41
2018-03-27,155.14
2018-03-28,183.49
2018-03-29,61.01
2018-03-30,53.41
2018-03-31,60.32
2018-04-01,75.21
2018-04-02,29.93
2018-04-03,39.69
2018-04-04,53.48
2018-04-05,0.0
2018-04-06,0.0
2018-04-07,0.0
2018-04-08,0.0
2018-04-09,0.0
2018-04-10,0.0
2018-04-11,0.0
2018-04-12,0.0
2018-04-13,0.0
2018-04-14,0.0
2018-04-15,35.65
2018-04-16,110.34
2018-04-17,64.68
2018-04-18,108.11
2018-04-19,59.36
2018-04-20,34.41
2018-04-21,51.96
2018-04-22,102.35
2018-04-23,45.11
2018-04-24,82.83
2018-04-25,90.72
2018-04-26,43.09
2018-04-27,20.11
2018-04-28,30.96
2018-04-29,37.37
2018-04-30,51.56
2018-05-01,39.03
2018-05-02,38.9
2018-05-03,72.57
2018-05-04,46.59
2018-05-05,43.79
2018-05-06,42.56
2018-05-07,67.72
2018-05-08,51.0
2018-05-09,66.42
2018-05-10,60.01
2018-05-11,46.17
2018-05-12,42.77
2018-05-13,53.33
2018-05-14,32.69
2018-05-15,77.37
2018-05-16,66.31
2018-05-17,49.13
2018-05-18,59.5
2018-05-19,69.14
2018-05-20,38.38
2018-05-21,84.96
2018-05-22,80.66
2018-05-23,36.34
2018-05-24,39.91
2018-05-25,25.78
2018-05-26,31.1
2018-05-27,36.97
2018-05-28,38.07
2018-05-29,40.07
2018-05-30,33.75
2018-05-31,79.39
2018-06-01,54.6
2018-06-02,49.37
2018-06-03,132.55
2018-06-04,69.21
2018-06-05,53.57
2018-06-06,57.77
2018-06-07,59.3
2018-06-08,0.0
2018-06-09,0.0
2018-06-10,0.0
2018-06-11,0.0
2018-06-12,0.0
2018-06-13,0.0
2018-06-14,0.0
2018-06-15,0.0
2018-06-16,0.0
2018-06-17,0.0
2018-06-18,31.44
2018-06-19,23.77
2018-06-20,29.49
2018-06-21,44.47
2018-06-22,31.75
2018-06-23,18.9
2018-06-24,24.69
2018-06-25,26.57
2018-06-26,36.11
2018-06-27,25.06
2018-06-28,14.66
2018-06-29,22.15
2018-06-30,26.38
2018-07-01,24.39
2018-07-02,21.0
2018-07-03,19.47
2018-07-04,29.32
2018-07-05,23.7
2018-07-06,26.47
2018-07-07,23.59
2018-07-08,23.54
2018-07-09,13.64
2018-07-10,16.27
2018-07-11,24.07
2018-07-12,17.92
2018-07-13,15.79
2018-07-14,17.77
2018-07-15,12.41
2018-07-16,13.96
2018-07-17,13.74
2018-07-18,23.6
2018-07-19,21.58
2018-07-20,25.77
2018-07-21,11.15
2018-07-22,10.71
2018-07-23,19.74
2018-07-24,26.77
2018-07-25,27.24
2018-07-26,22.6
2018-07-27,21.94
2018-07-28,25.81
2018-07-29,27.05
2018-07-30,32.26
2018-07-31,31.28
2018-08-01,25.01
2018-08-02,31.23
2018-08-03,23.22
2018-08-04,33.27
2018-08-05,30.95
2018-08-06,16.5
2018-08-07,2.65
2018-08-08,11.88
2018-08-09,29.54
2018-08-10,0.0
2018-08-11,0.0
2018-08-12,0.0
2018-08-13,15.99
2018-08-14,17.98
2018-08-15,14.65
2018-08-16,38.91
2018-08-17,7.17
2018-08-18,0.0
2018-08-19,0.0
2018-08-20,23.22
2018-08-21,29.66
2018-08-22,22.35
2018-08-23,28.73
2018-08-24,0.0
2018-08-25,0.0
2018-08-26,0.0
2018-08-27,0.0
2018-08-28,10.04
2018-08-29,0.0
2018-08-30,35.68
2018-08-31,11.4
2018-09-01,0.0
2018-09-02,0.0
2018-09-03,0.0
2018-09-04,0.0
2018-09-05,0.0
2018-09-06,0.0
2018-09-07,0.0
2018-09-08,0.0
2018-09-09,0.0
2018-09-10,0.0
2018-09-11,0.0
2018-09-12,0.0
2018-09-13,0.0
2018-09-14,0.0
2018-09-15,0.0
2018-09-16,0.0
2018-09-17,0.0
2018-09-18,0.0
2018-09-19,0.0
2018-09-20,0.0
2018-09-21,0.0
2018-09-22,0.0
2018-09-23,0.0
2018-09-24,0.0
2018-09-25,0.0
2018-09-26,0.0
2018-09-27,0.0
2018-09-28,0.0
2018-09-29,0.0
2018-09-30,0.0
2018-10-01,0.0
2018-10-02,0.0
2018-10-03,0.0
2018-10-04,0.0
2018-10-05,0.0
2018-10-06,0.0
2018-10-07,0.0
2018-10-08,0.0
2018-10-09,0.0
2018-10-10,0.0
2018-10-11,0.0
2018-10-12,0.0
2018-10-13,0.0
2018-10-14,0.0
2018-10-15,0.0
2018-10-16,79.71
2018-10-17,14.62
2018-10-18,23.56
2018-10-19,58.85
2018-10-20,58.15
2018-10-21,58.19
2018-10-22,63.74
2018-10-23,66.55
2018-10-24,47.45
2018-10-25,61.37
2018-10-26,60.29
2018-10-27,64.91
2018-10-28,48.84
2018-10-29,31.23
2018-10-30,25.79
2018-10-31,31.74
2018-11-01,27.15
2018-11-02,37.81
2018-11-03,59.16
2018-11-04,48.12
2018-11-05,83.49
2018-11-06,85.22
2018-11-07,62.29
2018-11-08,58.04
2018-11-09,77.03
2018-11-10,94.21
2018-11-11,88.86
2018-11-12,83.94
2018-11-13,89.94
2018-11-14,89.14
2018-11-15,97.94
2018-11-16,95.01
2018-11-17,80.16
2018-11-18,71.14
2018-11-19,83.12
2018-11-20,107.97
2018-11-21,93.4
2018-11-22,85.04
2018-11-23,81.8
2018-11-24,66.17
2018-11-25,66.46
2018-11-26,86.22
2018-11-27,110.22
2018-11-28,110.75
2018-11-29,95.3
2018-11-30,100.66
2018-12-01,88.36
2018-12-02,100.93
2018-12-03,109.94
2018-12-04,114.58
2018-12-05,119.7
2018-12-06,106.01
2018-12-07,101.5
2018-12-08,94.41
2018-12-09,115.23
2018-12-10,99.88
2018-12-11,92.54
2018-12-12,110.56
2018-12-13,112.0
2018-12-14,89.1
2018-12-15,77.51
2018-12-16,54.95
2018-12-17,40.37
2018-12-18,13.6
2018-12-19,12.14
2018-12-20,47.8
2018-12-21,67.17
2018-12-22,94.18
2018-12-23,157.16
2018-12-24,73.79
2018-12-25,95.97
2018-12-26,111.33
2018-12-27,107.57
2018-12-28,77.2
2018-12-29,101.04
2018-12-30,72.57
2018-12-31,84.3
2019-01-01,109.37
2019-01-02,164.15
2019-01-03,144.06
2019-01-04,149.95
2019-01-05,141.72
2019-01-06,151.23
2019-01-07,136.62
2019-01-08,94.54
2019-01-09,105.66
2019-01-10,122.14
2019-01-11,117.54
2019-01-12,126.07
2019-01-13,148.86
2019-01-14,129.5
2019-01-15,102.03
2019-01-16,115.57
2019-01-17,131.89
2019-01-18,102.06
2019-01-19,104.12
2019-01-20,113.96
2019-01-21,99.88
2019-01-22,81.01
2019-01-23,66.58
2019-01-24,66.31
2019-01-25,47.7
2019-01-26,58.67
2019-01-27,56.68
2019-01-28,55.87
2019-01-29,53.41
2019-01-30,78.87
2019-01-31,95.67
2019-02-01,102.53
2019-02-02,99.74
2019-02-03,101.98
2019-02-04,82.05
2019-02-05,96.65
2019-02-06,88.48
2019-02-07,83.85
2019-02-08,60.24
2019-02-09,51.07
2019-02-10,61.86
2019-02-11,63.48
2019-02-12,87.87
2019-02-13,106.94
2019-02-14,129.55
2019-02-15,68.38
2019-02-16,71.75
2019-02-17,59.61
2019-02-18,75.49
2019-02-19,90.51
2019-02-20,94.73
2019-02-21,81.52
2019-02-22,116.52
2019-02-23,75.06
2019-02-24,71.07
2019-02-25,39.16
2019-02-26,27.67
2019-02-27,23.09
2019-02-28,29.97
2019-03-01,29.6
2019-03-02,37.64
2019-03-03,58.16
2019-03-04,33.19
2019-03-05,29.56
2019-03-06,45.91
2019-03-07,67.33
2019-03-08,61.65
2019-03-09,62.78
2019-03-10,0.0
2019-03-11,0.0
2019-03-12,18.06
2019-03-13,65.8
2019-03-14,0.0
2019-03-15,0.0
2019-03-16,61.5
2019-03-17,0.0
2019-03-18,31.22
2019-03-19,78.55
2019-03-20,39.23
2019-03-21,33.25
2019-03-22,42.6
2019-03-23,46.63
2019-03-24,60.74
2019-03-25,85.0
2019-03-26,53.41
2019-03-27,28.11
2019-03-28,34.38
2019-03-29,45.84
2019-03-30,95.85
2019-03-31,58.86
2019-04-01,47.74
2019-04-02,50.37
2019-04-03,43.63
2019-04-04,27.84
2019-04-05,55.95
2019-04-06,29.53
2019-04-07,21.02
2019-04-08,18.61
2019-04-09,47.88
2019-04-10,58.43
2019-04-11,46.71
2019-04-12,52.99
2019-04-13,33.4
2019-04-14,30.56
2019-04-15,53.68
2019-04-16,60.44
2019-04-17,57.94
2019-04-18,34.74
2019-04-19,44.86
2019-04-20,43.61
2019-04-21,28.04
2019-04-22,49.73
2019-04-23,45.09
2019-04-24,23.3
2019-04-25,27.72
2019-04-26,0.0
2019-04-27,34.69
2019-04-28,50.82
2019-04-29,36.35
2019-04-30,39.81
2019-05-01,21.91
2019-05-02,16.34
2019-05-03,26.08
2019-05-04,37.46
2019-05-05,36.91
2019-05-06,38.49
2019-05-07,55.63
2019-05-08,53.84
2019-05-09,42.87
2019-05-10,46.56
2019-05-11,38.56
2019-05-12,38.28
2019-05-13,45.89
2019-05-14,25.43
2019-05-15,27.15
2019-05-16,0.0
2019-05-17,35.3
2019-05-18,34.7
2019-05-19,32.94
2019-05-20,25.41
2019-05-21,31.36
2019-05-22,31.46
2019-05-23,21.48
2019-05-24,21.82
2019-05-25,24.64
2019-05-26,30.15
2019-05-27,31.74
2019-05-28,27.7
2019-05-29,50.46
2019-05-30,28.84
2019-05-31,34.58
2019-06-01,53.16
2019-06-02,18.93
2019-06-03,31.83
2019-06-04,24.82
2019-06-05,29.72
2019-06-06,0.0
2019-06-07,18.29
2019-06-08,32.36
2019-06-09,30.64
2019-06-10,31.89
2019-06-11,37.45
2019-06-12,25.85
2019-06-13,12.75
2019-06-14,24.12
2019-06-15,0.0
2019-06-16,14.43
2019-06-17,20.23
2019-06-18,26.75
2019-06-19,36.16
2019-06-20,36.86
2019-06-21,17.58
2019-06-22,23.99
2019-06-23,15.8
2019-06-24,14.22
2019-06-25,18.3
2019-06-26,15.44
2019-06-27,20.9
2019-06-28,31.6
2019-06-29,30.87
2019-06-30,20.54
2019-07-01,25.09
2019-07-02,18.32
2019-07-03,19.94
2019-07-04,17.26
2019-07-05,30.92
2019-07-06,12.41
2019-07-07,23.24
2019-07-08,24.06
2019-07-09,23.04
2019-07-10,18.98
2019-07-11,15.95
2019-07-12,23.79
2019-07-13,27.23
2019-07-14,35.48
2019-07-15,29.0
2019-07-16,36.21
2019-07-17,43.58
2019-07-18,34.79
2019-07-19,9.42
2019-07-20,13.09
2019-07-21,18.53
2019-07-22,17.05
2019-07-23,16.44
2019-07-24,21.6
2019-07-25,28.79
2019-07-26,14.82
2019-07-27,11.48
2019-07-28,18.42
2019-07-29,11.7
2019-07-30,14.68
2019-07-31,17.89
2019-08-01,6.76
2019-08-02,18.39
2019-08-03,12.77
2019-08-04,8.61
2019-08-05,14.06
2019-08-06,23.24
2019-08-07,20.26
2019-08-08,13.98
2019-08-09,17.65
2019-08-10,20.65
2019-08-11,21.76
2019-08-12,25.89
2019-08-13,24.04
2019-08-14,0.0
2019-08-15,37.77
2019-08-16,0.0
2019-08-17,35.13
2019-08-18,17.76
2019-08-19,12.7
2019-08-20,21.08
2019-08-21,24.03
2019-08-22,36.68
2019-08-23,35.27
2019-08-24,37.09
2019-08-25,30.54
2019-08-26,18.09
2019-08-27,31.43
2019-08-28,26.15
2019-08-29,24.49
2019-08-30,34.32
2019-08-31,15.9
2019-09-01,16.31
2019-09-02,21.0
2019-09-03,20.71
2019-09-04,29.07
2019-09-05,21.03
2019-09-06,15.76
2019-09-07,14.08
2019-09-08,24.3
2019-09-09,25.6
2019-09-10,24.15
2019-09-11,30.58
2019-09-12,24.97
2019-09-13,19.09
2019-09-14,25.07
2019-09-15,24.05
2019-09-16,21.42
2019-09-17,14.39
2019-09-18,14.17
2019-09-19,9.55
2019-09-20,14.16
2019-09-21,27.94
2019-09-22,18.51
2019-09-23,14.8
2019-09-24,8.01
2019-09-25,0.04
2019-09-26,8.1
2019-09-27,0.0
2019-09-28,0.0
2019-09-29,0.0
2019-09-30,0.0
2019-10-01,31.11
2019-10-02,29.91
2019-10-03,0.0
2019-10-04,0.0
2019-10-05,0.0
2019-10-06,0.0
2019-10-07,0.0
2019-10-08,0.0
2019-10-09,0.0
2019-10-10,18.42
2019-10-11,21.72
2019-10-12,35.44
2019-10-13,34.7
2019-10-14,33.8
2019-10-15,33.8
2019-10-16,31.35
2019-10-17,22.01
2019-10-18,23.79
2019-10-19,33.81
2019-10-20,26.6
2019-10-21,36.24
2019-10-22,25.48
2019-10-23,20.56
2019-10-24,17.03
2019-10-25,17.15
2019-10-26,25.94
2019-10-27,25.45
2019-10-28,30.57
2019-10-29,29.78
2019-10-30,30.2
2019-10-31,31.12
2019-11-01,30.68
2019-11-02,45.32
2019-11-03,73.53
2019-11-04,56.24
2019-11-05,49.14
2019-11-06,44.28
2019-11-07,48.32
2019-11-08,57.45
2019-11-09,37.33
2019-11-10,23.65
2019-11-11,43.57
2019-11-12,56.68
2019-11-13,69.27
2019-11-14,80.53
2019-11-15,81.36
2019-11-16,84.41
2019-11-17,62.46
2019-11-18,101.99
2019-11-19,69.25
2019-11-20,63.74
2019-11-21,76.79
2019-11-22,92.45
2019-11-23,102.67
2019-11-24,0.0
2019-11-25,0.0
2019-11-26,0.0
2019-11-27,0.0
2019-11-28,71.89
2019-11-29,127.94
2019-11-30,100.74
2019-12-01,83.18
2019-12-02,81.48
2019-12-03,103.15
2019-12-04,60.99
2019-12-05,73.34
2019-12-06,79.58
2019-12-07,87.21
2019-12-08,82.46
2019-12-09,86.08
2019-12-10,79.14
2019-12-11,88.37
2019-12-12,83.05
2019-12-13,38.66
2019-12-14,57.85
2019-12-15,41.08
2019-12-16,57.52
2019-12-17,61.9
2019-12-18,63.44
2019-12-19,57.56
2019-12-20,103.21
2019-12-21,203.95
2019-12-22,176.96
2019-12-23,169.9
2019-12-24,178.44
2019-12-25,137.35
2019-12-26,112.48
2019-12-27,110.38
2019-12-28,136.76
2019-12-29,154.06
2019-12-30,186.5
2019-12-31,183.89
2020-01-01,153.15
2020-01-02,112.9
2020-01-03,89.14
2020-01-04,69.18
2020-01-05,92.76
2020-01-06,131.05
2020-01-07,230.77
2020-01-08,138.79
2020-01-09,117.61
2020-01-10,104.0
2020-01-11,130.4
2020-01-12,136.05
2020-01-13,174.63
2020-01-14,173.53
2020-01-15,176.28
2020-01-16,151.02
2020-01-17,142.69
2020-01-18,136.38
2020-01-19,155.15
2020-01-20,133.73
2020-01-21,124.49
2020-01-22,230.16
2020-01-23,192.23
2020-01-24,342.42
2020-01-25,354.44
2020-01-26,214.85
2020-01-27,193.13
2020-01-28,110.94
2020-01-29,129.79
2020-01-30,103.46
2020-01-31,122.08
2020-02-01,105.22
2020-02-02,100.88
2020-02-03,74.1
2020-02-04,76.6
2020-02-05,74.97
2020-02-06,89.59
2020-02-07,44.25
2020-02-08,42.24
2020-02-09,30.6
2020-02-10,112.93
2020-02-11,137.0
2020-02-12,118.16
2020-02-13,142.21
2020-02-14,145.62
2020-02-15,127.29
2020-02-16,152.3
2020-02-17,159.45
2020-02-18,109.82
2020-02-19,101.43
2020-02-20,67.9
2020-02-21,35.26
2020-02-22,51.87
2020-02-23,71.04
2020-02-24,52.26
2020-02-25,25.69
2020-02-26,44.79
2020-02-27,67.14
2020-02-28,74.1
2020-02-29,72.61
2020-03-01,83.64
2020-03-02,84.56
2020-03-03,56.77
2020-03-04,36.24
2020-03-05,17.33
2020-03-06,14.84
2020-03-07,12.97
2020-03-08,21.92
2020-03-09,30.49
2020-03-10,25.92
2020-03-11,8.29
2020-03-12,17.16
2020-03-13,15.41
2020-03-14,13.25
2020-03-15,0.0
2020-03-16,0.0
2020-03-17,0.0
2020-03-18,18.36
2020-03-19,56.22
2020-03-20,66.21
2020-03-21,51.49
2020-03-22,34.34
2020-03-23,27.46
2020-03-24,56.25
2020-03-25,68.47
2020-03-26,64.41
2020-03-27,54.97
2020-03-28,65.98
2020-03-29,59.43
2020-03-30,42.71
2020-03-31,54.34
2020-04-01,41.97
2020-04-02,40.35
2020-04-03,34.17
2020-04-04,56.16
2020-04-05,48.41
2020-04-06,71.26
2020-04-07,47.48
2020-04-08,32.06
2020-04-09,28.89
2020-04-10,39.04
2020-04-11,54.04
2020-04-12,34.29
2020-04-13,0.0
2020-04-14,0.0
2020-04-15,0.0
2020-04-16,0.0
2020-04-17,0.0
2020-04-18,0.0
2020-04-19,0.0
2020-04-20,0.0
2020-04-21,0.0
2020-04-22,0.0
2020-04-23,0.0
2020-04-24,25.29
2020-04-25,15.35
2020-04-26,0.0
2020-04-27,0.0
2020-04-28,22.48
2020-04-29,43.23
2020-04-30,15.28
2020-05-01,24.13
2020-05-02,0.0
2020-05-03,18.27
2020-05-04,11.1
2020-05-05,36.55
2020-05-06,45.62
2020-05-07,43.5
2020-05-08,51.06
2020-05-09,88.11
2020-05-10,51.8
2020-05-11,63.56
2020-05-12,55.5
2020-05-13,44.4
2020-05-14,51.88
2020-05-15,20.3
2020-05-16,25.8
2020-05-17,44.64
2020-05-18,15.28
2020-05-19,18.99
2020-05-20,20.69
2020-05-21,34.16
2020-05-22,21.93
2020-05-23,19.4
2020-05-24,20.16
2020-05-25,17.5
2020-05-26,17.81
2020-05-27,18.36
2020-05-28,18.46
2020-05-29,13.62
2020-05-30,20.12
2020-05-31,17.13
2020-06-01,20.04
2020-06-02,33.01
2020-06-03,33.81
2020-06-04,51.86
2020-06-05,39.66
2020-06-06,30.54
2020-06-07,0.0
2020-06-08,49.69
2020-06-09,0.0
2020-06-10,0.0
2020-06-11,0.0
2020-06-12,0.0
2020-06-13,0.0
2020-06-14,0.0
2020-06-15,0.0
2020-06-16,0.0
2020-06-17,64.79
2020-06-18,29.56
2020-06-19,13.82
2020-06-20,22.1
2020-06-21,19.14
2020-06-22,13.58
2020-06-23,18.24
2020-06-24,14.12
2020-06-25,12.02
2020-06-26,13.17
2020-06-27,20.75
2020-06-28,24.88
2020-06-29,20.37
2020-06-30,18.62
2020-07-01,24.85
2017-06-16,38.0
2017-06-17,0.0
2017-06-18,0.0
2017-06-19,24.0
2017-06-20,0.0
2017-06-21,24.0
2017-06-22,16.25
2017-06-23,15.08
2017-06-24,11.15
2017-06-25,12.25
2017-06-26,10.06
2017-06-27,13.03
2017-06-28,14.19
2017-06-29,15.81
2017-06-30,14.91
2017-07-01,14.69
2017-07-02,10.59
2017-07-03,10.4
2017-07-04,19.2
2017-07-05,22.43
2017-07-06,19.08
2017-07-07,18.61
2017-07-08,33.78
2017-07-09,14.47
2017-07-10,15.94
2017-07-11,8.74
2017-07-12,17.33
2017-07-13,17.62
2017-07-14,14.44
2017-07-15,19.42
2017-07-16,18.97
2017-07-17,19.72
2017-07-18,17.01
2017-07-19,14.38
2017-07-20,13.47
2017-07-21,7.42
2017-07-22,0.0
2017-07-23,0.0
2017-07-24,14.2
2017-07-25,16.93
2017-07-26,23.75
2017-07-27,20.52
2017-07-28,15.53
2017-07-29,15.07
2017-07-30,24.12
2017-07-31,23.5
2017-08-01,18.25
2017-08-02,15.15
2017-08-03,15.12
2017-08-04,13.43
2017-08-05,10.74
2017-08-06,13.58
2017-08-07,20.1
2017-08-08,13.97
2017-08-09,19.93
2017-08-10,18.52
2017-08-11,11.07
2017-08-12,21.49
2017-08-13,31.15
2017-08-14,31.42
2017-08-15,26.05
2017-08-16,20.75
2017-08-17,22.3
2017-08-18,13.49
2017-08-19,12.91
2017-08-20,12.49
2017-08-21,10.66
2017-08-22,11.18
2017-08-23,17.58
2017-08-24,24.04
2017-08-25,20.15
2017-08-26,13.5
2017-08-27,8.98
2017-08-28,9.04
2017-08-29,9.19
2017-08-30,12.52
2017-08-31,17.94
2017-09-01,18.93
2017-09-02,14.23
2017-09-03,16.04
2017-09-04,20.62
2017-09-05,18.4
2017-09-06,8.76
2017-09-07,16.14
2017-09-08,10.8
2017-09-09,12.77
2017-09-10,11.01
2017-09-11,12.56
2017-09-12,8.51
2017-09-13,8.73
2017-09-14,9.23
2017-09-15,15.46
2017-09-16,12.07
2017-09-17,8.79
2017-09-18,11.3
2017-09-19,11.08
2017-09-20,9.43
2017-09-21,11.33
2017-09-22,17.54
2017-09-23,21.19
2017-09-24,19.5
2017-09-25,27.77
2017-09-26,19.74
2017-09-27,14.03
2017-09-28,12.72
2017-09-29,11.84
2017-09-30,10.28
2017-10-01,6.15
2017-10-02,3.88
2017-10-03,7.71
2017-10-04,12.07
2017-10-05,18.07
2017-10-06,7.5
2017-10-07,10.41
2017-10-08,18.35
2017-10-09,19.75
2017-10-10,0.0
2017-10-11,0.0
2017-10-12,0.0
2017-10-13,0.0
2017-10-14,0.0
2017-10-15,0.0
2017-10-16,0.0
2017-10-17,0.0
2017-10-18,0.0
2017-10-19,17.04
2017-10-20,11.5
2017-10-21,7.5
2017-10-22,0.0
2017-10-23,39.6
2017-10-24,30.0
2017-10-25,0.0
2017-10-26,0.0
2017-10-27,23.0
2017-10-28,0.0
2017-10-29,0.0
2017-10-30,0.0
2017-10-31,26.32
2017-11-01,24.01
2017-11-02,22.38
2017-11-03,25.48
2017-11-04,30.17
2017-11-05,19.39
2017-11-06,26.15
2017-11-07,19.07
2017-11-08,13.15
2017-11-09,16.32
2017-11-10,29.27
2017-11-11,30.27
2017-11-12,42.35
2017-11-13,62.55
2017-11-14,53.64
2017-11-15,57.66
2017-11-16,49.5
2017-11-17,59.27
2017-11-18,61.57
2017-11-19,39.43
2017-11-20,27.4
2017-11-21,17.99
2017-11-22,27.16
2017-11-23,40.15
2017-11-24,62.96
2017-11-25,93.79
2017-11-26,80.06
2017-11-27,36.21
2017-11-28,32.04
2017-11-29,32.23
2017-11-30,4.23
2017-12-01,9.7
2017-12-02,8.62
2017-12-03,0.0
2017-12-04,0.0
2017-12-05,0.0
2017-12-06,0.0
2017-12-07,51.21
2017-12-08,44.97
2017-12-09,33.94
2017-12-10,54.94
2017-12-11,68.46
2017-12-12,66.61
2017-12-13,40.99
2017-12-14,48.17
2017-12-15,68.66
2017-12-16,49.07
2017-12-17,52.59
2017-12-18,53.21
2017-12-19,47.43
2017-12-20,33.58
2017-12-21,39.14
2017-12-22,26.11
2017-12-23,40.41
2017-12-24,33.34
2017-12-25,47.76
2017-12-26,60.35
2017-12-27,64.68
2017-12-28,72.44
2017-12-29,61.44
2017-12-30,73.02
2017-12-31,59.05
2018-01-01,64.62
2018-01-02,64.43
2018-01-03,57.45
2018-01-04,67.0
2018-01-05,76.69
2018-01-06,83.73
2018-01-07,78.68
2018-01-08,69.38
2018-01-09,83.7
2018-01-10,81.02
2018-01-11,51.42
2018-01-12,53.08
2018-01-13,47.04
2018-01-14,38.06
2018-01-15,50.17
2018-01-16,72.69
2018-01-17,80.8
2018-01-18,72.59
2018-01-19,67.73
2018-01-20,81.25
2018-01-21,88.14
2018-01-22,83.84
2018-01-23,84.45
2018-01-24,79.84
2018-01-25,57.42
2018-01-26,55.36
2018-01-27,61.78
2018-01-28,49.7
2018-01-29,70.43
2018-01-30,68.26
2018-01-31,65.86
2018-02-01,75.74
2018-02-02,64.95
2018-02-03,54.76
2018-02-04,56.47
2018-02-05,55.14
2018-02-06,52.43
2018-02-07,41.4
2018-02-08,30.24
2018-02-09,42.41
2018-02-10,42.91
2018-02-11,41.06
2018-02-12,45.67
2018-02-13,55.79
2018-02-14,62.38
2018-02-15,41.22
2018-02-16,45.86
2018-02-17,52.27
2018-02-18,54.22
2018-02-19,60.38
2018-02-20,58.11
2018-02-21,62.07
2018-02-22,47.75
2018-02-23,41.55
2018-02-24,51.15
2018-02-25,0.0
2018-02-26,25.23
2018-02-27,36.46
2018-02-28,30.47
2018-03-01,27.73
2018-03-02,36.2
2018-03-03,39.89
2018-03-04,57.24
2018-03-05,46.58
2018-03-06,56.15
2018-03-07,57.18
2018-03-08,52.59
2018-03-09,56.09
2018-03-10,52.85
2018-03-11,60.8
2018-03-12,44.16
2018-03-13,25.16
2018-03-14,18.74
2018-03-15,13.15
2018-03-16,17.31
2018-03-17,20.51
2018-03-18,27.78
2018-03-19,22.23
2018-03-20,40.89
2018-03-21,42.91
2018-03-22,30.46
2018-03-23,31.97
2018-03-24,30.17
2018-03-25,41.77
2018-03-26,44.52
2018-03-27,43.41
2018-03-28,24.17
2018-03-29,35.1
2018-03-30,40.45
2018-03-31,38.5
2018-04-01,27.92
2018-04-02,28.27
2018-04-03,33.99
2018-04-04,32.84
2018-04-05,43.66
2018-04-06,33.37
2018-04-07,42.99
2018-04-08,25.7
2018-04-09,20.2
2018-04-10,15.2
2018-04-11,19.23
2018-04-12,18.61
2018-04-13,15.54
2018-04-14,9.71
2018-04-15,17.78
2018-04-16,17.81
2018-04-17,21.46
2018-04-18,30.07
2018-04-19,19.84
2018-04-20,16.04
2018-04-21,26.07
2018-04-22,28.02
2018-04-23,26.83
2018-04-24,21.79
2018-04-25,24.34
2018-04-26,29.15
2018-04-27,35.06
2018-04-28,35.77
2018-04-29,46.14
2018-04-30,29.38
2018-05-01,23.65
2018-05-02,64.52
2018-05-03,22.42
2018-05-04,28.82
2018-05-05,26.48
2018-05-06,18.29
2018-05-07,16.81
2018-05-08,13.97
2018-05-09,23.21
2018-05-10,11.28
2018-05-11,12.24
2018-05-12,9.12
2018-05-13,9.35
2018-05-14,10.52
2018-05-15,26.65
2018-05-16,28.45
2018-05-17,21.54
2018-05-18,8.96
2018-05-19,13.25
2018-05-20,10.25
2018-05-21,15.69
2018-05-22,18.72
2018-05-23,22.04
2018-05-24,25.68
2018-05-25,12.04
2018-05-26,22.6
2018-05-27,10.94
2018-05-28,13.24
2018-05-29,14.46
2018-05-30,14.78
2018-05-31,18.75
2018-06-01,17.99
2018-06-02,13.59
2018-06-03,11.68
2018-06-04,16.7
2018-06-05,17.04
2018-06-06,17.49
2018-06-07,15.77
2018-06-08,13.57
2018-06-09,10.75
2018-06-10,5.19
2018-06-11,13.23
2018-06-12,13.4
2018-06-13,13.5
2018-06-14,13.45
2018-06-15,12.81
2018-06-16,12.34
2018-06-17,11.32
2018-06-18,13.09
2018-06-19,15.52
2018-06-20,16.72
2018-06-21,20.49
2018-06-22,19.2
2018-06-23,17.08
2018-06-24,15.29
2018-06-25,13.66
2018-06-26,15.12
2018-06-27,13.41
2018-06-28,14.5
2018-06-29,17.1
2018-06-30,15.49
2018-07-01,17.82
2018-07-02,19.23
2018-07-03,23.0
2018-07-04,18.41
2018-07-05,19.07
2018-07-06,18.6
2018-07-07,16.08
2018-07-08,7.0
2018-07-09,15.77
2018-07-10,10.73
2018-07-11,17.48
2018-07-12,16.18
2018-07-13,17.58
2018-07-14,11.88
2018-07-15,9.01
2018-07-16,10.5
2018-07-17,11.1
2018-07-18,15.43
2018-07-19,13.54
2018-07-20,14.45
2018-07-21,18.23
2018-07-22,0.0
2018-07-23,18.71
2018-07-24,13.41
2018-07-25,12.69
2018-07-26,14.85
2018-07-27,16.1
2018-07-28,18.51
2018-07-29,17.59
2018-07-30,13.55
2018-07-31,13.44
2018-08-01,14.91
2018-08-02,14.62
2018-08-03,18.7
2018-08-04,19.14
2018-08-05,11.14
2018-08-06,9.04
2018-08-07,9.51
2018-08-08,11.16
2018-08-09,9.21
2018-08-10,8.67
2018-08-11,11.88
2018-08-12,10.35
2018-08-13,10.5
2018-08-14,6.88
2018-08-15,6.0
2018-08-16,12.86
2018-08-17,6.92
2018-08-18,10.26
2018-08-19,9.45
2018-08-20,11.81
2018-08-21,12.68
2018-08-22,17.56
2018-08-23,14.31
2018-08-24,21.91
2018-08-25,15.88
2018-08-26,16.86
2018-08-27,15.94
2018-08-28,9.94
2018-08-29,10.58
2018-08-30,20.16
2018-08-31,18.13
2018-09-01,23.44
2018-09-02,19.24
2018-09-03,20.49
2018-09-04,20.0
2018-09-05,22.06
2018-09-06,16.12
2018-09-07,17.55
2018-09-08,17.14
2018-09-09,0.0
2018-09-10,18.86
2018-09-11,22.24
2018-09-12,24.4
2018-09-13,25.5
2018-09-14,28.03
2018-09-15,28.44
2018-09-16,19.46
2018-09-17,18.96
2018-09-18,12.38
2018-09-19,17.14
2018-09-20,14.31
2018-09-21,20.42
2018-09-22,21.49
2018-09-23,13.45
2018-09-24,16.64
2018-09-25,24.56
2018-09-26,24.19
2018-09-27,22.38
2018-09-28,26.0
2018-09-29,15.29
2018-09-30,21.93
2018-10-01,23.75
2018-10-02,17.33
2018-10-03,18.9
2018-10-04,14.12
2018-10-05,20.59
2018-10-06,30.33
2018-10-07,12.48
2018-10-08,13.27
2018-10-09,15.1
2018-10-10,15.43
2018-10-11,35.94
2018-10-12,38.58
2018-10-13,36.93
2018-10-14,30.14
2018-10-15,31.75
2018-10-16,19.06
2018-10-17,12.74
2018-10-18,16.07
2018-10-19,12.9
2018-10-20,13.8
2018-10-21,11.42
2018-10-22,19.09
2018-10-23,17.97
2018-10-24,30.73
2018-10-25,45.62
2018-10-26,54.28
2018-10-27,66.15
2018-10-28,57.1
2018-10-29,49.67
2018-10-30,51.29
2018-10-31,46.33
2018-11-01,42.05
2018-11-02,43.92
2018-11-03,11.3
2018-11-04,26.4
2018-11-05,54.98
2018-11-06,64.48
2018-11-07,46.01
2018-11-08,49.17
2018-11-09,40.86
2018-11-10,35.16
2018-11-11,36.27
2018-11-12,44.3
2018-11-13,43.66
2018-11-14,61.59
2018-11-15,71.71
2018-11-16,55.78
2018-11-17,51.3
2018-11-18,46.81
2018-11-19,32.55
2018-11-20,19.99
2018-11-21,22.19
2018-11-22,31.18
2018-11-23,31.22
2018-11-24,19.58
2018-11-25,27.44
2018-11-26,58.93
2018-11-27,77.51
2018-11-28,85.73
2018-11-29,75.89
2018-11-30,36.23
2018-12-01,59.39
2018-12-02,0.0
2018-12-03,42.7
2018-12-04,63.22
2018-12-05,52.66
2018-12-06,41.77
2018-12-07,35.04
2018-12-08,28.12
2018-12-09,57.4
2018-12-10,76.54
2018-12-11,92.78
2018-12-12,82.74
2018-12-13,58.89
2018-12-14,50.27
2018-12-15,62.32
2018-12-16,67.93
2018-12-17,51.07
2018-12-18,76.05
2018-12-19,81.61
2018-12-20,72.14
2018-12-21,69.3
2018-12-22,72.7
2018-12-23,41.69
2018-12-24,40.21
2018-12-25,35.68
2018-12-26,47.01
2018-12-27,52.53
2018-12-28,50.31
2018-12-29,52.06
2018-12-30,52.29
2018-12-31,60.68
2019-01-01,62.38
2019-01-02,61.89
2019-01-03,58.41
2019-01-04,44.94
2019-01-05,46.48
2019-01-06,46.64
2019-01-07,54.81
2019-01-08,59.72
2019-01-09,65.74
2019-01-10,55.81
2019-01-11,63.93
2019-01-12,68.12
2019-01-13,60.71
2019-01-14,73.06
2019-01-15,70.43
2019-01-16,76.85
2019-01-17,62.24
2019-01-18,76.8
2019-01-19,76.27
2019-01-20,82.99
2019-01-21,79.17
2019-01-22,61.19
2019-01-23,70.86
2019-01-24,73.6
2019-01-25,59.53
2019-01-26,52.82
2019-01-27,40.59
2019-01-28,41.14
2019-01-29,34.56
2019-01-30,39.99
2019-01-31,39.49
2019-02-01,40.29
2019-02-02,48.82
2019-02-03,39.42
2019-02-04,46.75
2019-02-05,42.5
2019-02-06,37.67
2019-02-07,46.17
2019-02-08,56.66
2019-02-09,56.59
2019-02-10,37.03
2019-02-11,32.65
2019-02-12,36.0
2019-02-13,38.32
2019-02-14,45.27
2019-02-15,44.81
2019-02-16,36.43
2019-02-17,32.9
2019-02-18,31.41
2019-02-19,27.75
2019-02-20,35.35
2019-02-21,22.44
2019-02-22,23.74
2019-02-23,28.5
2019-02-24,27.97
2019-02-25,37.34
2019-02-26,40.97
2019-02-27,33.72
2019-02-28,31.09
2019-03-01,31.38
2019-03-02,30.46
2019-03-03,35.12
2019-03-04,44.45
2019-03-05,21.33
2019-03-06,19.0
2019-03-07,58.12
2019-03-08,40.41
2019-03-09,29.82
2019-03-10,26.06
2019-03-11,29.97
2019-03-12,36.67
2019-03-13,48.85
2019-03-14,42.82
2019-03-15,39.88
2019-03-16,44.04
2019-03-17,46.07
2019-03-18,35.14
2019-03-19,33.45
2019-03-20,31.39
2019-03-21,30.52
2019-03-22,32.33
2019-03-23,32.25
2019-03-24,28.49
2019-03-25,32.02
2019-03-26,30.55
2019-03-27,28.72
2019-03-28,35.69
2019-03-29,33.98
2019-03-30,34.94
2019-03-31,37.82
2019-04-01,39.22
2019-04-02,44.11
2019-04-03,40.78
2019-04-04,25.46
2019-04-05,19.34
2019-04-06,22.06
2019-04-07,29.36
2019-04-08,29.4
2019-04-09,29.84
2019-04-10,29.96
2019-04-11,27.02
2019-04-12,28.08
2019-04-13,29.0
2019-04-14,29.11
2019-04-15,27.8
2019-04-16,25.36
2019-04-17,27.7
2019-04-18,23.75
2019-04-19,19.82
2019-04-20,6.75
2019-04-21,0.0
2019-04-22,20.85
2019-04-23,14.08
2019-04-24,20.29
2019-04-25,22.56
2019-04-26,23.4
2019-04-27,24.68
2019-04-28,24.35
2019-04-29,23.93
2019-04-30,21.05
2019-05-01,20.83
2019-05-02,31.21
2019-05-03,34.33
2019-05-04,33.84
2019-05-05,29.95
2019-05-06,35.81
2019-05-07,28.5
2019-05-08,24.2
2019-05-09,22.41
2019-05-10,21.15
2019-05-11,19.17
2019-05-12,17.72
2019-05-13,15.1
2019-05-14,15.51
2019-05-15,15.45
2019-05-16,20.14
2019-05-17,22.57
2019-05-18,22.07
2019-05-19,15.62
2019-05-20,27.99
2019-05-21,31.07
2019-05-22,26.95
2019-05-23,19.94
2019-05-24,15.06
2019-05-25,9.71
2019-05-26,12.44
2019-05-27,17.4
2019-05-28,29.1
2019-05-29,27.92
2019-05-30,25.3
2019-05-31,20.1
2019-06-01,22.08
2019-06-02,13.33
2019-06-03,10.7
2019-06-04,9.27
2019-06-05,10.76
2019-06-06,19.83
2019-06-07,13.93
2019-06-08,6.51
2019-06-09,7.83
2019-06-10,9.9
2019-06-11,0.0
2019-06-12,0.0
2019-06-13,0.0
2019-06-14,0.0
2019-06-15,0.0
2019-06-16,0.0
2019-06-17,0.0
2019-06-18,11.16
2019-06-19,10.26
2019-06-20,5.75
2019-06-21,0.0
2019-06-22,0.0
2019-06-23,0.0
2019-06-24,0.0
2019-06-25,26.0
2019-06-26,23.62
2019-06-27,13.04
2019-06-28,13.43
2019-06-29,17.03
2019-06-30,8.74
2019-07-01,9.89
2019-07-02,11.09
2019-07-03,12.48
2019-07-04,6.33
2019-07-05,11.48
2019-07-06,15.2
2019-07-07,13.47
2019-07-08,8.94
2019-07-09,10.82
2019-07-10,11.84
2019-07-11,24.32
2019-07-12,23.27
2019-07-13,17.42
2019-07-14,10.78
2019-07-15,9.3
2019-07-16,10.93
2019-07-17,8.52
2019-07-18,4.25
2019-07-19,7.19
2019-07-20,7.22
2019-07-21,6.05
2019-07-22,7.62
2019-07-23,10.07
2019-07-24,13.25
2019-07-25,17.72
2019-07-26,12.16
2019-07-27,19.32
2019-07-28,14.56
2019-07-29,12.96
2019-07-30,10.63
2019-07-31,11.22
2019-08-01,15.15
2019-08-02,9.24
2019-08-03,13.06
2019-08-04,11.41
2019-08-05,14.64
2019-08-06,10.62
2019-08-07,9.83
2019-08-08,8.62
2019-08-09,8.51
2019-08-10,4.8
2019-08-11,4.44
2019-08-12,5.56
2019-08-13,9.0
2019-08-14,7.9
2019-08-15,15.08
2019-08-16,10.74
2019-08-17,21.0
2019-08-18,21.45
2019-08-19,19.93
2019-08-20,20.37
2019-08-21,13.58
2019-08-22,8.02
2019-08-23,7.98
2019-08-24,12.11
2019-08-25,6.82
2019-08-26,6.9
2019-08-27,9.75
2019-08-28,27.82
2019-08-29,15.48
2019-08-30,14.76
2019-08-31,13.65
2019-09-01,10.55
2019-09-02,9.84
2019-09-03,11.17
2019-09-04,15.35
2019-09-05,11.81
2019-09-06,9.23
2019-09-07,13.71
2019-09-08,12.5
2019-09-09,14.83
2019-09-10,11.86
2019-09-11,13.06
2019-09-12,13.16
2019-09-13,17.36
2019-09-14,14.02
2019-09-15,13.42
2019-09-16,19.32
2019-09-17,18.6
2019-09-18,9.92
2019-09-19,8.66
2019-09-20,17.5
2019-09-21,15.18
2019-09-22,11.18
2019-09-23,10.28
2019-09-24,4.78
2019-09-25,10.07
2019-09-26,13.82
2019-09-27,15.46
2019-09-28,18.97
2019-09-29,15.58
2019-09-30,10.55
2019-10-01,11.16
2019-10-02,16.49
2019-10-03,17.66
2019-10-04,15.35
2019-10-05,16.49
2019-10-06,13.44
2019-10-07,7.42
2019-10-08,7.99
2019-10-09,15.64
2019-10-10,18.4
2019-10-11,12.32
2019-10-12,8.51
2019-10-13,9.63
2019-10-14,17.32
2019-10-15,16.53
2019-10-16,17.68
2019-10-17,8.59
2019-10-18,27.8
2019-10-19,14.56
2019-10-20,0.0
2019-10-21,0.0
2019-10-22,16.05
2019-10-23,8.03
2019-10-24,24.0
2019-10-25,41.09
2019-10-26,39.27
2019-10-27,30.64
2019-10-28,14.82
2019-10-29,18.2
2019-10-30,3.18
2019-10-31,7.75
2019-11-01,13.74
2019-11-02,22.02
2019-11-03,19.35
2019-11-04,17.01
2019-11-05,26.2
2019-11-06,21.36
2019-11-07,21.4
2019-11-08,19.01
2019-11-09,14.52
2019-11-10,9.64
2019-11-11,18.73
2019-11-12,21.32
2019-11-13,39.67
2019-11-14,28.95
2019-11-15,22.08
2019-11-16,21.53
2019-11-17,13.55
2019-11-18,30.45
2019-11-19,25.22
2019-11-20,22.23
2019-11-21,24.63
2019-11-22,16.2
2019-11-23,22.78
2019-11-24,19.88
2019-11-25,20.91
2019-11-26,23.36
2019-11-27,39.81
2019-11-28,22.79
2019-11-29,22.79
2019-11-30,11.23
2019-12-01,11.17
2019-12-02,16.88
2019-12-03,25.81
2019-12-04,27.99
2019-12-05,37.99
2019-12-06,32.3
2019-12-07,24.68
2019-12-08,17.82
2019-12-09,17.78
2019-12-10,27.24
2019-12-11,34.11
2019-12-12,27.66
2019-12-13,39.57
2019-12-14,17.89
2019-12-15,19.4
2019-12-16,32.25
2019-12-17,29.26
2019-12-18,34.5
2019-12-19,21.36
2019-12-20,29.94
2019-12-21,30.65
2019-12-22,38.11
2019-12-23,44.8
2019-12-24,51.96
2019-12-25,36.39
2019-12-26,12.52
2019-12-27,21.29
2019-12-28,32.54
2019-12-29,45.06
2019-12-30,44.74
2019-12-31,40.42
2020-01-01,35.96
2020-01-02,36.18
2020-01-03,39.12
2020-01-04,30.58
2020-01-05,27.03
2020-01-06,36.85
2020-01-07,30.37
2020-01-08,16.57
2020-01-09,31.99
2020-01-10,46.1
2020-01-11,35.23
2020-01-12,34.52
2020-01-13,45.18
2020-01-14,48.75
2020-01-15,61.78
2020-01-16,47.74
2020-01-17,38.16
2020-01-18,31.66
2020-01-19,28.79
2020-01-20,31.86
2020-01-21,25.78
2020-01-22,22.57
2020-01-23,25.61
2020-01-24,30.53
2020-01-25,29.85
2020-01-26,29.88
2020-01-27,28.72
2020-01-28,38.14
2020-01-29,55.14
2020-01-30,50.29
2020-01-31,43.18
2020-02-01,42.92
2020-02-02,32.97
2020-02-03,38.13
2020-02-04,30.37
2020-02-05,36.27
2020-02-06,27.97
2020-02-07,32.0
2020-02-08,38.32
2020-02-09,36.14
2020-02-10,98.87
2020-02-11,39.01
2020-02-12,36.41
2020-02-13,42.33
2020-02-14,37.2
2020-02-15,44.53
2020-02-16,51.95
2020-02-17,58.39
2020-02-18,42.38
2020-02-19,40.38
2020-02-20,48.83
2020-02-21,38.85
2020-02-22,44.96
2020-02-23,32.33
2020-02-24,36.26
2020-02-25,36.83
2020-02-26,38.81
2020-02-27,36.46
2020-02-28,38.7
2020-02-29,42.26
2020-03-01,32.56
2020-03-02,30.9
2020-03-03,28.39
2020-03-04,40.19
2020-03-05,37.47
2020-03-06,30.49
2020-03-07,32.73
2020-03-08,28.37
2020-03-09,26.95
2020-03-10,37.64
2020-03-11,29.75
2020-03-12,31.49
2020-03-13,29.1
2020-03-14,31.04
2020-03-15,25.49
2020-03-16,30.67
2020-03-17,39.09
2020-03-18,20.54
2020-03-19,25.51
2020-03-20,31.27
2020-03-21,30.55
2020-03-22,27.46
2020-03-23,27.12
2020-03-24,21.74
2020-03-25,25.26
2020-03-26,25.07
2020-03-27,29.67
2020-03-28,28.9
2020-03-29,18.2
2020-03-30,20.38
2020-03-31,19.28
2020-04-01,15.98
2020-04-02,23.01
2020-04-03,27.02
2020-04-04,28.89
2020-04-05,25.56
2020-04-06,16.88
2020-04-07,18.57
2020-04-08,18.85
2020-04-09,19.06
2020-04-10,17.15
2020-04-11,20.62
2020-04-12,22.32
2020-04-13,24.24
2020-04-14,23.55
2020-04-15,18.34
2020-04-16,15.59
2020-04-17,14.81
2020-04-18,13.37
2020-04-19,10.74
2020-04-20,15.01
2020-04-21,13.77
2020-04-22,15.9
2020-04-23,15.97
2020-04-24,15.73
2020-04-25,18.42
2020-04-26,23.19
2020-04-27,14.13
2020-04-28,23.84
2020-04-29,18.54
2020-04-30,20.57
2020-05-01,17.43
2020-05-02,23.64
2020-05-03,18.36
2020-05-04,25.86
2020-05-05,25.74
2020-05-06,20.76
2020-05-07,18.51
2020-05-08,13.96
2020-05-09,15.85
2020-05-10,14.9
2020-05-11,13.68
2020-05-12,19.88
2020-05-13,12.83
2020-05-14,15.39
2020-05-15,16.76
2020-05-16,15.99
2020-05-17,15.08
2020-05-18,15.7
2020-05-19,20.75
2020-05-20,20.26
2020-05-21,12.19
2020-05-22,11.41
2020-05-23,14.91
2020-05-24,16.15
2020-05-25,18.14
2020-05-26,16.22
2020-05-27,16.68
2020-05-28,17.4
2020-05-29,12.51
2020-05-30,9.86
2020-05-31,9.51
2020-06-01,9.56
2020-06-02,12.31
2020-06-03,11.92
2020-06-04,16.61
2020-06-05,16.81
2020-06-06,10.76
2020-06-07,10.15
2020-06-08,14.49
2020-06-09,23.6
2020-06-10,22.93
2020-06-11,24.21
2020-06-12,28.64
2020-06-13,26.26
2020-06-14,17.45
2020-06-15,28.24
2020-06-16,24.39
2020-06-17,27.92
2020-06-18,23.96
2020-06-19,20.32
2020-06-20,19.9
2020-06-21,15.74
2020-06-22,16.89
2020-06-23,28.45
2020-06-24,34.68
2020-06-25,28.01
2020-06-26,18.78
2020-06-27,18.06
2020-06-28,22.51
2020-06-29,23.17
2020-06-30,20.66
2020-07-01,2.0
2016-07-01,44.92
2016-07-02,0.0
2016-07-03,0.0
2016-07-04,0.0
2016-07-05,17.0
2016-07-06,30.54
2016-07-07,35.33
2016-07-08,40.64
2016-07-09,33.25
2016-07-10,26.64
2016-07-11,23.92
2016-07-12,28.42
2016-07-13,35.71
2016-07-14,37.09
2016-07-15,43.67
2016-07-16,44.76
2016-07-17,41.11
2016-07-18,46.5
2016-07-19,33.54
2016-07-20,11.98
2016-07-21,2.0
2016-07-22,21.8
2016-07-23,27.32
2016-07-24,0.0
2016-07-25,22.75
2016-07-26,23.34
2016-07-27,24.49
2016-07-28,21.85
2016-07-29,23.4
2016-07-30,29.12
2016-07-31,22.44
2016-08-01,23.82
2016-08-02,16.53
2016-08-03,18.76
2016-08-04,23.64
2016-08-05,27.8
2016-08-06,24.73
2016-08-07,25.74
2016-08-08,30.37
2016-08-09,36.85
2016-08-10,23.77
2016-08-11,23.39
2016-08-12,39.42
2016-08-13,34.14
2016-08-14,28.14
2016-08-15,27.92
2016-08-16,25.7
2016-08-17,28.17
2016-08-18,26.93
2016-08-19,33.79
2016-08-20,33.73
2016-08-21,38.2
2016-08-22,47.01
2016-08-23,31.59
2016-08-24,30.39
2016-08-25,30.35
2016-08-26,32.44
2016-08-27,17.78
2016-08-28,9.53
2016-08-29,8.91
2016-08-30,10.56
2016-08-31,26.85
2016-09-01,29.45
2016-09-02,26.88
2016-09-03,26.75
2016-09-04,37.11
2016-09-05,43.77
2016-09-06,42.4
2016-09-07,42.73
2016-09-08,42.7
2016-09-09,46.08
2016-09-10,63.33
2016-09-11,52.77
2016-09-12,41.43
2016-09-13,22.89
2016-09-14,28.28
2016-09-15,13.46
2016-09-16,24.93
2016-09-17,33.68
2016-09-18,39.38
2016-09-19,36.02
2016-09-20,23.1
2016-09-21,13.75
2016-09-22,12.67
2016-09-23,19.93
2016-09-24,27.57
2016-09-25,23.78
2016-09-26,36.71
2016-09-27,62.52
2016-09-28,72.4
2016-09-29,60.73
2016-09-30,54.76
2016-10-01,40.24
2016-10-02,71.57
2016-10-03,42.06
2016-10-04,44.1
2016-10-05,53.43
2016-10-06,51.42
2016-10-07,37.61
2016-10-08,50.36
2016-10-09,43.12
2016-10-10,45.73
2016-10-11,43.88
2016-10-12,0.0
2016-10-13,51.4
2016-10-14,89.96
2016-10-15,0.0
2016-10-16,0.0
2016-10-17,61.38
2016-10-18,65.83
2016-10-19,66.14
2016-10-20,64.67
2016-10-21,64.92
2016-10-22,66.93
2016-10-23,62.97
2016-10-24,63.12
2016-10-25,60.85
2016-10-26,63.31
2016-10-27,47.62
2016-10-28,44.65
2016-10-29,44.44
2016-10-30,44.81
2016-10-31,58.43
2016-11-01,64.91
2016-11-02,37.5
2016-11-03,29.34
2016-11-04,12.94
2016-11-05,18.14
2016-11-06,48.11
2016-11-07,71.88
2016-11-08,67.16
2016-11-09,63.98
2016-11-10,60.85
2016-11-11,68.5
2016-11-12,56.0
2016-11-13,78.65
2016-11-14,77.51
2016-11-15,68.7
2016-11-16,72.89
2016-11-17,76.4
2016-11-18,71.11
2016-11-19,64.44
2016-11-20,66.78
2016-11-21,66.07
2016-11-22,63.54
2016-11-23,60.96
2016-11-24,61.68
2016-11-25,61.23
2016-11-26,63.17
2016-11-27,61.53
2016-11-28,68.77
2016-11-29,63.62
2016-11-30,66.66
2016-12-01,66.92
2016-12-02,41.55
2016-12-03,32.6
2016-12-04,52.58
2016-12-05,74.8
2016-12-06,43.18
2016-12-07,50.53
2016-12-08,64.4
2016-12-09,65.44
2016-12-10,57.84
2016-12-11,46.03
2016-12-12,40.99
2016-12-13,48.07
2016-12-14,62.66
2016-12-15,71.8
2016-12-16,52.28
2016-12-17,69.5
2016-12-18,59.38
2016-12-19,64.2
2016-12-20,61.85
2016-12-21,63.14
2016-12-22,67.26
2016-12-23,65.86
2016-12-24,79.29
2016-12-25,63.52
2016-12-26,78.21
2016-12-27,66.59
2016-12-28,56.0
2016-12-29,56.0
2016-12-30,56.0
2016-12-31,71.19
2017-01-01,63.51
2017-01-02,38.25
2017-01-03,62.3
2017-01-04,66.77
2017-01-05,68.9
2017-01-06,69.58
2017-01-07,47.15
2017-01-08,57.31
2017-01-09,56.08
2017-01-10,61.58
2017-01-11,55.21
2017-01-12,66.21
2017-01-13,71.24
2017-01-14,73.17
2017-01-15,76.86
2017-01-16,67.81
2017-01-17,68.03
2017-01-18,62.88
2017-01-19,77.1
2017-01-20,80.78
2017-01-21,80.65
2017-01-22,74.57
2017-01-23,63.88
2017-01-24,55.47
2017-01-25,68.84
2017-01-26,82.19
2017-01-27,68.09
2017-01-28,90.15
2017-01-29,68.13
2017-01-30,84.78
2017-01-31,95.17
2017-02-01,93.11
2017-02-02,64.85
2017-02-03,95.92
2017-02-04,96.96
2017-02-05,98.42
2017-02-06,90.31
2017-02-07,86.33
2017-02-08,97.24
2017-02-09,108.49
2017-02-10,90.15
2017-02-11,72.66
2017-02-12,50.1
2017-02-13,47.32
2017-02-14,54.3
2017-02-15,74.8
2017-02-16,103.57
2017-02-17,69.93
2017-02-18,90.56
2017-02-19,78.47
2017-02-20,78.02
2017-02-21,61.52
2017-02-22,48.68
2017-02-23,50.3
2017-02-24,51.17
2017-02-25,54.92
2017-02-26,72.35
2017-02-27,68.0
2017-02-28,67.1
2017-03-01,84.69
2017-03-02,72.19
2017-03-03,76.47
2017-03-04,52.09
2017-03-05,29.71
2017-03-06,22.3
2017-03-07,24.57
2017-03-08,19.72
2017-03-09,22.26
2017-03-10,26.23
2017-03-11,28.4
2017-03-12,45.77
2017-03-13,50.47
2017-03-14,42.41
2017-03-15,36.17
2017-03-16,36.92
2017-03-17,40.35
2017-03-18,47.45
2017-03-19,51.6
2017-03-20,56.22
2017-03-21,48.4
2017-03-22,47.43
2017-03-23,48.72
2017-03-24,52.68
2017-03-25,33.5
2017-03-26,0.0
2017-03-27,41.75
2017-03-28,33.09
2017-03-29,30.71
2017-03-30,30.48
2017-03-31,30.66
2017-04-01,33.98
2017-04-02,32.45
2017-04-03,28.03
2017-04-04,30.18
2017-04-05,39.15
2017-04-06,46.38
2017-04-07,45.34
2017-04-08,45.08
2017-04-09,30.88
2017-04-10,43.29
2017-04-11,28.6
2017-04-12,0.0
2017-04-13,0.0
2017-04-14,0.0
2017-04-15,0.0
2017-04-16,0.0
2017-04-17,0.0
2017-04-18,0.0
2017-04-19,0.0
2017-04-20,0.0
2017-04-21,0.0
2017-04-22,0.0
2017-04-23,0.0
2017-04-24,0.0
2017-04-25,0.0
2017-04-26,0.0
2017-04-27,0.0
2017-04-28,0.0
2017-04-29,0.0
2017-04-30,0.0
2017-05-01,0.0
2017-05-02,0.0
2017-05-03,0.0
2017-05-04,0.0
2017-05-05,0.0
2017-05-06,0.0
2017-05-07,0.0
2017-05-08,0.0
2017-05-09,0.0
2017-05-10,0.0
2017-05-11,0.0
2017-05-12,0.0
2017-05-13,0.0
2017-05-14,0.0
2017-05-15,0.0
2017-05-16,0.0
2017-05-17,0.0
2017-05-18,0.0
2017-05-19,0.0
2017-05-20,0.0
2017-05-21,0.0
2017-05-22,0.0
2017-05-23,0.0
2017-05-24,0.0
2017-05-25,0.0
2017-05-26,0.0
2017-05-27,0.0
2017-05-28,0.0
2017-05-29,0.0
2017-05-30,0.0
2017-05-31,0.0
2017-06-01,0.0
2017-06-02,0.0
2017-06-03,0.0
2017-06-04,0.0
2017-06-05,0.0
2017-06-06,0.0
2017-06-07,0.0
2017-06-08,0.0
2017-06-09,0.0
2017-06-10,0.0
2017-06-11,0.0
2017-06-12,0.0
2017-06-13,0.0
2017-06-14,0.0
2017-06-15,0.0
2017-06-16,0.0
2017-06-17,0.0
2017-06-18,0.0
2017-06-19,0.0
2017-06-20,0.0
2017-06-21,0.0
2017-06-22,0.0
2017-06-23,0.0
2017-06-24,0.0
2017-06-25,0.0
2017-06-26,0.0
2017-06-27,0.0
2017-06-28,0.0
2017-06-29,0.0
2017-06-30,0.0
2017-07-01,0.0
2017-07-02,0.0
2017-07-03,0.0
2017-07-04,0.0
2017-07-05,0.0
2017-07-06,0.0
2017-07-07,0.0
2017-07-08,0.0
2017-07-09,0.0
2017-07-10,0.0
2017-07-11,0.0
2017-07-12,0.0
2017-07-13,0.0
2017-07-14,0.0
2017-07-15,0.0
2017-07-16,0.0
2017-07-17,0.0
2017-07-18,0.0
2017-07-19,0.0
2017-07-20,0.0
2017-07-21,0.0
2017-07-22,0.0
2017-07-23,0.0
2017-07-24,0.0
2017-07-25,0.0
2017-07-26,0.0
2017-07-27,0.0
2017-07-28,0.0
2017-07-29,0.0
2017-07-30,0.0
2017-07-31,0.0
2017-08-01,0.0
2017-08-02,0.0
2017-08-03,0.0
2017-08-04,0.0
2017-08-05,0.0
2017-08-06,0.0
2017-08-07,0.0
2017-08-08,0.0
2017-08-09,0.0
2017-08-10,0.0
2017-08-11,0.0
2017-08-12,0.0
2017-08-13,0.0
2017-08-14,0.0
2017-08-15,0.0
2017-08-16,0.0
2017-08-17,0.0
2017-08-18,0.0
2017-08-19,0.0
2017-08-20,0.0
2017-08-21,0.0
2017-08-22,0.0
2017-08-23,0.0
2017-08-24,0.0
2017-08-25,0.0
2017-08-26,0.0
2017-08-27,0.0
2017-08-28,0.0
2017-08-29,0.0
2017-08-30,0.0
2017-08-31,0.0
2017-09-01,0.0
2017-09-02,0.0
2017-09-03,0.0
2017-09-04,0.0
2017-09-05,0.0
2017-09-06,0.0
2017-09-07,0.0
2017-09-08,0.0
2017-09-09,0.0
2017-09-10,0.0
2017-09-11,0.0
2017-09-12,0.0
2017-09-13,0.0
2017-09-14,0.0
2017-09-15,0.0
2017-09-16,0.0
2017-09-17,0.0
2017-09-18,0.0
2017-09-19,0.0
2017-09-20,0.0
2017-09-21,0.0
2017-09-22,0.0
2017-09-23,0.0
2017-09-24,0.0
2017-09-25,0.0
2017-09-26,0.0
2017-09-27,0.0
2017-09-28,0.0
2017-09-29,0.0
2017-09-30,0.0
2017-10-01,17.67
2017-10-02,23.36
2017-10-03,8.06
2017-10-04,18.44
2017-10-05,7.0
2017-10-06,8.88
2017-10-07,9.66
2017-10-08,7.79
2017-10-09,8.6
2017-10-10,0.0
2017-10-11,0.0
2017-10-12,0.0
2017-10-13,0.0
2017-10-14,0.0
2017-10-15,0.0
2017-10-16,0.0
2017-10-17,0.0
2017-10-18,0.0
2017-10-19,60.42
2017-10-20,0.0
2017-10-21,52.33
2017-10-22,0.0
2017-10-23,48.95
2017-10-24,20.0
2017-10-25,0.0
2017-10-26,0.0
2017-10-27,18.0
2017-10-28,0.0
2017-10-29,0.0
2017-10-30,0.0
2017-10-31,55.84
2017-11-01,47.12
2017-11-02,54.15
2017-11-03,39.54
2017-11-04,27.6
2017-11-05,23.59
2017-11-06,22.41
2017-11-07,28.03
2017-11-08,29.4
2017-11-09,42.25
2017-11-10,54.75
2017-11-11,60.62
2017-11-12,56.4
2017-11-13,33.02
2017-11-14,30.55
2017-11-15,13.1
2017-11-16,6.48
2017-11-17,7.8
2017-11-18,10.89
2017-11-19,15.12
2017-11-20,13.71
2017-11-21,38.17
2017-11-22,61.5
2017-11-23,67.51
2017-11-24,72.41
2017-11-25,69.52
2017-11-26,70.0
2017-11-27,62.29
2017-11-28,82.35
2017-11-29,51.25
2017-11-30,56.05
2017-12-01,61.99
2017-12-02,71.27
2017-12-03,69.02
2017-12-04,75.65
2017-12-05,98.32
2017-12-06,101.28
2017-12-07,83.65
2017-12-08,60.98
2017-12-09,55.61
2017-12-10,77.81
2017-12-11,72.49
2017-12-12,76.95
2017-12-13,80.72
2017-12-14,66.31
2017-12-15,66.12
2017-12-16,83.31
2017-12-17,92.11
2017-12-18,72.64
2017-12-19,55.81
2017-12-20,72.83
2017-12-21,67.7
2017-12-22,89.92
2017-12-23,113.04
2017-12-24,117.2
2017-12-25,115.56
2017-12-26,123.9
2017-12-27,101.93
2017-12-28,88.29
2017-12-29,52.25
2017-12-30,58.56
2017-12-31,67.75
2018-01-01,59.73
2018-01-02,64.22
2018-01-03,72.28
2018-01-04,112.67
2018-01-05,89.89
2018-01-06,106.06
2018-01-07,92.74
2018-01-08,100.71
2018-01-09,63.83
2018-01-10,98.05
2018-01-11,123.81
2018-01-12,128.34
2018-01-13,117.2
2018-01-14,199.94
2018-01-15,113.89
2018-01-16,123.38
2018-01-17,104.12
2018-01-18,83.42
2018-01-19,85.14
2018-01-20,103.95
2018-01-21,90.25
2018-01-22,93.18
2018-01-23,108.47
2018-01-24,0.0
2018-01-25,0.0
2018-01-26,0.0
2018-01-27,71.62
2018-01-28,83.94
2018-01-29,87.12
2018-01-30,95.29
2018-01-31,92.94
2018-02-01,73.77
2018-02-02,81.05
2018-02-03,78.53
2018-02-04,63.4
2018-02-05,65.06
2018-02-06,69.68
2018-02-07,62.76
2018-02-08,51.09
2018-02-09,49.31
2018-02-10,52.48
2018-02-11,72.97
2018-02-12,72.05
2018-02-13,65.12
2018-02-14,52.38
2018-02-15,67.26
2018-02-16,72.41
2018-02-17,82.74
2018-02-18,66.72
2018-02-19,78.83
2018-02-20,81.56
2018-02-21,72.27
2018-02-22,71.19
2018-02-23,76.45
2018-02-24,86.82
2018-02-25,61.99
2018-02-26,58.94
2018-02-27,48.33
2018-02-28,50.69
2018-03-01,56.85
2018-03-02,54.86
2018-03-03,37.05
2018-03-04,31.85
2018-03-05,47.48
2018-03-06,48.65
2018-03-07,64.04
2018-03-08,50.73
2018-03-09,45.48
2018-03-10,60.64
2018-03-11,63.92
2018-03-12,57.28
2018-03-13,48.89
2018-03-14,39.85
2018-03-15,42.34
2018-03-16,42.47
2018-03-17,96.1
2018-03-18,93.98
2018-03-19,67.56
2018-03-20,55.97
2018-03-21,60.63
2018-03-22,51.64
2018-03-23,55.66
2018-03-24,54.05
2018-03-25,45.64
2018-03-26,51.89
2018-03-27,48.2
2018-03-28,30.53
2018-03-29,27.49
2018-03-30,29.82
2018-03-31,38.7
2018-04-01,36.96
2018-04-02,29.16
2018-04-03,22.21
2018-04-04,23.84
2018-04-05,27.42
2018-04-06,38.43
2018-04-07,36.88
2018-04-08,23.42
2018-04-09,39.79
2018-04-10,47.17
2018-04-11,29.43
2018-04-12,22.09
2018-04-13,28.25
2018-04-14,18.89
2018-04-15,15.53
2018-04-16,17.15
2018-04-17,27.23
2018-04-18,19.46
2018-04-19,17.86
2018-04-20,16.36
2018-04-21,21.74
2018-04-22,15.93
2018-04-23,26.78
2018-04-24,29.64
2018-04-25,25.81
2018-04-26,21.97
2018-04-27,16.34
2018-04-28,13.9
2018-04-29,17.59
2018-04-30,14.44
2018-05-01,14.65
2018-05-02,31.6
2018-05-03,23.95
2018-05-04,22.42
2018-05-05,18.79
2018-05-06,14.83
2018-05-07,16.6
2018-05-08,19.95
2018-05-09,19.27
2018-05-10,20.57
2018-05-11,9.35
2018-05-12,81.14
2018-05-13,16.11
2018-05-14,15.15
2018-05-15,25.41
2018-05-16,17.96
2018-05-17,12.0
2018-05-18,20.89
2018-05-19,20.64
2018-05-20,16.73
2018-05-21,19.4
2018-05-22,14.85
2018-05-23,11.81
2018-05-24,13.64
2018-05-25,11.32
2018-05-26,13.25
2018-05-27,14.42
2018-05-28,25.1
2018-05-29,27.11
2018-05-30,37.85
2018-05-31,34.18
2018-06-01,39.17
2018-06-02,30.78
2018-06-03,38.25
2018-06-04,45.63
2018-06-05,57.79
2018-06-06,35.24
2018-06-07,28.43
2018-06-08,51.33
2018-06-09,36.75
2018-06-10,28.69
2018-06-11,30.94
2018-06-12,35.48
2018-06-13,35.64
2018-06-14,38.98
2018-06-15,53.56
2018-06-16,50.78
2018-06-17,0.0
2018-06-18,0.0
2018-06-19,18.21
2018-06-20,33.71
2018-06-21,27.7
2018-06-22,27.05
2018-06-23,26.17
2018-06-24,30.25
2018-06-25,30.0
2018-06-26,27.27
2018-06-27,33.04
2018-06-28,27.29
2018-06-29,32.92
2018-06-30,33.78
2018-07-01,32.22
2018-07-02,31.92
2018-07-03,38.8
2018-07-04,33.39
2018-07-05,24.36
2018-07-06,27.25
2018-07-07,35.14
2018-07-08,33.26
2018-07-09,34.32
2018-07-10,30.08
2018-07-11,31.55
2018-07-12,25.83
2018-07-13,28.16
2018-07-14,36.57
2018-07-15,21.84
2018-07-16,28.49
2018-07-17,22.82
2018-07-18,29.86
2018-07-19,22.54
2018-07-20,27.9
2018-07-21,27.85
2018-07-22,32.61
2018-07-23,36.78
2018-07-24,41.99
2018-07-25,43.56
2018-07-26,44.48
2018-07-27,35.02
2018-07-28,35.58
2018-07-29,40.33
2018-07-30,43.0
2018-07-31,60.0
2018-08-01,74.62
2018-08-02,40.26
2018-08-03,52.43
2018-08-04,53.49
2018-08-05,0.0
2018-08-06,48.5
2018-08-07,45.4
2018-08-08,39.1
2018-08-09,44.7
2018-08-10,53.32
2018-08-11,34.35
2018-08-12,21.86
2018-08-13,35.57
2018-08-14,47.85
2018-08-15,0.0
2018-08-16,43.39
2018-08-17,25.69
2018-08-18,32.84
2018-08-19,17.9
2018-08-20,21.84
2018-08-21,20.96
2018-08-22,30.03
2018-08-23,31.38
2018-08-24,0.0
2018-08-25,37.25
2018-08-26,0.0
2018-08-27,34.29
2018-08-28,41.97
2018-08-29,48.18
2018-08-30,43.89
2018-08-31,51.3
2018-09-01,35.33
2018-09-02,39.86
2018-09-03,45.16
2018-09-04,41.12
2018-09-05,39.34
2018-09-06,48.18
2018-09-07,41.28
2018-09-08,47.03
2018-09-09,65.02
2018-09-10,48.09
2018-09-11,47.34
2018-09-12,56.6
2018-09-13,64.77
2018-09-14,62.18
2018-09-15,62.22
2018-09-16,67.61
2018-09-17,33.98
2018-09-18,41.23
2018-09-19,47.77
2018-09-20,71.26
2018-09-21,37.58
2018-09-22,38.53
2018-09-23,38.46
2018-09-24,29.18
2018-09-25,28.61
2018-09-26,34.19
2018-09-27,36.81
2018-09-28,18.71
2018-09-29,28.19
2018-09-30,52.09
2018-10-01,73.3
2018-10-02,64.0
2018-10-03,31.64
2018-10-04,62.23
2018-10-05,57.35
2018-10-06,78.54
2018-10-07,69.29
2018-10-08,54.88
2018-10-09,42.4
2018-10-10,31.74
2018-10-11,49.33
2018-10-12,43.88
2018-10-13,69.73
2018-10-14,58.04
2018-10-15,49.55
2018-10-16,40.69
2018-10-17,53.01
2018-10-18,86.27
2018-10-19,145.0
2018-10-20,69.05
2018-10-21,99.12
2018-10-22,107.88
2018-10-23,111.32
2018-10-24,90.26
2018-10-25,78.89
2018-10-26,52.93
2018-10-27,63.16
2018-10-28,44.31
2018-10-29,34.42
2018-10-30,37.5
2018-10-31,22.75
2018-11-01,11.04
2018-11-02,11.34
2018-11-03,7.47
2018-11-04,8.24
2018-11-05,11.35
2018-11-06,30.77
2018-11-07,101.79
2018-11-08,198.38
2018-11-09,48.16
2018-11-10,66.51
2018-11-11,87.49
2018-11-12,90.03
2018-11-13,56.29
2018-11-14,72.47
2018-11-15,57.22
2018-11-16,54.95
2018-11-17,57.21
2018-11-18,40.27
2018-11-19,42.25
2018-11-20,47.82
2018-11-21,0.0
2018-11-22,0.0
2018-11-23,0.0
2018-11-24,0.0
2018-11-25,0.0
2018-11-26,0.0
2018-11-27,0.0
2018-11-28,0.0
2018-11-29,0.0
2018-11-30,55.43
2018-12-01,61.71
2018-12-02,0.0
2018-12-03,0.0
2018-12-04,82.23
2018-12-05,89.61
2018-12-06,96.08
2018-12-07,105.85
2018-12-08,104.42
2018-12-09,114.86
2018-12-10,86.25
2018-12-11,74.06
2018-12-12,69.72
2018-12-13,82.35
2018-12-14,80.16
2018-12-15,78.08
2018-12-16,53.03
2018-12-17,24.85
2018-12-18,5.89
2018-12-19,8.6
2018-12-20,23.79
2018-12-21,43.75
2018-12-22,63.48
2018-12-23,86.99
2018-12-24,87.29
2018-12-25,104.71
2018-12-26,118.3
2018-12-27,111.24
2018-12-28,100.63
2018-12-29,77.43
2018-12-30,70.2
2018-12-31,67.62
2019-01-01,131.6
2019-01-02,132.69
2019-01-03,148.04
2019-01-04,139.55
2019-01-05,116.68
2019-01-06,132.1
2019-01-07,119.16
2019-01-08,136.86
2019-01-09,137.45
2019-01-10,135.46
2019-01-11,106.66
2019-01-12,115.8
2019-01-13,120.2
2019-01-14,203.05
2019-01-15,76.5
2019-01-16,0.0
2019-01-17,102.42
2019-01-18,126.4
2019-01-19,125.44
2019-01-20,125.76
2019-01-21,143.69
2019-01-22,129.7
2019-01-23,118.46
2019-01-24,115.56
2019-01-25,100.56
2019-01-26,45.94
2019-01-27,80.45
2019-01-28,85.77
2019-01-29,79.75
2019-01-30,71.88
2019-01-31,57.58
2019-02-01,53.84
2019-02-02,99.81
2019-02-03,85.53
2019-02-04,71.09
2019-02-05,111.01
2019-02-06,113.48
2019-02-07,118.36
2019-02-08,98.9
2019-02-09,76.34
2019-02-10,76.17
2019-02-11,59.05
2019-02-12,54.84
2019-02-13,59.6
2019-02-14,94.42
2019-02-15,55.03
2019-02-16,67.33
2019-02-17,50.92
2019-02-18,51.74
2019-02-19,33.27
2019-02-20,39.61
2019-02-21,51.81
2019-02-22,52.8
2019-02-23,51.41
2019-02-24,41.71
2019-02-25,48.26
2019-02-26,52.58
2019-02-27,0.0
2019-02-28,0.0
2019-03-01,10.68
2019-03-02,15.89
2019-03-03,26.93
2019-03-04,27.8
2019-03-05,22.27
2019-03-06,42.23
2019-03-07,30.85
2019-03-08,33.92
2019-03-09,27.95
2019-03-10,19.08
2019-03-11,21.22
2019-03-12,30.96
2019-03-13,42.54
2019-03-14,50.39
2019-03-15,43.56
2019-03-16,28.18
2019-03-17,34.35
2019-03-18,30.15
2019-03-19,32.39
2019-03-20,27.53
2019-03-21,23.36
2019-03-22,36.33
2019-03-23,31.12
2019-03-24,31.06
2019-03-25,36.77
2019-03-26,24.49
2019-03-27,24.5
2019-03-28,30.49
2019-03-29,31.8
2019-03-30,37.15
2019-03-31,44.75
2019-04-01,43.25
2019-04-02,28.42
2019-04-03,27.5
2019-04-04,27.02
2019-04-05,23.63
2019-04-06,32.96
2019-04-07,25.61
2019-04-08,22.42
2019-04-09,23.73
2019-04-10,33.69
2019-04-11,0.0
2019-04-12,17.95
2019-04-13,27.28
2019-04-14,20.65
2019-04-15,28.84
2019-04-16,31.45
2019-04-17,35.3
2019-04-18,31.25
2019-04-19,22.48
2019-04-20,21.76
2019-04-21,25.62
2019-04-22,29.58
2019-04-23,26.19
2019-04-24,21.88
2019-04-25,37.51
2019-04-26,38.9
2019-04-27,29.45
2019-04-28,25.92
2019-04-29,18.89
2019-04-30,12.9
2019-05-01,13.18
2019-05-02,15.1
2019-05-03,59.67
2019-05-04,52.61
2019-05-05,65.23
2019-05-06,67.2
2019-05-07,56.08
2019-05-08,54.82
2019-05-09,61.23
2019-05-10,56.23
2019-05-11,49.08
2019-05-12,44.74
2019-05-13,43.14
2019-05-14,37.06
2019-05-15,45.0
2019-05-16,29.21
2019-05-17,35.01
2019-05-18,40.21
2019-05-19,38.02
2019-05-20,31.6
2019-05-21,31.98
2019-05-22,32.84
2019-05-23,26.16
2019-05-24,29.8
2019-05-25,39.15
2019-05-26,57.41
2019-05-27,31.75
2019-05-28,39.54
2019-05-29,33.95
2019-05-30,33.91
2019-05-31,37.1
2019-06-01,45.29
2019-06-02,50.58
2019-06-03,29.74
2019-06-04,42.08
2019-06-05,50.27
2019-06-06,38.91
2019-06-07,45.26
2019-06-08,37.51
2019-06-09,55.58
2019-06-10,47.28
2019-06-11,37.53
2019-06-12,0.0
2019-06-13,27.89
2019-06-14,39.18
2019-06-15,37.35
2019-06-16,40.03
2019-06-17,33.4
2019-06-18,40.58
2019-06-19,59.13
2019-06-20,37.62
2019-06-21,28.8
2019-06-22,56.84
2019-06-23,39.46
2019-06-24,35.47
2019-06-25,22.96
2019-06-26,30.65
2019-06-27,40.18
2019-06-28,30.4
2019-06-29,25.84
2019-06-30,20.4
2019-07-01,41.42
2019-07-02,29.39
2019-07-03,33.41
2019-07-04,33.55
2019-07-05,33.67
2019-07-06,25.58
2019-07-07,30.74
2019-07-08,26.75
2019-07-09,41.29
2019-07-10,31.12
2019-07-11,25.62
2019-07-12,20.88
2019-07-13,34.28
2019-07-14,28.47
2019-07-15,22.4
2019-07-16,41.9
2019-07-17,57.36
2019-07-18,40.74
2019-07-19,58.92
2019-07-20,34.17
2019-07-21,20.21
2019-07-22,20.03
2019-07-23,16.74
2019-07-24,29.76
2019-07-25,29.61
2019-07-26,19.61
2019-07-27,17.07
2019-07-28,27.38
2019-07-29,24.48
2019-07-30,26.17
2019-07-31,32.33
2019-08-01,26.12
2019-08-02,17.8
2019-08-03,25.11
2019-08-04,29.95
2019-08-05,21.59
2019-08-06,22.25
2019-08-07,14.45
2019-08-08,24.41
2019-08-09,30.46
2019-08-10,36.4
2019-08-11,29.25
2019-08-12,42.33
2019-08-13,38.76
2019-08-14,38.11
2019-08-15,44.17
2019-08-16,30.77
2019-08-17,46.96
2019-08-18,39.9
2019-08-19,49.19
2019-08-20,51.98
2019-08-21,36.68
2019-08-22,29.83
2019-08-23,45.17
2019-08-24,30.77
2019-08-25,26.34
2019-08-26,38.8
2019-08-27,35.18
2019-08-28,32.64
2019-08-29,0.0
2019-08-30,0.0
2019-08-31,0.0
2019-09-01,0.0
2019-09-02,0.0
2019-09-03,0.0
2019-09-04,0.0
2019-09-05,30.08
2019-09-06,20.11
2019-09-07,18.05
2019-09-08,23.49
2019-09-09,29.19
2019-09-10,33.74
2019-09-11,35.28
2019-09-12,33.52
2019-09-13,34.27
2019-09-14,39.35
2019-09-15,37.09
2019-09-16,42.98
2019-09-17,35.14
2019-09-18,14.11
2019-09-19,9.76
2019-09-20,14.75
2019-09-21,15.09
2019-09-22,6.64
2019-09-23,6.63
2019-09-24,12.12
2019-09-25,15.48
2019-09-26,23.9
2019-09-27,35.29
2019-09-28,11.77
2019-09-29,27.57
2019-09-30,32.77
2019-10-01,27.7
2019-10-02,26.46
2019-10-03,42.61
2019-10-04,31.25
2019-10-05,40.08
2019-10-06,26.99
2019-10-07,30.49
2019-10-08,57.44
2019-10-09,16.27
2019-10-10,25.84
2019-10-11,24.45
2019-10-12,27.58
2019-10-13,28.92
2019-10-14,28.02
2019-10-15,45.56
2019-10-16,32.93
2019-10-17,7.02
2019-10-18,8.55
2019-10-19,10.32
2019-10-20,5.29
2019-10-21,10.5
2019-10-22,15.67
2019-10-23,5.08
2019-10-24,31.4
2019-10-25,37.82
2019-10-26,18.29
2019-10-27,116.65
2019-10-28,40.46
2019-10-29,31.24
2019-10-30,41.58
2019-10-31,63.19
2019-11-01,78.9
2019-11-02,86.71
2019-11-03,144.72
2019-11-04,109.46
2019-11-05,114.41
2019-11-06,116.67
2019-11-07,97.75
2019-11-08,77.22
2019-11-09,57.05
2019-11-10,38.34
2019-11-11,37.12
2019-11-12,36.97
2019-11-13,41.18
2019-11-14,55.7
2019-11-15,59.7
2019-11-16,57.56
2019-11-17,46.69
2019-11-18,46.28
2019-11-19,73.45
2019-11-20,69.65
2019-11-21,51.21
2019-11-22,53.08
2019-11-23,68.83
2019-11-24,90.0
2019-11-25,95.6
2019-11-26,93.79
2019-11-27,72.71
2019-11-28,44.67
2019-11-29,61.52
2019-11-30,64.34
2019-12-01,56.81
2019-12-02,65.08
2019-12-03,71.12
2019-12-04,63.36
2019-12-05,76.4
2019-12-06,58.41
2019-12-07,36.8
2019-12-08,17.03
2019-12-09,12.79
2019-12-10,24.02
2019-12-11,27.82
2019-12-12,34.71
2019-12-13,37.07
2019-12-14,36.82
2019-12-15,27.12
2019-12-16,46.59
2019-12-17,75.61
2019-12-18,75.54
2019-12-19,74.33
2019-12-20,68.72
2019-12-21,72.61
2019-12-22,71.04
2019-12-23,80.01
2019-12-24,94.38
2019-12-25,81.26
2019-12-26,62.22
2019-12-27,51.79
2019-12-28,74.53
2019-12-29,41.0
2019-12-30,44.79
2019-12-31,52.33
2020-01-01,66.6
2020-01-02,49.66
2020-01-03,53.48
2020-01-04,22.7
2020-01-05,16.07
2020-01-06,48.21
2020-01-07,54.65
2020-01-08,49.43
2020-01-09,73.62
2020-01-10,48.07
2020-01-11,85.85
2020-01-12,73.83
2020-01-13,100.48
2020-01-14,177.2
2020-01-15,89.81
2020-01-16,71.06
2020-01-17,43.36
2020-01-18,42.17
2020-01-19,39.3
2020-01-20,30.99
2020-01-21,25.31
2020-01-22,59.54
2020-01-23,74.94
2020-01-24,74.82
2020-01-25,61.94
2020-01-26,53.3
2020-01-27,59.32
2020-01-28,52.42
2020-01-29,45.66
2020-01-30,45.58
2020-01-31,56.11
2020-02-01,43.35
2020-02-02,32.75
2020-02-03,39.45
2020-02-04,43.56
2020-02-05,55.76
2020-02-06,31.28
2020-02-07,31.23
2020-02-08,29.14
2020-02-09,26.04
2020-02-10,33.44
2020-02-11,58.03
2020-02-12,62.0
2020-02-13,84.11
2020-02-14,71.21
2020-02-15,68.69
2020-02-16,52.52
2020-02-17,40.92
2020-02-18,42.44
2020-02-19,46.15
2020-02-20,39.52
2020-02-21,30.9
2020-02-22,31.82
2020-02-23,48.43
2020-02-24,54.71
2020-02-25,36.68
2020-02-26,43.59
2020-02-27,29.42
2020-02-28,46.6
2020-02-29,51.92
2020-03-01,47.98
2020-03-02,52.8
2020-03-03,65.64
2020-03-04,50.36
2020-03-05,20.02
2020-03-06,15.11
2020-03-07,14.16
2020-03-08,17.77
2020-03-09,19.48
2020-03-10,16.23
2020-03-11,19.9
2020-03-12,23.84
2020-03-13,21.5
2020-03-14,29.97
2020-03-15,34.29
2020-03-16,50.96
2020-03-17,31.25
2020-03-18,33.01
2020-03-19,43.21
2020-03-20,23.97
2020-03-21,20.57
2020-03-22,23.57
2020-03-23,19.59
2020-03-24,39.49
2020-03-25,23.9
2020-03-26,21.29
2020-03-27,32.71
2020-03-28,31.72
2020-03-29,22.17
2020-03-30,21.62
2020-03-31,18.77
2020-04-01,30.43
2020-04-02,23.81
2020-04-03,30.06
2020-04-04,25.97
2020-04-05,22.3
2020-04-06,16.62
2020-04-07,14.48
2020-04-08,8.64
2020-04-09,20.49
2020-04-10,23.62
2020-04-11,16.38
2020-04-12,15.05
2020-04-13,20.44
2020-04-14,18.97
2020-04-15,21.07
2020-04-16,21.89
2020-04-17,15.84
2020-04-18,9.21
2020-04-19,14.61
2020-04-20,9.08
2020-04-21,10.32
2020-04-22,8.61
2020-04-23,8.41
2020-04-24,0.0
2020-04-25,0.0
2020-04-26,11.07
2020-04-27,10.47
2020-04-28,12.81
2020-04-29,7.81
2020-04-30,18.16
2020-05-01,11.91
2020-05-02,23.14
2020-05-03,18.91
2020-05-04,17.54
2020-05-05,8.93
2020-05-06,9.03
2020-05-07,11.3
2020-05-08,12.14
2020-05-09,9.53
2020-05-10,16.51
2020-05-11,14.04
2020-05-12,6.9
2020-05-13,8.42
2020-05-14,11.88
2020-05-15,11.07
2020-05-16,2.0
2020-05-17,6.3
2020-05-18,11.18
2020-05-19,26.88
2020-05-20,66.22
2020-05-21,45.53
2020-05-22,24.8
2020-05-23,15.91
2020-05-24,10.99
2020-05-25,18.69
2020-05-26,12.35
2020-05-27,26.6
2020-05-28,26.94
2020-05-29,16.71
2020-05-30,28.1
2020-05-31,21.22
2020-06-01,15.68
2020-06-02,9.91
2020-06-03,17.94
2020-06-04,19.14
2020-06-05,29.71
2020-06-06,21.66
2020-06-07,29.69
2020-06-08,31.14
2020-06-09,31.84
2020-06-10,32.55
2020-06-11,37.71
2020-06-12,37.67
2020-06-13,22.75
2020-06-14,21.33
2020-06-15,24.66
2020-06-16,21.06
2020-06-17,17.05
2020-06-18,21.16
2020-06-19,14.41
2020-06-20,26.67
2020-06-21,25.96
2020-06-22,33.17
2020-06-23,25.4
2020-06-24,34.36
2020-06-25,13.45
2020-06-26,7.63
2020-06-27,15.02
2020-06-28,24.38
2020-06-29,22.91
2020-06-30,16.64
2020-07-01,15.0
